noise,total_experiments_used,parameter,name,estimate,true_value,relative_error,rms_normalized_parameter_error,cumulative_information
1e-05,10,p1,A1,333.5315619493129,15672.02,-0.9787180234616015,0.12465103122319975,46.54312935013217
1e-05,10,p2,E1,832.9986408555458,3453.38,-0.7587874369876625,0.12465103122319975,46.54312935013217
1e-05,10,p3,"K_ads,1",8.474514433292672,30.836,-0.7251746519233145,0.12465103122319975,46.54312935013217
1e-05,10,p4,"K_ads,2",159.41050139554306,558.532,-0.7145902089843679,0.12465103122319975,46.54312935013217
1e-05,10,p5,A2,0.20857245601504074,0.7439,-0.7196229923174611,0.12465103122319975,46.54312935013217
1e-05,10,p6,E2,53612.97138779119,40000.0,0.3403242846947798,0.12465103122319975,46.54312935013217
1e-05,10,p7,"K_ads,3",22341.31210070585,17197.0,0.29914008842855444,0.12465103122319975,46.54312935013217
1e-05,10,p8,"K_ads,4",126862.34307960213,124119.0,0.02210252322047493,0.12465103122319975,46.54312935013217
1e-05,10,p9,Inhibition / adsorption,93057.81585814117,98084.0,-0.051243670138440826,0.12465103122319975,46.54312935013217
1e-05,14,p1,A1,1550.4835562338417,15672.02,-0.9010667701908343,0.08751232695387177,48.20221529809964
1e-05,14,p2,E1,1431.3253543764888,3453.38,-0.5855291469874474,0.08751232695387177,48.20221529809964
1e-05,14,p3,"K_ads,1",14.261928820461119,30.836,-0.5374909579562486,0.08751232695387177,48.20221529809964
1e-05,14,p4,"K_ads,2",264.3210085420407,558.532,-0.5267576279567855,0.08751232695387177,48.20221529809964
1e-05,14,p5,A2,0.34776127099953275,0.7439,-0.5325161029714576,0.08751232695387177,48.20221529809964
1e-05,14,p6,E2,55306.523393293166,40000.0,0.38266308483232914,0.08751232695387177,48.20221529809964
1e-05,14,p7,"K_ads,3",22862.691679307325,17197.0,0.3294581426590292,0.08751232695387177,48.20221529809964
1e-05,14,p8,"K_ads,4",128108.5821721744,124119.0,0.032143202669812035,0.08751232695387177,48.20221529809964
1e-05,14,p9,Inhibition / adsorption,92613.64434502207,98084.0,-0.05577215096221536,0.08751232695387177,48.20221529809964
1e-05,18,p1,A1,1079.038786651754,15672.02,-0.9311487104628661,0.09882884208128391,52.217372235055755
1e-05,18,p2,E1,1256.278238575146,3453.38,-0.6362177812533963,0.09882884208128391,52.217372235055755
1e-05,18,p3,"K_ads,1",12.654101497411856,30.836,-0.5896321994612836,0.09882884208128391,52.217372235055755
1e-05,18,p4,"K_ads,2",234.2281268083285,558.532,-0.5806361554784175,0.09882884208128391,52.217372235055755
1e-05,18,p5,A2,0.3104841775314457,0.7439,-0.5826264584871008,0.09882884208128391,52.217372235055755
1e-05,18,p6,E2,56642.65223545024,40000.0,0.4160663058862559,0.09882884208128391,52.217372235055755
1e-05,18,p7,"K_ads,3",23499.522243546213,17197.0,0.3664896344447411,0.09882884208128391,52.217372235055755
1e-05,18,p8,"K_ads,4",128284.51869831071,124119.0,0.03356068529645512,0.09882884208128391,52.217372235055755
1e-05,18,p9,Inhibition / adsorption,91696.42614161152,98084.0,-0.0651235049385066,0.09882884208128391,52.217372235055755
1e-05,22,p1,A1,1948.942747835105,15672.02,-0.875641892504278,0.06360535397732621,53.612507727243475
1e-05,22,p2,E1,1674.0220612712178,3453.38,-0.515251127512403,0.06360535397732621,53.612507727243475
1e-05,22,p3,"K_ads,1",15.23795306272699,30.836,-0.5058388551457066,0.06360535397732621,53.612507727243475
1e-05,22,p4,"K_ads,2",284.51732874289655,558.532,-0.49059798052233977,0.06360535397732621,53.612507727243475
1e-05,22,p5,A2,0.3759558756271342,0.7439,-0.49461503478003205,0.06360535397732621,53.612507727243475
1e-05,22,p6,E2,44234.89108947789,40000.0,0.10587227723694723,0.06360535397732621,53.612507727243475
1e-05,22,p7,"K_ads,3",18583.10310192466,17197.0,0.08060144803888226,0.06360535397732621,53.612507727243475
1e-05,22,p8,"K_ads,4",124712.22249633899,124119.0,0.004779465644574875,0.06360535397732621,53.612507727243475
1e-05,22,p9,Inhibition / adsorption,96093.44420533626,98084.0,-0.020294398624278596,0.06360535397732621,53.612507727243475
1e-05,26,p1,A1,433.04547248132377,15672.02,-0.9723682414595359,0.10718796340773196,54.58402789788381
1e-05,26,p2,E1,999.9861232099684,3453.38,-0.7104326418726093,0.10718796340773196,54.58402789788381
1e-05,26,p3,"K_ads,1",9.127174814453037,30.836,-0.7040091187426049,0.10718796340773196,54.58402789788381
1e-05,26,p4,"K_ads,2",173.4816280454439,558.532,-0.6893971553188646,0.10718796340773196,54.58402789788381
1e-05,26,p5,A2,0.22767456607445888,0.7439,-0.6939446618168317,0.10718796340773196,54.58402789788381
1e-05,26,p6,E2,44137.188222447825,40000.0,0.10342970556119563,0.10718796340773196,54.58402789788381
1e-05,26,p7,"K_ads,3",18450.678267158404,17197.0,0.07290098663478538,0.10718796340773196,54.58402789788381
1e-05,26,p8,"K_ads,4",124371.0835165857,124119.0,0.0020309824973267494,0.10718796340773196,54.58402789788381
1e-05,26,p9,Inhibition / adsorption,95920.77541358194,98084.0,-0.022054816141450783,0.10718796340773196,54.58402789788381
1e-05,30,p1,A1,550.6141118111512,15672.02,-0.9648664236128367,0.1037781150512822,55.55146759923275
1e-05,30,p2,E1,1066.4759923640609,3453.38,-0.6911790789417728,0.1037781150512822,55.55146759923275
1e-05,30,p3,"K_ads,1",9.97700328574449,30.836,-0.6764494978030715,0.1037781150512822,55.55146759923275
1e-05,30,p4,"K_ads,2",186.04967552057238,558.532,-0.6668952261990856,0.1037781150512822,55.55146759923275
1e-05,30,p5,A2,0.24417259211973433,0.7439,-0.6717669147469629,0.1037781150512822,55.55146759923275
1e-05,30,p6,E2,48139.05850965743,40000.0,0.20347646274143572,0.1037781150512822,55.55146759923275
1e-05,30,p7,"K_ads,3",20150.414192843848,17197.0,0.17174008215641376,0.1037781150512822,55.55146759923275
1e-05,30,p8,"K_ads,4",126201.56877885315,124119.0,0.01677880726442487,0.1037781150512822,55.55146759923275
1e-05,30,p9,Inhibition / adsorption,95218.07240996395,98084.0,-0.0292191141270345,0.1037781150512822,55.55146759923275
1e-05,34,p1,A1,1364.2339979076357,15672.02,-0.9129509790117908,0.07541948067458738,56.009016895751024
1e-05,34,p2,E1,1475.6366692496927,3453.38,-0.5726978585473673,0.07541948067458738,56.009016895751024
1e-05,34,p3,"K_ads,1",13.569080733208905,30.836,-0.5599597634839504,0.07541948067458738,56.009016895751024
1e-05,34,p4,"K_ads,2",250.1677907267517,558.532,-0.5520976582778575,0.07541948067458738,56.009016895751024
1e-05,34,p5,A2,0.3301523284719795,0.7439,-0.5561872180777262,0.07541948067458738,56.009016895751024
1e-05,34,p6,E2,45669.73555660043,40000.0,0.14174338891501084,0.07541948067458738,56.009016895751024
1e-05,34,p7,"K_ads,3",19208.49663329726,17197.0,0.11696788005450147,0.07541948067458738,56.009016895751024
1e-05,34,p8,"K_ads,4",125782.1499827714,124119.0,0.013399640528616889,0.07541948067458738,56.009016895751024
1e-05,34,p9,Inhibition / adsorption,96096.31668759904,98084.0,-0.020265112683016163,0.07541948067458738,56.009016895751024
1e-05,38,p1,A1,713.982153542576,15672.02,-0.9544422382346005,0.09166958506561253,56.72672949193845
1e-05,38,p2,E1,1209.1602053188456,3453.38,-0.6498618149989733,0.09166958506561253,56.72672949193845
1e-05,38,p3,"K_ads,1",10.832474193089181,30.836,-0.648706894762966,0.09166958506561253,56.72672949193845
1e-05,38,p4,"K_ads,2",202.0064265261452,558.532,-0.6383261361459233,0.09166958506561253,56.72672949193845
1e-05,38,p5,A2,0.26632130133952137,0.7439,-0.6419931424391432,0.09166958506561253,56.72672949193845
1e-05,38,p6,E2,42458.06826295486,40000.0,0.06145170657387152,0.09166958506561253,56.72672949193845
1e-05,38,p7,"K_ads,3",17779.25424633661,17197.0,0.03385789651314832,0.09166958506561253,56.72672949193845
1e-05,38,p8,"K_ads,4",124918.40916181747,124119.0,0.006440667116375991,0.09166958506561253,56.72672949193845
1e-05,38,p9,Inhibition / adsorption,97110.95429715923,98084.0,-0.009920534468830483,0.09166958506561253,56.72672949193845
1e-05,42,p1,A1,1763.0241025124046,15672.02,-0.8875049864336311,0.06800086364468531,57.418874761910885
1e-05,42,p2,E1,1597.5891157045219,3453.38,-0.5373839207661706,0.06800086364468531,57.418874761910885
1e-05,42,p3,"K_ads,1",14.795123491142647,30.836,-0.5201996532902242,0.06800086364468531,57.418874761910885
1e-05,42,p4,"K_ads,2",273.64974422990025,558.532,-0.5100553876413523,0.06800086364468531,57.418874761910885
1e-05,42,p5,A2,0.35802800240002525,0.7439,-0.5187148778061228,0.06800086364468531,57.418874761910885
1e-05,42,p6,E2,45373.5241595959,40000.0,0.13433810398989754,0.06800086364468531,57.418874761910885
1e-05,42,p7,"K_ads,3",19174.753807531368,17197.0,0.1150057456260608,0.06800086364468531,57.418874761910885
1e-05,42,p8,"K_ads,4",125280.8142502974,124119.0,0.009360486712730471,0.06800086364468531,57.418874761910885
1e-05,42,p9,Inhibition / adsorption,96512.53044928968,98084.0,-0.016021670718061223,0.06800086364468531,57.418874761910885
1e-05,46,p1,A1,658.7487984383075,15672.02,-0.9579665672683989,0.10974416109220302,57.88905193329667
1e-05,46,p2,E1,1101.9049974246766,3453.38,-0.6809198531801666,0.10974416109220302,57.88905193329667
1e-05,46,p3,"K_ads,1",10.681057853570483,30.836,-0.6536172702824464,0.10974416109220302,57.88905193329667
1e-05,46,p4,"K_ads,2",197.36567932158323,558.532,-0.6466349657287618,0.10974416109220302,57.88905193329667
1e-05,46,p5,A2,0.25924647399920536,0.7439,-0.6515035972587642,0.10974416109220302,57.88905193329667
1e-05,46,p6,E2,55659.878935242,40000.0,0.39149697338105,0.10974416109220302,57.88905193329667
1e-05,46,p7,"K_ads,3",23441.641082757807,17197.0,0.3631238636249234,0.10974416109220302,57.88905193329667
1e-05,46,p8,"K_ads,4",128639.0149294889,124119.0,0.0364167849361411,0.10974416109220302,57.88905193329667
1e-05,46,p9,Inhibition / adsorption,92909.77049112227,98084.0,-0.0527530434003276,0.10974416109220302,57.88905193329667
1e-05,50,p1,A1,788.3957460867132,15672.02,-0.9496940569188456,0.08852620829001963,58.31830144165175
1e-05,50,p2,E1,1256.9584312881116,3453.38,-0.6360208169132526,0.08852620829001963,58.31830144165175
1e-05,50,p3,"K_ads,1",11.204032608979825,30.836,-0.6366573936639051,0.08852620829001963,58.31830144165175
1e-05,50,p4,"K_ads,2",208.5175787601739,558.532,-0.6266685189744295,0.08852620829001963,58.31830144165175
1e-05,50,p5,A2,0.2744614521485919,0.7439,-0.6310506087530691,0.08852620829001963,58.31830144165175
1e-05,50,p6,E2,41800.16761686617,40000.0,0.045004190421654315,0.08852620829001963,58.31830144165175
1e-05,50,p7,"K_ads,3",17573.01282118527,17197.0,0.021865024201039227,0.08852620829001963,58.31830144165175
1e-05,50,p8,"K_ads,4",124722.67227885565,124119.0,0.00486365728740685,0.08852620829001963,58.31830144165175
1e-05,50,p9,Inhibition / adsorption,97711.96361326585,98084.0,-0.003793038484708527,0.08852620829001963,58.31830144165175
1e-05,54,p1,A1,434.642376125829,15672.02,-0.9722663462574813,0.10674096465621496,58.71888845091333
1e-05,54,p2,E1,1011.1838840977723,3453.38,-0.7071900908391858,0.10674096465621496,58.71888845091333
1e-05,54,p3,"K_ads,1",9.168716935349781,30.836,-0.7026619232277279,0.10674096465621496,58.71888845091333
1e-05,54,p4,"K_ads,2",171.38716752930588,558.532,-0.6931470935786922,0.10674096465621496,58.71888845091333
1e-05,54,p5,A2,0.22512172443473363,0.7439,-0.697376361829905,0.10674096465621496,58.71888845091333
1e-05,54,p6,E2,43367.61334193205,40000.0,0.08419033354830117,0.10674096465621496,58.71888845091333
1e-05,54,p7,"K_ads,3",18162.461870867784,17197.0,0.05614129620676772,0.10674096465621496,58.71888845091333
1e-05,54,p8,"K_ads,4",125075.93170115717,124119.0,0.007709792224858155,0.10674096465621496,58.71888845091333
1e-05,54,p9,Inhibition / adsorption,97194.35242637146,98084.0,-0.00907026195534986,0.10674096465621496,58.71888845091333
1e-05,58,p1,A1,1014.9118586878549,15672.02,-0.9352405204505958,0.08113023966962393,59.25142247053673
1e-05,58,p2,E1,1357.2986971413952,3453.38,-0.6069651480169008,0.08113023966962393,59.25142247053673
1e-05,58,p3,"K_ads,1",12.231627635153695,30.836,-0.6033328695306235,0.08113023966962393,59.25142247053673
1e-05,58,p4,"K_ads,2",226.7311617731852,558.532,-0.5940587794912643,0.08113023966962393,59.25142247053673
1e-05,58,p5,A2,0.2981270618580318,0.7439,-0.5992377176259823,0.08113023966962393,59.25142247053673
1e-05,58,p6,E2,41701.43072540596,40000.0,0.04253576813514901,0.08113023966962393,59.25142247053673
1e-05,58,p7,"K_ads,3",17532.423798388863,17197.0,0.019504785624752188,0.08113023966962393,59.25142247053673
1e-05,58,p8,"K_ads,4",124706.60032954851,124119.0,0.00473416905992244,0.08113023966962393,59.25142247053673
1e-05,58,p9,Inhibition / adsorption,97863.51773545514,98084.0,-0.002247892261172653,0.08113023966962393,59.25142247053673
1e-05,62,p1,A1,1443.4042791255813,15672.02,-0.9078992829816717,0.0730952057885419,59.651843524683564
1e-05,62,p2,E1,1505.1719044043869,3453.38,-0.56414529984989,0.0730952057885419,59.651843524683564
1e-05,62,p3,"K_ads,1",13.847879805375666,30.836,-0.5509184133682816,0.0730952057885419,59.651843524683564
1e-05,62,p4,"K_ads,2",254.29674760159364,558.532,-0.5447051420480946,0.0730952057885419,59.651843524683564
1e-05,62,p5,A2,0.3365812131160903,0.7439,-0.5475450825163459,0.0730952057885419,59.651843524683564
1e-05,62,p6,E2,44901.20576240986,40000.0,0.1225301440602465,0.0730952057885419,59.651843524683564
1e-05,62,p7,"K_ads,3",18967.049446386645,17197.0,0.1029278040580709,0.0730952057885419,59.651843524683564
1e-05,62,p8,"K_ads,4",125693.35264232056,124119.0,0.012684219517725427,0.0730952057885419,59.651843524683564
1e-05,62,p9,Inhibition / adsorption,96503.14655396953,98084.0,-0.01611734274734376,0.0730952057885419,59.651843524683564
1e-05,66,p1,A1,547.9030064758321,15672.02,-0.9650394137784516,0.10151487743994687,59.96146165912286
1e-05,66,p2,E1,1080.63197986577,3453.38,-0.6870799101559139,0.10151487743994687,59.96146165912286
1e-05,66,p3,"K_ads,1",9.960862721731658,30.836,-0.6769729302850026,0.10151487743994687,59.96146165912286
1e-05,66,p4,"K_ads,2",184.6624778693803,558.532,-0.6693788755713544,0.10151487743994687,59.96146165912286
1e-05,66,p5,A2,0.24358013905096146,0.7439,-0.6725633296801163,0.10151487743994687,59.96146165912286
1e-05,66,p6,E2,45595.330555969784,40000.0,0.1398832638992446,0.10151487743994687,59.96146165912286
1e-05,66,p7,"K_ads,3",19168.974561766903,17197.0,0.11466968434999728,0.10151487743994687,59.96146165912286
1e-05,66,p8,"K_ads,4",125685.86956246552,124119.0,0.012623929958068651,0.10151487743994687,59.96146165912286
1e-05,66,p9,Inhibition / adsorption,96455.20427560742,98084.0,-0.01660613070829674,0.10151487743994687,59.96146165912286
1e-05,70,p1,A1,1024.3908201408544,15672.02,-0.9346356870307175,0.08192416854774927,60.193441212820815
1e-05,70,p2,E1,1344.414016596826,3453.38,-0.610696182697292,0.08192416854774927,60.193441212820815
1e-05,70,p3,"K_ads,1",12.278646159405017,30.836,-0.6018080762937794,0.08192416854774927,60.193441212820815
1e-05,70,p4,"K_ads,2",228.01991050187647,558.532,-0.591751393829044,0.08192416854774927,60.193441212820815
1e-05,70,p5,A2,0.30056501483630854,0.7439,-0.5959604586149906,0.08192416854774927,60.193441212820815
1e-05,70,p6,E2,43820.74018798824,40000.0,0.09551850469970595,0.08192416854774927,60.193441212820815
1e-05,70,p7,"K_ads,3",18364.640626125627,17197.0,0.06789792557571826,0.08192416854774927,60.193441212820815
1e-05,70,p8,"K_ads,4",125199.41941049433,124119.0,0.008704706052210628,0.08192416854774927,60.193441212820815
1e-05,70,p9,Inhibition / adsorption,96846.18471025144,98084.0,-0.012619951161744587,0.08192416854774927,60.193441212820815
1e-05,74,p1,A1,1202.678665743289,15672.02,-0.9232594990471369,0.08470974132931598,60.552974503678264
1e-05,74,p2,E1,1380.0003965416083,3453.38,-0.6003913856738592,0.08470974132931598,60.552974503678264
1e-05,74,p3,"K_ads,1",13.067594458577274,30.836,-0.5762227766708627,0.08470974132931598,60.552974503678264
1e-05,74,p4,"K_ads,2",240.10728598869426,558.532,-0.5701100635439076,0.08470974132931598,60.552974503678264
1e-05,74,p5,A2,0.3158068021963765,0.7439,-0.5754714313800557,0.08470974132931598,60.552974503678264
1e-05,74,p6,E2,49790.94251483758,40000.0,0.24477356287093954,0.08470974132931598,60.552974503678264
1e-05,74,p7,"K_ads,3",21031.730247073905,17197.0,0.22298832628213672,0.08470974132931598,60.552974503678264
1e-05,74,p8,"K_ads,4",126904.19553955118,124119.0,0.02243971945915755,0.08470974132931598,60.552974503678264
1e-05,74,p9,Inhibition / adsorption,95104.08611748577,98084.0,-0.030381243449637343,0.08470974132931598,60.552974503678264
1e-05,78,p1,A1,1863.231250122933,15672.02,-0.8811109703712136,0.08646071580611764,60.97379680619987
1e-05,78,p2,E1,1555.599870187178,3453.38,-0.5495428043866653,0.08646071580611764,60.97379680619987
1e-05,78,p3,"K_ads,1",15.253200519060579,30.836,-0.5053443858133163,0.08646071580611764,60.97379680619987
1e-05,78,p4,"K_ads,2",276.45046374091606,558.532,-0.5050409578306775,0.08646071580611764,60.97379680619987
1e-05,78,p5,A2,0.36432343501547637,0.7439,-0.5102521373632526,0.08646071580611764,60.97379680619987
1e-05,78,p6,E2,56345.99092800751,40000.0,0.4086497732001877,0.08646071580611764,60.97379680619987
1e-05,78,p7,"K_ads,3",23774.214789549325,17197.0,0.382462917343102,0.08646071580611764,60.97379680619987
1e-05,78,p8,"K_ads,4",128794.7094707411,124119.0,0.037671182258486625,0.08646071580611764,60.97379680619987
1e-05,78,p9,Inhibition / adsorption,93129.69050896235,98084.0,-0.05051088343703002,0.08646071580611764,60.97379680619987
1e-05,82,p1,A1,1552.245713633947,15672.02,-0.9009543304798011,0.09113876315229286,61.18382420996756
1e-05,82,p2,E1,1458.8571558844728,3453.38,-0.5775567253286714,0.09113876315229286,61.18382420996756
1e-05,82,p3,"K_ads,1",14.348519408319651,30.836,-0.5346828574289904,0.09113876315229286,61.18382420996756
1e-05,82,p4,"K_ads,2",260.09076775326366,558.532,-0.5343314836871234,0.09113876315229286,61.18382420996756
1e-05,82,p5,A2,0.3426079574979745,0.7439,-0.5394435307192169,0.09113876315229286,61.18382420996756
1e-05,82,p6,E2,56608.75634285877,40000.0,0.4152189085714692,0.09113876315229286,61.18382420996756
1e-05,82,p7,"K_ads,3",23924.169720990158,17197.0,0.3911827482113251,0.09113876315229286,61.18382420996756
1e-05,82,p8,"K_ads,4",128719.85926451896,124119.0,0.037068130298495504,0.09113876315229286,61.18382420996756
1e-05,82,p9,Inhibition / adsorption,93048.78071271114,98084.0,-0.05133578654305346,0.09113876315229286,61.18382420996756
1e-05,86,p1,A1,858.9023348833789,15672.02,-0.9451951736353463,0.08653639965973185,61.41946207302879
1e-05,86,p2,E1,1279.436472131953,3453.38,-0.629511819686234,0.08653639965973185,61.41946207302879
1e-05,86,p3,"K_ads,1",11.559433943143201,30.836,-0.6251318607101051,0.08653639965973185,61.41946207302879
1e-05,86,p4,"K_ads,2",214.14681946341415,558.532,-0.6165898830086475,0.08653639965973185,61.41946207302879
1e-05,86,p5,A2,0.28265563991492254,0.7439,-0.6200354349846451,0.08653639965973185,61.41946207302879
1e-05,86,p6,E2,42853.33370084791,40000.0,0.07133334252119766,0.08653639965973185,61.41946207302879
1e-05,86,p7,"K_ads,3",18090.380835478678,17197.0,0.051949807261654816,0.08653639965973185,61.41946207302879
1e-05,86,p8,"K_ads,4",124835.17415306112,124119.0,0.005770060611680065,0.08653639965973185,61.41946207302879
1e-05,86,p9,Inhibition / adsorption,97266.34160543571,98084.0,-0.008336307599244447,0.08653639965973185,61.41946207302879
1e-05,90,p1,A1,2551.4063685615897,15672.02,-0.8371999034864944,0.05399127528657947,61.62545816861324
1e-05,90,p2,E1,1864.6423221948517,3453.38,-0.4600529561777587,0.05399127528657947,61.62545816861324
1e-05,90,p3,"K_ads,1",16.732890838854388,30.836,-0.45735857961945814,0.05399127528657947,61.62545816861324
1e-05,90,p4,"K_ads,2",306.0413501578271,558.532,-0.45206120659545546,0.05399127528657947,61.62545816861324
1e-05,90,p5,A2,0.4066357824473908,0.7439,-0.4533730576053357,0.05399127528657947,61.62545816861324
1e-05,90,p6,E2,41599.008031490775,40000.0,0.039975200787269384,0.05399127528657947,61.62545816861324
1e-05,90,p7,"K_ads,3",17727.608426823685,17197.0,0.030854708776163548,0.05399127528657947,61.62545816861324
1e-05,90,p8,"K_ads,4",124566.90795682913,124119.0,0.0036086977564203262,0.05399127528657947,61.62545816861324
1e-05,90,p9,Inhibition / adsorption,97551.65135291906,98084.0,-0.005427476928764568,0.05399127528657947,61.62545816861324
1e-05,94,p1,A1,719.1797360741315,15672.02,-0.9541105909720552,0.09621011766624006,61.747628292700924
1e-05,94,p2,E1,1160.1718066454687,3453.38,-0.6640474530328349,0.09621011766624006,61.747628292700924
1e-05,94,p3,"K_ads,1",11.06286957654777,30.836,-0.6412352582517911,0.09621011766624006,61.747628292700924
1e-05,94,p4,"K_ads,2",200.35534452402,558.532,-0.641282246095085,0.09621011766624006,61.747628292700924
1e-05,94,p5,A2,0.27134744789744736,0.7439,-0.635236660979369,0.09621011766624006,61.747628292700924
1e-05,94,p6,E2,47232.941456537046,40000.0,0.18082353641342616,0.09621011766624006,61.747628292700924
1e-05,94,p7,"K_ads,3",20524.738216206973,17197.0,0.19350690330912215,0.09621011766624006,61.747628292700924
1e-05,94,p8,"K_ads,4",125121.60697312724,124119.0,0.008077788035089259,0.09621011766624006,61.747628292700924
1e-05,94,p9,Inhibition / adsorption,94428.55264625813,98084.0,-0.037268538739670766,0.09621011766624006,61.747628292700924
1e-05,98,p1,A1,275.29037014235814,15672.02,-0.9824342764913292,0.24377975633860652,61.9747814676255
1e-05,98,p2,E1,61.220780357383035,3453.38,-0.9822722143646564,0.24377975633860652,61.9747814676255
1e-05,98,p3,"K_ads,1",71.10422613861495,30.836,1.30588358213176,0.24377975633860652,61.9747814676255
1e-05,98,p4,"K_ads,2",149.96176572604122,558.532,-0.7315072981923306,0.24377975633860652,61.9747814676255
1e-05,98,p5,A2,5.238788475609836,0.7439,6.04232890927522,0.24377975633860652,61.9747814676255
1e-05,98,p6,E2,39628.180273951046,40000.0,-0.009295493151223855,0.24377975633860652,61.9747814676255
1e-05,98,p7,"K_ads,3",31517.35583849248,17197.0,0.832724070389747,0.24377975633860652,61.9747814676255
1e-05,98,p8,"K_ads,4",47338.66476887119,124119.0,-0.6186025929239586,0.24377975633860652,61.9747814676255
1e-05,98,p9,Inhibition / adsorption,38819.86330149622,98084.0,-0.6042181874567083,0.24377975633860652,61.9747814676255
1e-05,102,p1,A1,783.3631905433284,15672.02,-0.950015174141985,0.0888188800205137,62.267776688182046
1e-05,102,p2,E1,1246.7828901133307,3453.38,-0.6389673623773432,0.0888188800205137,62.267776688182046
1e-05,102,p3,"K_ads,1",11.212101056353177,30.836,-0.6363957369194067,0.0888188800205137,62.267776688182046
1e-05,102,p4,"K_ads,2",207.32822533168638,558.532,-0.628797946524664,0.0888188800205137,62.267776688182046
1e-05,102,p5,A2,0.2737648505350785,0.7439,-0.6319870271070326,0.0888188800205137,62.267776688182046
1e-05,102,p6,E2,41800.34943832498,40000.0,0.045008735958124456,0.0888188800205137,62.267776688182046
1e-05,102,p7,"K_ads,3",17734.642716400125,17197.0,0.031263750444852315,0.0888188800205137,62.267776688182046
1e-05,102,p8,"K_ads,4",124524.69267166688,124119.0,0.0032685783132871053,0.0888188800205137,62.267776688182046
1e-05,102,p9,Inhibition / adsorption,97716.8578490198,98084.0,-0.0037431400736124354,0.0888188800205137,62.267776688182046
1e-05,106,p1,A1,3220.9516953640136,15672.02,-0.7944775660467499,0.04692746619860245,62.43100736593671
1e-05,106,p2,E1,2023.5397540078186,3453.38,-0.4140408081335334,0.04692746619860245,62.43100736593671
1e-05,106,p3,"K_ads,1",18.136534739978835,30.836,-0.41183893047156456,0.04692746619860245,62.43100736593671
1e-05,106,p4,"K_ads,2",329.87660299994565,558.532,-0.40938638609793954,0.04692746619860245,62.43100736593671
1e-05,106,p5,A2,0.4388483892533564,0.7439,-0.41007072287490737,0.04692746619860245,62.43100736593671
1e-05,106,p6,E2,41032.11137249234,40000.0,0.02580278431230854,0.04692746619860245,62.43100736593671
1e-05,106,p7,"K_ads,3",17591.723916328196,17197.0,0.022953068344955262,0.04692746619860245,62.43100736593671
1e-05,106,p8,"K_ads,4",124527.49371358167,124119.0,0.0032911457035721577,0.04692746619860245,62.43100736593671
1e-05,106,p9,Inhibition / adsorption,97900.51252001405,98084.0,-0.0018707177519876183,0.04692746619860245,62.43100736593671
1e-05,110,p1,A1,282.632509505797,15672.02,-0.9819657893809607,0.12357549380334988,62.65759907231222
1e-05,110,p2,E1,837.3433339809906,3453.38,-0.7575293382190808,0.12357549380334988,62.65759907231222
1e-05,110,p3,"K_ads,1",7.924756904386866,30.836,-0.7430030839153305,0.12357549380334988,62.65759907231222
1e-05,110,p4,"K_ads,2",150.22038633573575,558.532,-0.7310442618583435,0.12357549380334988,62.65759907231222
1e-05,110,p5,A2,0.19470654229888662,0.7439,-0.7382624784260161,0.12357549380334988,62.65759907231222
1e-05,110,p6,E2,49069.5782331877,40000.0,0.22673945582969246,0.12357549380334988,62.65759907231222
1e-05,110,p7,"K_ads,3",20358.11556275022,17197.0,0.18381784978485896,0.12357549380334988,62.65759907231222
1e-05,110,p8,"K_ads,4",125952.14312045337,124119.0,0.014769238556976554,0.12357549380334988,62.65759907231222
1e-05,110,p9,Inhibition / adsorption,95630.77514381708,98084.0,-0.02501146829434891,0.12357549380334988,62.65759907231222
1e-05,114,p1,A1,1400.3179007525127,15672.02,-0.9106485379196484,0.07246346673081162,62.7947103835315
1e-05,114,p2,E1,1506.5430611681252,3453.38,-0.5637482520984876,0.07246346673081162,62.7947103835315
1e-05,114,p3,"K_ads,1",13.715493476442578,30.836,-0.5552116527291938,0.07246346673081162,62.7947103835315
1e-05,114,p4,"K_ads,2",250.56479968298245,558.532,-0.5513868503810303,0.07246346673081162,62.7947103835315
1e-05,114,p5,A2,0.33243351254991527,0.7439,-0.5531206982794525,0.07246346673081162,62.7947103835315
1e-05,114,p6,E2,42989.32923247949,40000.0,0.07473323081198724,0.07246346673081162,62.7947103835315
1e-05,114,p7,"K_ads,3",18352.700982066508,17197.0,0.06720363912697029,0.07246346673081162,62.7947103835315
1e-05,114,p8,"K_ads,4",124958.03203248857,124119.0,0.0067599000353577516,0.07246346673081162,62.7947103835315
1e-05,114,p9,Inhibition / adsorption,97225.1911400785,98084.0,-0.008755850698600149,0.07246346673081162,62.7947103835315
1e-05,118,p1,A1,1694.7477981874745,15672.02,-0.8918615597614428,0.08079566322097441,63.00431162464554
1e-05,118,p2,E1,1535.2848134474157,3453.38,-0.5554254633294292,0.08079566322097441,63.00431162464554
1e-05,118,p3,"K_ads,1",14.801387239165093,30.836,-0.5199965222738002,0.08079566322097441,63.00431162464554
1e-05,118,p4,"K_ads,2",266.379486084526,558.532,-0.5230721138904737,0.08079566322097441,63.00431162464554
1e-05,118,p5,A2,0.3534370274061466,0.7439,-0.5248863726224673,0.08079566322097441,63.00431162464554
1e-05,118,p6,E2,52152.7605477943,40000.0,0.3038190136948575,0.08079566322097441,63.00431162464554
1e-05,118,p7,"K_ads,3",22356.328701482453,17197.0,0.30001329891739564,0.08079566322097441,63.00431162464554
1e-05,118,p8,"K_ads,4",127361.66337748652,124119.0,0.02612543911477307,0.08079566322097441,63.00431162464554
1e-05,118,p9,Inhibition / adsorption,94394.47278279008,98084.0,-0.03761599462919458,0.08079566322097441,63.00431162464554
1e-05,122,p1,A1,3405.983636435122,15672.02,-0.7826710509280156,0.052393612178993826,63.19700951864155
1e-05,122,p2,E1,1995.3129317387838,3453.38,-0.4222144879107472,0.052393612178993826,63.19700951864155
1e-05,122,p3,"K_ads,1",18.60069258577308,30.836,-0.3967864643347685,0.052393612178993826,63.19700951864155
1e-05,122,p4,"K_ads,2",337.28950823438896,558.532,-0.3961142634005054,0.052393612178993826,63.19700951864155
1e-05,122,p5,A2,0.4459743050502864,0.7439,-0.40049159154417746,0.052393612178993826,63.19700951864155
1e-05,122,p6,E2,46694.548979281375,40000.0,0.16736372448203438,0.052393612178993826,63.19700951864155
1e-05,122,p7,"K_ads,3",19867.01041079716,17197.0,0.15526024369350236,0.052393612178993826,63.19700951864155
1e-05,122,p8,"K_ads,4",126149.13826978776,124119.0,0.016356385966594608,0.052393612178993826,63.19700951864155
1e-05,122,p9,Inhibition / adsorption,96317.96071398538,98084.0,-0.01800537586165556,0.052393612178993826,63.19700951864155
1e-05,126,p1,A1,4164.560541311185,15672.02,-0.7342677879870505,0.039149660737227,63.35635589717811
1e-05,126,p2,E1,2207.7539640880996,3453.38,-0.3606976457591984,0.039149660737227,63.35635589717811
1e-05,126,p3,"K_ads,1",19.779100072701265,30.836,-0.35857114824551606,0.039149660737227,63.35635589717811
1e-05,126,p4,"K_ads,2",359.2931802177221,558.532,-0.3567187193970585,0.039149660737227,63.35635589717811
1e-05,126,p5,A2,0.47937584656989607,0.7439,-0.35559101146673466,0.039149660737227,63.35635589717811
1e-05,126,p6,E2,40351.34720480433,40000.0,0.00878368012010833,0.039149660737227,63.35635589717811
1e-05,126,p7,"K_ads,3",17317.020797129288,17197.0,0.006979170618671136,0.039149660737227,63.35635589717811
1e-05,126,p8,"K_ads,4",124302.83336812728,124119.0,0.0014811057785454117,0.039149660737227,63.35635589717811
1e-05,126,p9,Inhibition / adsorption,97866.95391322537,98084.0,-0.002212859250995368,0.039149660737227,63.35635589717811
1e-05,130,p1,A1,662.512298619522,15672.02,-0.95772642590939,0.10275808964318851,63.603714516586244
1e-05,130,p2,E1,1114.3645874661481,3453.38,-0.6773119125418726,0.10275808964318851,63.603714516586244
1e-05,130,p3,"K_ads,1",10.71540528623114,30.836,-0.65250339582854,0.10275808964318851,63.603714516586244
1e-05,130,p4,"K_ads,2",196.36086253229527,558.532,-0.6484339974570924,0.10275808964318851,63.603714516586244
1e-05,130,p5,A2,0.25850035080629796,0.7439,-0.6525065858229628,0.10275808964318851,63.603714516586244
1e-05,130,p6,E2,51027.62276485698,40000.0,0.2756905691214244,0.10275808964318851,63.603714516586244
1e-05,130,p7,"K_ads,3",21635.590910235213,17197.0,0.2581026289605869,0.10275808964318851,63.603714516586244
1e-05,130,p8,"K_ads,4",126948.44875878577,124119.0,0.022796258097356352,0.10275808964318851,63.603714516586244
1e-05,130,p9,Inhibition / adsorption,94672.19825087588,98084.0,-0.034784488286816594,0.10275808964318851,63.603714516586244
1e-05,134,p1,A1,422.63220407790755,15672.02,-0.9730326911222735,0.11081540278268091,63.68760502199671
1e-05,134,p2,E1,976.5057426953275,3453.38,-0.7172318879777703,0.11081540278268091,63.68760502199671
1e-05,134,p3,"K_ads,1",9.163807614748608,30.836,-0.7028211306671226,0.11081540278268091,63.68760502199671
1e-05,134,p4,"K_ads,2",169.0935898860924,558.532,-0.6972535326783562,0.11081540278268091,63.68760502199671
1e-05,134,p5,A2,0.2231749708595512,0.7439,-0.6999933178390225,0.11081540278268091,63.68760502199671
1e-05,134,p6,E2,47244.22055649106,40000.0,0.18110551391227656,0.11081540278268091,63.68760502199671
1e-05,134,p7,"K_ads,3",20146.99354088646,17197.0,0.17154117234904104,0.11081540278268091,63.68760502199671
1e-05,134,p8,"K_ads,4",125635.96762245231,124119.0,0.012221880795464947,0.11081540278268091,63.68760502199671
1e-05,134,p9,Inhibition / adsorption,95699.72413208772,98084.0,-0.024308509725462644,0.11081540278268091,63.68760502199671
1e-05,138,p1,A1,630.6208522737089,15672.02,-0.9597613548046959,0.10395930607354036,63.79174839119482
1e-05,138,p2,E1,1100.2403513011775,3453.38,-0.6814018870494479,0.10395930607354036,63.79174839119482
1e-05,138,p3,"K_ads,1",10.582678650784127,30.836,-0.6568076712030054,0.10395930607354036,63.79174839119482
1e-05,138,p4,"K_ads,2",191.8302481861449,558.532,-0.6565456443209254,0.10395930607354036,63.79174839119482
1e-05,138,p5,A2,0.256489648472169,0.7439,-0.6552095060193991,0.10395930607354036,63.79174839119482
1e-05,138,p6,E2,50686.514390379925,40000.0,0.2671628597594981,0.10395930607354036,63.79174839119482
1e-05,138,p7,"K_ads,3",21736.1292272439,17197.0,0.2639488996478397,0.10395930607354036,63.79174839119482
1e-05,138,p8,"K_ads,4",126699.98797849899,124119.0,0.020794463204658352,0.10395930607354036,63.79174839119482
1e-05,138,p9,Inhibition / adsorption,94292.13099019045,98084.0,-0.03865940428418044,0.10395930607354036,63.79174839119482
1e-05,142,p1,A1,1897.9246613241457,15672.02,-0.8788972537474975,0.06262468687862842,63.856042720225865
1e-05,142,p2,E1,1679.1225998593002,3453.38,-0.5137741575328229,0.06262468687862842,63.856042720225865
1e-05,142,p3,"K_ads,1",15.156253179000261,30.836,-0.508488351958741,0.06262468687862842,63.856042720225865
1e-05,142,p4,"K_ads,2",277.83503330080885,558.532,-0.5025620138133378,0.06262468687862842,63.856042720225865
1e-05,142,p5,A2,0.36868185487200605,0.7439,-0.5043932586745449,0.06262468687862842,63.856042720225865
1e-05,142,p6,E2,41393.44709273209,40000.0,0.03483617731830218,0.06262468687862842,63.856042720225865
1e-05,142,p7,"K_ads,3",17617.152217274514,17197.0,0.02443171583849006,0.06262468687862842,63.856042720225865
1e-05,142,p8,"K_ads,4",124477.53772700783,124119.0,0.002888661099491871,0.06262468687862842,63.856042720225865
1e-05,142,p9,Inhibition / adsorption,97571.63730546075,98084.0,-0.005223713292068494,0.06262468687862842,63.856042720225865
1e-05,146,p1,A1,1454.1254243676867,15672.02,-0.9072151883185647,0.07840918697012807,64.01917562076638
1e-05,146,p2,E1,1471.0520614491224,3453.38,-0.5740254297386553,0.07840918697012807,64.01917562076638
1e-05,146,p3,"K_ads,1",13.950938523360747,30.836,-0.5475762575119747,0.07840918697012807,64.01917562076638
1e-05,146,p4,"K_ads,2",255.02925884169477,558.532,-0.5433936482749516,0.07840918697012807,64.01917562076638
1e-05,146,p5,A2,0.33692609063389745,0.7439,-0.5470814751527121,0.07840918697012807,64.01917562076638
1e-05,146,p6,E2,48891.53011732913,40000.0,0.22228825293322824,0.07840918697012807,64.01917562076638
1e-05,146,p7,"K_ads,3",20730.78366909839,17197.0,0.2054883798975629,0.07840918697012807,64.01917562076638
1e-05,146,p8,"K_ads,4",126355.80121659835,124119.0,0.01802142473431427,0.07840918697012807,64.01917562076638
1e-05,146,p9,Inhibition / adsorption,95199.9667330908,98084.0,-0.029403707708792488,0.07840918697012807,64.01917562076638
1e-05,150,p1,A1,1424.7541799457751,15672.02,-0.90908930821006,0.0715773576794422,64.15059455688619
1e-05,150,p2,E1,1517.1008062949738,3453.38,-0.5606910313099127,0.0715773576794422,64.15059455688619
1e-05,150,p3,"K_ads,1",13.772915375372401,30.836,-0.5533494819246205,0.0715773576794422,64.15059455688619
1e-05,150,p4,"K_ads,2",252.48548511924116,558.532,-0.5479480403643101,0.0715773576794422,64.15059455688619
1e-05,150,p5,A2,0.3347749229124805,0.7439,-0.5499732182921353,0.0715773576794422,64.15059455688619
1e-05,150,p6,E2,42467.13751237604,40000.0,0.06167843780940093,0.0715773576794422,64.15059455688619
1e-05,150,p7,"K_ads,3",18069.59880947096,17197.0,0.05074133915630406,0.0715773576794422,64.15059455688619
1e-05,150,p8,"K_ads,4",124733.40506038413,124119.0,0.004950128992210149,0.0715773576794422,64.15059455688619
1e-05,150,p9,Inhibition / adsorption,97298.35066758578,98084.0,-0.008009964238960698,0.0715773576794422,64.15059455688619
1e-06,10,p1,A1,648.6044809612723,15672.02,-0.9586138557147533,0.10527747160342775,65.51697418291572
1e-06,10,p2,E1,1083.6879845329677,3453.38,-0.6861949786780002,0.10527747160342775,65.51697418291572
1e-06,10,p3,"K_ads,1",10.626591855918038,30.836,-0.6553835823090531,0.10527747160342775,65.51697418291572
1e-06,10,p4,"K_ads,2",195.2885257460152,558.532,-0.6503539175087278,0.10527747160342775,65.51697418291572
1e-06,10,p5,A2,0.2561055272715428,0.7439,-0.6557258673591305,0.10527747160342775,65.51697418291572
1e-06,10,p6,E2,52793.513822599256,40000.0,0.3198378455649814,0.10527747160342775,65.51697418291572
1e-06,10,p7,"K_ads,3",21904.228313997457,17197.0,0.27372380729182166,0.10527747160342775,65.51697418291572
1e-06,10,p8,"K_ads,4",127732.4519597545,124119.0,0.029112802711546988,0.10527747160342775,65.51697418291572
1e-06,10,p9,Inhibition / adsorption,94486.64109510584,98084.0,-0.03667630709284047,0.10527747160342775,65.51697418291572
1e-06,14,p1,A1,571.6369586768814,15672.02,-0.963524998138282,0.09829309169667431,68.39296775001847
1e-06,14,p2,E1,1076.5165195631903,3453.38,-0.6882716296604514,0.09829309169667431,68.39296775001847
1e-06,14,p3,"K_ads,1",10.130659861209892,30.836,-0.6714664722658615,0.09829309169667431,68.39296775001847
1e-06,14,p4,"K_ads,2",186.87805943338446,558.532,-0.6654120812533848,0.09829309169667431,68.39296775001847
1e-06,14,p5,A2,0.2467791878592268,0.7439,-0.6682629548874488,0.09829309169667431,68.39296775001847
1e-06,14,p6,E2,39632.383923684196,40000.0,-0.009190401907895102,0.09829309169667431,68.39296775001847
1e-06,14,p7,"K_ads,3",16741.230414838024,17197.0,-0.02650285428632759,0.09829309169667431,68.39296775001847
1e-06,14,p8,"K_ads,4",123629.3119496683,124119.0,-0.003945310954259165,0.09829309169667431,68.39296775001847
1e-06,14,p9,Inhibition / adsorption,98079.38849533824,98084.0,-4.701587070024999e-05,0.09829309169667431,68.39296775001847
1e-06,18,p1,A1,218.59298465271692,15672.02,-0.9860520223524015,0.24050949972632674,72.61204644745325
1e-06,18,p2,E1,62.90020035774573,3453.38,-0.981785902403516,0.24050949972632674,72.61204644745325
1e-06,18,p3,"K_ads,1",100.13829822841939,30.836,2.2474477308476906,0.24050949972632674,72.61204644745325
1e-06,18,p4,"K_ads,2",116.59066162593071,558.532,-0.7912551803192464,0.24050949972632674,72.61204644745325
1e-06,18,p5,A2,6.244886808602108,0.7439,7.394793397771351,0.24050949972632674,72.61204644745325
1e-06,18,p6,E2,38552.105235243136,40000.0,-0.036197369118921595,0.24050949972632674,72.61204644745325
1e-06,18,p7,"K_ads,3",33125.74159484988,17197.0,0.9262511830464547,0.24050949972632674,72.61204644745325
1e-06,18,p8,"K_ads,4",48437.19405551938,124119.0,-0.6097519795074131,0.24050949972632674,72.61204644745325
1e-06,18,p9,Inhibition / adsorption,45478.6007009711,98084.0,-0.5363300772707974,0.24050949972632674,72.61204644745325
1e-06,22,p1,A1,357.86218025684184,15672.02,-0.97716553576011,0.12443244937340037,74.19281927251438
1e-06,22,p2,E1,877.500416197073,3453.38,-0.7459009966476111,0.12443244937340037,74.19281927251438
1e-06,22,p3,"K_ads,1",8.678813024929953,30.836,-0.7185493246552747,0.12443244937340037,74.19281927251438
1e-06,22,p4,"K_ads,2",161.2805119815343,558.532,-0.7112421276103531,0.12443244937340037,74.19281927251438
1e-06,22,p5,A2,0.21080559978713873,0.7439,-0.7166210515027036,0.12443244937340037,74.19281927251438
1e-06,22,p6,E2,54797.861502796535,40000.0,0.36994653756991336,0.12443244937340037,74.19281927251438
1e-06,22,p7,"K_ads,3",23007.13927338641,17197.0,0.33785772363705346,0.12443244937340037,74.19281927251438
1e-06,22,p8,"K_ads,4",127537.82688100662,124119.0,0.02754475044921907,0.12443244937340037,74.19281927251438
1e-06,22,p9,Inhibition / adsorption,93232.74845289152,98084.0,-0.04946017237376613,0.12443244937340037,74.19281927251438
1e-06,26,p1,A1,805.1941178168331,15672.02,-0.9486221866857729,0.09466851077319417,75.18818788729078
1e-06,26,p2,E1,1202.01434183301,3453.38,-0.6519310525244804,0.09466851077319417,75.18818788729078
1e-06,26,p3,"K_ads,1",11.398925742083833,30.836,-0.6303370819145209,0.09466851077319417,75.18818788729078
1e-06,26,p4,"K_ads,2",210.10440401146252,558.532,-0.6238274548074909,0.09466851077319417,75.18818788729078
1e-06,26,p5,A2,0.27626479514107044,0.7439,-0.6286264348150686,0.09466851077319417,75.18818788729078
1e-06,26,p6,E2,48995.975681950455,40000.0,0.22489939204876136,0.09466851077319417,75.18818788729078
1e-06,26,p7,"K_ads,3",20816.529247436385,17197.0,0.21047445760518607,0.09466851077319417,75.18818788729078
1e-06,26,p8,"K_ads,4",126066.55564006665,124119.0,0.015691035539012188,0.09466851077319417,75.18818788729078
1e-06,26,p9,Inhibition / adsorption,95105.26691840802,98084.0,-0.030369204779494972,0.09466851077319417,75.18818788729078
1e-06,30,p1,A1,524.3857331848674,15672.02,-0.9665400035742128,0.10177432549867521,76.08047209101007
1e-06,30,p2,E1,1068.1046037437973,3453.38,-0.6907074797028426,0.10177432549867521,76.08047209101007
1e-06,30,p3,"K_ads,1",9.789389236238389,30.836,-0.6825337515813209,0.10177432549867521,76.08047209101007
1e-06,30,p4,"K_ads,2",182.1083442964724,558.532,-0.6739518160168577,0.10177432549867521,76.08047209101007
1e-06,30,p5,A2,0.23869325201842168,0.7439,-0.6791326091969059,0.10177432549867521,76.08047209101007
1e-06,30,p6,E2,44012.23091448123,40000.0,0.1003057728620308,0.10177432549867521,76.08047209101007
1e-06,30,p7,"K_ads,3",18607.27195289575,17197.0,0.08200685892282082,0.10177432549867521,76.08047209101007
1e-06,30,p8,"K_ads,4",124793.80902714064,124119.0,0.0054367907181063335,0.10177432549867521,76.08047209101007
1e-06,30,p9,Inhibition / adsorption,97039.00412813612,98084.0,-0.010654091104195188,0.10177432549867521,76.08047209101007
1e-06,34,p1,A1,624.7481306666189,15672.02,-0.9601360813305101,0.09607550285049789,76.65014188253595
1e-06,34,p2,E1,1140.7032188177757,3453.38,-0.6696849988076101,0.09607550285049789,76.65014188253595
1e-06,34,p3,"K_ads,1",10.376253943548507,30.836,-0.6635019476083635,0.09607550285049789,76.65014188253595
1e-06,34,p4,"K_ads,2",193.0773099674563,558.532,-0.6543128952907689,0.09607550285049789,76.65014188253595
1e-06,34,p5,A2,0.2532861327635593,0.7439,-0.659515885517463,0.09607550285049789,76.65014188253595
1e-06,34,p6,E2,43057.68808987694,40000.0,0.07644220224692344,0.09607550285049789,76.65014188253595
1e-06,34,p7,"K_ads,3",18224.70121619937,17197.0,0.05976049405125137,0.09607550285049789,76.65014188253595
1e-06,34,p8,"K_ads,4",124502.92307859399,124119.0,0.003093185399447201,0.09607550285049789,76.65014188253595
1e-06,34,p9,Inhibition / adsorption,97278.0948683272,98084.0,-0.00821647905543004,0.09607550285049789,76.65014188253595
1e-06,38,p1,A1,2463.5940690240213,15672.02,-0.8428030292825034,0.061665646083318794,77.28450427436145
1e-06,38,p2,E1,1776.2435656651328,3453.38,-0.4856507057824124,0.061665646083318794,77.28450427436145
1e-06,38,p3,"K_ads,1",16.67101874470816,30.836,-0.4593650685981268,0.061665646083318794,77.28450427436145
1e-06,38,p4,"K_ads,2",302.96611994648504,558.532,-0.4575671224809232,0.061665646083318794,77.28450427436145
1e-06,38,p5,A2,0.40115194935889337,0.7439,-0.46074479182834605,0.061665646083318794,77.28450427436145
1e-06,38,p6,E2,46965.41290959511,40000.0,0.17413532273987767,0.061665646083318794,77.28450427436145
1e-06,38,p7,"K_ads,3",20139.115887222117,17197.0,0.1710830893308203,0.061665646083318794,77.28450427436145
1e-06,38,p8,"K_ads,4",125646.71765291523,124119.0,0.012308491471210973,0.061665646083318794,77.28450427436145
1e-06,38,p9,Inhibition / adsorption,95778.57999327361,98084.0,-0.023504547191452105,0.061665646083318794,77.28450427436145
1e-06,42,p1,A1,1739.3241808840069,15672.02,-0.8890172306515685,0.06588573546546853,77.79115075705133
1e-06,42,p2,E1,1619.421861377857,3453.38,-0.5310617825498911,0.06588573546546853,77.79115075705133
1e-06,42,p3,"K_ads,1",14.72888956705863,30.836,-0.5223475947899004,0.06588573546546853,77.79115075705133
1e-06,42,p4,"K_ads,2",269.8912651066355,558.532,-0.5167845976476988,0.06588573546546853,77.79115075705133
1e-06,42,p5,A2,0.3572137500269526,0.7439,-0.5198094501586872,0.06588573546546853,77.79115075705133
1e-06,42,p6,E2,42573.23188475829,40000.0,0.06433079711895716,0.06588573546546853,77.79115075705133
1e-06,42,p7,"K_ads,3",18189.617474512845,17197.0,0.057720385794780754,0.06588573546546853,77.79115075705133
1e-06,42,p8,"K_ads,4",124533.78609579254,124119.0,0.003341842069244387,0.06588573546546853,77.79115075705133
1e-06,42,p9,Inhibition / adsorption,97272.17697165694,98084.0,-0.00827681404044554,0.06588573546546853,77.79115075705133
1e-06,46,p1,A1,892.6306671032396,15672.02,-0.9430430367557443,0.09441073371567162,78.24578178268042
1e-06,46,p2,E1,1235.304104068762,3453.38,-0.6422912902522276,0.09441073371567162,78.24578178268042
1e-06,46,p3,"K_ads,1",11.86796488692115,30.836,-0.6151263170670271,0.09441073371567162,78.24578178268042
1e-06,46,p4,"K_ads,2",216.51406394999412,558.532,-0.6123515502245277,0.09441073371567162,78.24578178268042
1e-06,46,p5,A2,0.28612982056989816,0.7439,-0.6153652096116439,0.09441073371567162,78.24578178268042
1e-06,46,p6,E2,50552.54694618177,40000.0,0.2638136736545443,0.09441073371567162,78.24578178268042
1e-06,46,p7,"K_ads,3",21658.87321226225,17197.0,0.25945648730954524,0.09441073371567162,78.24578178268042
1e-06,46,p8,"K_ads,4",126512.41774414938,124119.0,0.019283250301318743,0.09441073371567162,78.24578178268042
1e-06,46,p9,Inhibition / adsorption,94556.44632173234,98084.0,-0.0359646188804256,0.09441073371567162,78.24578178268042
1e-06,50,p1,A1,2438.708073365106,15672.02,-0.8443909544930963,0.05748121060645844,78.71270033303176
1e-06,50,p2,E1,1813.7575262380508,3453.38,-0.4747877365832747,0.05748121060645844,78.71270033303176
1e-06,50,p3,"K_ads,1",16.537194532450638,30.836,-0.4637049379799378,0.05748121060645844,78.71270033303176
1e-06,50,p4,"K_ads,2",301.6721116875986,558.532,-0.4598839248465646,0.05748121060645844,78.71270033303176
1e-06,50,p5,A2,0.3998774098279038,0.7439,-0.46245811288089284,0.05748121060645844,78.71270033303176
1e-06,50,p6,E2,43946.62140835142,40000.0,0.09866553520878552,0.05748121060645844,78.71270033303176
1e-06,50,p7,"K_ads,3",18888.342986340518,17197.0,0.09835104880738024,0.05748121060645844,78.71270033303176
1e-06,50,p8,"K_ads,4",124962.03323340582,124119.0,0.006792136847749486,0.05748121060645844,78.71270033303176
1e-06,50,p9,Inhibition / adsorption,96888.33825508764,98084.0,-0.012190181323277585,0.05748121060645844,78.71270033303176
1e-06,54,p1,A1,459.87074306066523,15672.02,-0.9706565750260232,0.1077850489483164,79.16268660175267
1e-06,54,p2,E1,1006.375569947472,3453.38,-0.7085824409860856,0.1077850489483164,79.16268660175267
1e-06,54,p3,"K_ads,1",9.397285236956888,30.836,-0.6952495383007884,0.1077850489483164,79.16268660175267
1e-06,54,p4,"K_ads,2",174.33891892678852,558.532,-0.6878622551137831,0.1077850489483164,79.16268660175267
1e-06,54,p5,A2,0.229336640173454,0.7439,-0.691710390948442,0.1077850489483164,79.16268660175267
1e-06,54,p6,E2,46699.14572982962,40000.0,0.16747864324574058,0.1077850489483164,79.16268660175267
1e-06,54,p7,"K_ads,3",19817.353133351524,17197.0,0.15237268903596696,0.1077850489483164,79.16268660175267
1e-06,54,p8,"K_ads,4",125398.87192730089,124119.0,0.010311651941289328,0.1077850489483164,79.16268660175267
1e-06,54,p9,Inhibition / adsorption,95872.16779714565,98084.0,-0.02255038745212622,0.1077850489483164,79.16268660175267
1e-06,58,p1,A1,1189.2856417908174,15672.02,-0.9241140809040049,0.07767705526308233,79.60298963635783
1e-06,58,p2,E1,1416.4324255472372,3453.38,-0.5898417128878846,0.07767705526308233,79.60298963635783
1e-06,58,p3,"K_ads,1",12.952383934937153,30.836,-0.5799590110605412,0.07767705526308233,79.60298963635783
1e-06,58,p4,"K_ads,2",238.19201817213178,558.532,-0.5735391738125447,0.07767705526308233,79.60298963635783
1e-06,58,p5,A2,0.31492585682449314,0.7439,-0.5766556569102123,0.07767705526308233,79.60298963635783
1e-06,58,p6,E2,43604.33499840199,40000.0,0.0901083749600497,0.07767705526308233,79.60298963635783
1e-06,58,p7,"K_ads,3",18582.886944020327,17197.0,0.0805888785265062,0.07767705526308233,79.60298963635783
1e-06,58,p8,"K_ads,4",124752.60939251367,124119.0,0.005104854152173853,0.07767705526308233,79.60298963635783
1e-06,58,p9,Inhibition / adsorption,96876.71763067853,98084.0,-0.01230865757230001,0.07767705526308233,79.60298963635783
1e-06,62,p1,A1,790.8555437514858,15672.02,-0.9495371021890295,0.09029378096595692,79.87409285215803
1e-06,62,p2,E1,1224.6493192174164,3453.38,-0.6453766109673953,0.09029378096595692,79.87409285215803
1e-06,62,p3,"K_ads,1",11.28563852457076,30.836,-0.6340109442025308,0.09029378096595692,79.87409285215803
1e-06,62,p4,"K_ads,2",208.30367378202712,558.532,-0.6270514960968627,0.09029378096595692,79.87409285215803
1e-06,62,p5,A2,0.2748333163119991,0.7439,-0.6305507241403426,0.09029378096595692,79.87409285215803
1e-06,62,p6,E2,44599.38100895883,40000.0,0.11498452522397073,0.09029378096595692,79.87409285215803
1e-06,62,p7,"K_ads,3",18959.995958382613,17197.0,0.1025176460070136,0.09029378096595692,79.87409285215803
1e-06,62,p8,"K_ads,4",124935.11356087172,124119.0,0.006575250854999766,0.09029378096595692,79.87409285215803
1e-06,62,p9,Inhibition / adsorption,96560.30853406587,98084.0,-0.015534556766996934,0.09029378096595692,79.87409285215803
1e-06,66,p1,A1,1684.174490344411,15672.02,-0.8925362212181703,0.06680211005074513,80.22069536530198
1e-06,66,p2,E1,1603.1455775998859,3453.38,-0.535774928446946,0.06680211005074513,80.22069536530198
1e-06,66,p3,"K_ads,1",14.565308864168731,30.836,-0.5276524560848121,0.06680211005074513,80.22069536530198
1e-06,66,p4,"K_ads,2",267.03494018905235,558.532,-0.5218985838071009,0.06680211005074513,80.22069536530198
1e-06,66,p5,A2,0.35330667924986947,0.7439,-0.5250615953086847,0.06680211005074513,80.22069536530198
1e-06,66,p6,E2,42560.48609949517,40000.0,0.06401215248737917,0.06680211005074513,80.22069536530198
1e-06,66,p7,"K_ads,3",18168.023456930503,17197.0,0.05646470064142019,0.06680211005074513,80.22069536530198
1e-06,66,p8,"K_ads,4",124569.9241408929,124119.0,0.0036329985005752042,0.06680211005074513,80.22069536530198
1e-06,66,p9,Inhibition / adsorption,97303.64587141051,98084.0,-0.007955977820944189,0.06680211005074513,80.22069536530198
1e-06,70,p1,A1,891.6339241082587,15672.02,-0.9431066369167307,0.08475686855631477,80.70704296648282
1e-06,70,p2,E1,1303.1112459098467,3453.38,-0.6226562828562606,0.08475686855631477,80.70704296648282
1e-06,70,p3,"K_ads,1",11.697163606731717,30.836,-0.6206653389955987,0.08475686855631477,80.70704296648282
1e-06,70,p4,"K_ads,2",216.78624161450162,558.532,-0.6118642412350562,0.08475686855631477,80.70704296648282
1e-06,70,p5,A2,0.28602380462805566,0.7439,-0.6155077233121984,0.08475686855631477,80.70704296648282
1e-06,70,p6,E2,40620.882516534046,40000.0,0.015522062913351146,0.08475686855631477,80.70704296648282
1e-06,70,p7,"K_ads,3",17220.138934341496,17197.0,0.001345521564313297,0.08475686855631477,80.70704296648282
1e-06,70,p8,"K_ads,4",123895.85438072358,124119.0,-0.0017978361030657373,0.08475686855631477,80.70704296648282
1e-06,70,p9,Inhibition / adsorption,97920.869697001,98084.0,-0.0016631693548284532,0.08475686855631477,80.70704296648282
1e-06,74,p1,A1,1905.6946556420803,15672.02,-0.8784014660750764,0.07390966508736956,81.14975402893751
1e-06,74,p2,E1,1604.7101396905234,3453.38,-0.5353218760488208,0.07390966508736956,81.14975402893751
1e-06,74,p3,"K_ads,1",15.33944300189314,30.836,-0.5025475742024537,0.07390966508736956,81.14975402893751
1e-06,74,p4,"K_ads,2",277.7255254343874,558.532,-0.5027580775418644,0.07390966508736956,81.14975402893751
1e-06,74,p5,A2,0.3675675213031079,0.7439,-0.5058912201867081,0.07390966508736956,81.14975402893751
1e-06,74,p6,E2,50002.88612279508,40000.0,0.2500721530698769,0.07390966508736956,81.14975402893751
1e-06,74,p7,"K_ads,3",21488.773918780837,17197.0,0.24956526828986664,0.07390966508736956,81.14975402893751
1e-06,74,p8,"K_ads,4",126435.67030208439,124119.0,0.01866491272153647,0.07390966508736956,81.14975402893751
1e-06,74,p9,Inhibition / adsorption,94907.12801278422,98084.0,-0.03238929883789182,0.07390966508736956,81.14975402893751
1e-06,78,p1,A1,3277.5822822506734,15672.02,-0.790864082469862,0.04934304482973739,81.54826480616283
1e-06,78,p2,E1,1992.0788211989147,3453.38,-0.423150993751364,0.04934304482973739,81.54826480616283
1e-06,78,p3,"K_ads,1",18.279459075583226,30.836,-0.4072039474775189,0.04934304482973739,81.54826480616283
1e-06,78,p4,"K_ads,2",332.9658758352845,558.532,-0.4038553281901762,0.04934304482973739,81.54826480616283
1e-06,78,p5,A2,0.44175931702756555,0.7439,-0.40615765959461547,0.04934304482973739,81.54826480616283
1e-06,78,p6,E2,44119.34950578825,40000.0,0.10298373764470616,0.04934304482973739,81.54826480616283
1e-06,78,p7,"K_ads,3",18886.333187323973,17197.0,0.09823417964319202,0.04934304482973739,81.54826480616283
1e-06,78,p8,"K_ads,4",125040.5450150979,124119.0,0.0074246893311894335,0.04934304482973739,81.54826480616283
1e-06,78,p9,Inhibition / adsorption,96675.35937407882,98084.0,-0.014361574017384894,0.04934304482973739,81.54826480616283
1e-06,82,p1,A1,3581.454721929321,15672.02,-0.7714745947281002,0.04373047678479559,81.73390190569008
1e-06,82,p2,E1,2088.9001630827065,3453.38,-0.39511430451247576,0.04373047678479559,81.73390190569008
1e-06,82,p3,"K_ads,1",18.786762309569024,30.836,-0.39075229246435905,0.04373047678479559,81.73390190569008
1e-06,82,p4,"K_ads,2",342.20532563503355,558.532,-0.38731294601735705,0.04373047678479559,81.73390190569008
1e-06,82,p5,A2,0.45513516847576735,0.7439,-0.3881769478750271,0.04373047678479559,81.73390190569008
1e-06,82,p6,E2,40722.03293375548,40000.0,0.018050823343886985,0.04373047678479559,81.73390190569008
1e-06,82,p7,"K_ads,3",17475.859124525912,17197.0,0.01621556809477887,0.04373047678479559,81.73390190569008
1e-06,82,p8,"K_ads,4",124132.46697994086,124119.0,0.00010850055141322793,0.04373047678479559,81.73390190569008
1e-06,82,p9,Inhibition / adsorption,97780.3244514417,98084.0,-0.003096076307637311,0.04373047678479559,81.73390190569008
1e-06,86,p1,A1,5787.418587915215,15672.02,-0.6307164878608364,0.029517743653574912,81.92470418450687
1e-06,86,p2,E1,2464.902438428898,3453.38,-0.28623480809268076,0.029517743653574912,81.92470418450687
1e-06,86,p3,"K_ads,1",22.078057696410216,30.836,-0.2840168083924563,0.029517743653574912,81.92470418450687
1e-06,86,p4,"K_ads,2",401.1450076284586,558.532,-0.2817868848544782,0.029517743653574912,81.92470418450687
1e-06,86,p5,A2,0.5336647131396836,0.7439,-0.28261229581975594,0.029517743653574912,81.92470418450687
1e-06,86,p6,E2,40512.84051371596,40000.0,0.012821012842898926,0.029517743653574912,81.92470418450687
1e-06,86,p7,"K_ads,3",17432.59595854725,17197.0,0.013699828955471786,0.029517743653574912,81.92470418450687
1e-06,86,p8,"K_ads,4",124148.55024896862,124119.0,0.00023807997944407132,0.029517743653574912,81.92470418450687
1e-06,86,p9,Inhibition / adsorption,97934.06501366704,98084.0,-0.0015286385784934883,0.029517743653574912,81.92470418450687
1e-06,90,p1,A1,1206.875402443948,15672.02,-0.922991713739266,0.08830280248026488,82.23076255980865
1e-06,90,p2,E1,1365.406300733302,3453.38,-0.6046174180850928,0.08830280248026488,82.23076255980865
1e-06,90,p3,"K_ads,1",13.18924961683305,30.836,-0.5722775451798854,0.08830280248026488,82.23076255980865
1e-06,90,p4,"K_ads,2",238.49239924441818,558.532,-0.5730013692242913,0.08830280248026488,82.23076255980865
1e-06,90,p5,A2,0.3204969052871219,0.7439,-0.5691666819638098,0.08830280248026488,82.23076255980865
1e-06,90,p6,E2,51242.400728115455,40000.0,0.2810600182028864,0.08830280248026488,82.23076255980865
1e-06,90,p7,"K_ads,3",22309.438747942768,17197.0,0.2972866632518909,0.08830280248026488,82.23076255980865
1e-06,90,p8,"K_ads,4",125893.90269905629,124119.0,0.014300008049180909,0.08830280248026488,82.23076255980865
1e-06,90,p9,Inhibition / adsorption,93419.99765668709,98084.0,-0.04755110255814312,0.08830280248026488,82.23076255980865
1e-06,94,p1,A1,430.20990218418433,15672.02,-0.972549173483432,0.11957125812137424,82.4352210905008
1e-06,94,p2,E1,948.1764515537606,3453.38,-0.7254352398074464,0.11957125812137424,82.4352210905008
1e-06,94,p3,"K_ads,1",9.231006140672456,30.836,-0.7006419074888943,0.11957125812137424,82.4352210905008
1e-06,94,p4,"K_ads,2",171.27202418876297,558.532,-0.6933532471035446,0.11957125812137424,82.4352210905008
1e-06,94,p5,A2,0.22368238388775544,0.7439,-0.6993112194007859,0.11957125812137424,82.4352210905008
1e-06,94,p6,E2,54643.561491397086,40000.0,0.36608903728492714,0.11957125812137424,82.4352210905008
1e-06,94,p7,"K_ads,3",23183.336446736666,17197.0,0.3481035324031323,0.11957125812137424,82.4352210905008
1e-06,94,p8,"K_ads,4",127442.24200088045,124119.0,0.02677464369581166,0.11957125812137424,82.4352210905008
1e-06,94,p9,Inhibition / adsorption,93540.65511525031,98084.0,-0.04632095841064487,0.11957125812137424,82.4352210905008
1e-06,98,p1,A1,1332.3325095372718,15672.02,-0.9149865486684376,0.0782154504627379,82.60093374346683
1e-06,98,p2,E1,1443.2080248776178,3453.38,-0.5820882657345505,0.0782154504627379,82.60093374346683
1e-06,98,p3,"K_ads,1",13.50168649485168,30.836,-0.5621453335435308,0.0782154504627379,82.60093374346683
1e-06,98,p4,"K_ads,2",247.7089073388841,558.532,-0.5565000620575292,0.0782154504627379,82.60093374346683
1e-06,98,p5,A2,0.3269950485483837,0.7439,-0.5604314443495313,0.0782154504627379,82.60093374346683
1e-06,98,p6,E2,47118.086931885795,40000.0,0.17795217329714488,0.0782154504627379,82.60093374346683
1e-06,98,p7,"K_ads,3",20016.950418572145,17197.0,0.16397920675537275,0.0782154504627379,82.60093374346683
1e-06,98,p8,"K_ads,4",125755.96174506315,124119.0,0.013188647548426498,0.0782154504627379,82.60093374346683
1e-06,98,p9,Inhibition / adsorption,95722.95486051345,98084.0,-0.024071664486425434,0.0782154504627379,82.60093374346683
1e-06,102,p1,A1,1210.8678829658602,15672.02,-0.9227369616063622,0.08755153432802182,83.03719476943593
1e-06,102,p2,E1,1369.2785953419457,3453.38,-0.6034961124052535,0.08755153432802182,83.03719476943593
1e-06,102,p3,"K_ads,1",13.153161425612536,30.836,-0.5734478717858172,0.08755153432802182,83.03719476943593
1e-06,102,p4,"K_ads,2",239.43510913856386,558.532,-0.5713135341599697,0.08755153432802182,83.03719476943593
1e-06,102,p5,A2,0.3162834725127264,0.7439,-0.5748306593457099,0.08755153432802182,83.03719476943593
1e-06,102,p6,E2,51337.56286422556,40000.0,0.283439071605639,0.08755153432802182,83.03719476943593
1e-06,102,p7,"K_ads,3",21920.310711141705,17197.0,0.27465899349547623,0.08755153432802182,83.03719476943593
1e-06,102,p8,"K_ads,4",126906.10547166057,124119.0,0.022455107370028538,0.08755153432802182,83.03719476943593
1e-06,102,p9,Inhibition / adsorption,94424.73257461368,98084.0,-0.037307485679482104,0.08755153432802182,83.03719476943593
1e-06,106,p1,A1,1629.7230940306406,15672.02,-0.8960106550380461,0.07949548774098976,83.20305563472921
1e-06,106,p2,E1,1514.7011173306087,3453.38,-0.5613859125463724,0.07949548774098976,83.20305563472921
1e-06,106,p3,"K_ads,1",14.524998001691634,30.836,-0.5289597223475276,0.07949548774098976,83.20305563472921
1e-06,106,p4,"K_ads,2",264.6137623779971,558.532,-0.5262334792312758,0.07949548774098976,83.20305563472921
1e-06,106,p5,A2,0.3495404386557346,0.7439,-0.5301244271330359,0.07949548774098976,83.20305563472921
1e-06,106,p6,E2,51112.539092145606,40000.0,0.27781347730364014,0.07949548774098976,83.20305563472921
1e-06,106,p7,"K_ads,3",21767.67855164391,17197.0,0.2657834826797644,0.07949548774098976,83.20305563472921
1e-06,106,p8,"K_ads,4",126835.23460471196,124119.0,0.021884116087883116,0.07949548774098976,83.20305563472921
1e-06,106,p9,Inhibition / adsorption,94453.0305502675,98084.0,-0.037018978118067127,0.07949548774098976,83.20305563472921
1e-06,110,p1,A1,536.0386071578325,15672.02,-0.9657964571792383,0.10534081148568304,83.42853725983262
1e-06,110,p2,E1,1048.7719531359157,3453.38,-0.6963056619497664,0.10534081148568304,83.42853725983262
1e-06,110,p3,"K_ads,1",9.923030283251979,30.836,-0.6781998221801797,0.10534081148568304,83.42853725983262
1e-06,110,p4,"K_ads,2",183.32863601335,558.532,-0.6717669963165047,0.10534081148568304,83.42853725983262
1e-06,110,p5,A2,0.24165473918404348,0.7439,-0.6751515806102387,0.10534081148568304,83.42853725983262
1e-06,110,p6,E2,48506.17135078533,40000.0,0.2126542837696332,0.10534081148568304,83.42853725983262
1e-06,110,p7,"K_ads,3",20574.595068025046,17197.0,0.19640606315200596,0.10534081148568304,83.42853725983262
1e-06,110,p8,"K_ads,4",125855.11623562215,124119.0,0.013987513882823311,0.10534081148568304,83.42853725983262
1e-06,110,p9,Inhibition / adsorption,95211.0026409462,98084.0,-0.029291192845456948,0.10534081148568304,83.42853725983262
1e-06,114,p1,A1,1076.9927969486266,15672.02,-0.9312792609409236,0.0887277600389849,83.55375290997584
1e-06,114,p2,E1,1313.2794139390257,3453.38,-0.6197118724440908,0.0887277600389849,83.55375290997584
1e-06,114,p3,"K_ads,1",12.678403902844934,30.836,-0.5888440815006831,0.0887277600389849,83.55375290997584
1e-06,114,p4,"K_ads,2",229.8149121628644,558.532,-0.5885376090127972,0.0887277600389849,83.55375290997584
1e-06,114,p5,A2,0.3081828348312374,0.7439,-0.585720076850064,0.0887277600389849,83.55375290997584
1e-06,114,p6,E2,49814.582143913496,40000.0,0.2453645535978374,0.0887277600389849,83.55375290997584
1e-06,114,p7,"K_ads,3",21592.482908951035,17197.0,0.25559591259818776,0.0887277600389849,83.55375290997584
1e-06,114,p8,"K_ads,4",125597.15861129432,124119.0,0.011909204966961696,0.0887277600389849,83.55375290997584
1e-06,114,p9,Inhibition / adsorption,93990.10120168077,98084.0,-0.041738701504009164,0.0887277600389849,83.55375290997584
1e-06,118,p1,A1,2622.9555315084585,15672.02,-0.8326344956483939,0.0628910613834289,83.72692283067425
1e-06,118,p2,E1,1801.8460092238986,3453.38,-0.4782369709606535,0.0628910613834289,83.72692283067425
1e-06,118,p3,"K_ads,1",17.00055195788434,30.836,-0.4486784291774438,0.0628910613834289,83.72692283067425
1e-06,118,p4,"K_ads,2",310.73924112611564,558.532,-0.4436500663773685,0.0628910613834289,83.72692283067425
1e-06,118,p5,A2,0.4085785531824088,0.7439,-0.45076145559563274,0.0628910613834289,83.72692283067425
1e-06,118,p6,E2,48763.88695985473,40000.0,0.2190971739963683,0.0628910613834289,83.72692283067425
1e-06,118,p7,"K_ads,3",20683.064678122922,17197.0,0.2027135359727233,0.0628910613834289,83.72692283067425
1e-06,118,p8,"K_ads,4",126259.31561511787,124119.0,0.01724406106331722,0.0628910613834289,83.72692283067425
1e-06,118,p9,Inhibition / adsorption,95656.19014913357,98084.0,-0.02475235360371137,0.0628910613834289,83.72692283067425
1e-06,122,p1,A1,3890.1842828076865,15672.02,-0.7517751838749768,0.04136775616169536,83.95886353259026
1e-06,122,p2,E1,2145.08121683633,3453.38,-0.37884587944670733,0.04136775616169536,83.95886353259026
1e-06,122,p3,"K_ads,1",19.30902998764037,30.836,-0.3738153461006496,0.04136775616169536,83.95886353259026
1e-06,122,p4,"K_ads,2",351.9395550036927,558.532,-0.3698847066887973,0.04136775616169536,83.95886353259026
1e-06,122,p5,A2,0.46762466547786086,0.7439,-0.37138773292396715,0.04136775616169536,83.95886353259026
1e-06,122,p6,E2,40934.5319780514,40000.0,0.02336329945128491,0.04136775616169536,83.95886353259026
1e-06,122,p7,"K_ads,3",17527.170153524912,17197.0,0.019199287871425955,0.04136775616169536,83.95886353259026
1e-06,122,p8,"K_ads,4",124209.87659382356,124119.0,0.0007321731066441015,0.04136775616169536,83.95886353259026
1e-06,122,p9,Inhibition / adsorption,97758.22084889401,98084.0,-0.0033214301120059473,0.04136775616169536,83.95886353259026
1e-06,126,p1,A1,810.877908302461,15672.02,-0.9482595154739172,0.09123862386042646,84.15729412982013
1e-06,126,p2,E1,1212.7326541466725,3453.38,-0.6488273360746073,0.09123862386042646,84.15729412982013
1e-06,126,p3,"K_ads,1",11.452195002438351,30.836,-0.62860957963295,0.09123862386042646,84.15729412982013
1e-06,126,p4,"K_ads,2",209.89654180477822,558.532,-0.6241996129052978,0.09123862386042646,84.15729412982013
1e-06,126,p5,A2,0.2846045878178968,0.7439,-0.6174155292137427,0.09123862386042646,84.15729412982013
1e-06,126,p6,E2,46061.39785736613,40000.0,0.15153494643415324,0.09123862386042646,84.15729412982013
1e-06,126,p7,"K_ads,3",19835.527257184105,17197.0,0.1534295084714837,0.09123862386042646,84.15729412982013
1e-06,126,p8,"K_ads,4",124612.57576568054,124119.0,0.003976633437914713,0.09123862386042646,84.15729412982013
1e-06,126,p9,Inhibition / adsorption,94246.05616272766,98084.0,-0.039129152943113435,0.09123862386042646,84.15729412982013
1e-06,130,p1,A1,836.2533421759035,15672.02,-0.9466403601976067,0.08721048606207295,84.33856824125543
1e-06,130,p2,E1,1261.9966465504601,3453.38,-0.63456189398489,0.08721048606207295,84.33856824125543
1e-06,130,p3,"K_ads,1",11.468555186777063,30.836,-0.6280790249456134,0.08721048606207295,84.33856824125543
1e-06,130,p4,"K_ads,2",212.27822851346306,558.532,-0.6199354226553482,0.08721048606207295,84.33856824125543
1e-06,130,p5,A2,0.2798182050381608,0.7439,-0.6238497042100272,0.08721048606207295,84.33856824125543
1e-06,130,p6,E2,42440.58828358169,40000.0,0.06101470708954221,0.08721048606207295,84.33856824125543
1e-06,130,p7,"K_ads,3",17996.57620253491,17197.0,0.04649509812961042,0.08721048606207295,84.33856824125543
1e-06,130,p8,"K_ads,4",124397.78237416656,124119.0,0.0022460894316467532,0.08721048606207295,84.33856824125543
1e-06,130,p9,Inhibition / adsorption,97337.01012783534,98084.0,-0.007615817790512831,0.08721048606207295,84.33856824125543
1e-06,134,p1,A1,3381.9896012312774,15672.02,-0.7842020619402427,0.04530017060120833,84.53294633041763
1e-06,134,p2,E1,2054.2824350310575,3453.38,-0.4051386076739144,0.04530017060120833,84.53294633041763
1e-06,134,p3,"K_ads,1",18.403435182367346,30.836,-0.4031834484898383,0.04530017060120833,84.53294633041763
1e-06,134,p4,"K_ads,2",336.0218869531417,558.532,-0.39838382231789465,0.04530017060120833,84.53294633041763
1e-06,134,p5,A2,0.4465591662726219,0.7439,-0.39970538207740036,0.04530017060120833,84.53294633041763
1e-06,134,p6,E2,40043.168828293434,40000.0,0.001079220707335844,0.04530017060120833,84.53294633041763
1e-06,134,p7,"K_ads,3",17165.612326144776,17197.0,-0.0018251831049150677,0.04530017060120833,84.53294633041763
1e-06,134,p8,"K_ads,4",123910.98339516675,124119.0,-0.001675944898309257,0.04530017060120833,84.53294633041763
1e-06,134,p9,Inhibition / adsorption,97988.38978148985,98084.0,-0.0009747789497792516,0.04530017060120833,84.53294633041763
1e-06,138,p1,A1,3789.2689936376064,15672.02,-0.7582143850226323,0.043015799966845396,84.6276849830633
1e-06,138,p2,E1,2112.2037767752972,3453.38,-0.3883662450192863,0.043015799966845396,84.6276849830633
1e-06,138,p3,"K_ads,1",19.15886178119636,30.836,-0.3786852451291879,0.043015799966845396,84.6276849830633
1e-06,138,p4,"K_ads,2",349.1414015448003,558.532,-0.3748945422199618,0.043015799966845396,84.6276849830633
1e-06,138,p5,A2,0.4631381836184409,0.7439,-0.3774187610990175,0.043015799966845396,84.6276849830633
1e-06,138,p6,E2,42254.15848190258,40000.0,0.05635396204756453,0.043015799966845396,84.6276849830633
1e-06,138,p7,"K_ads,3",18065.275046471597,17197.0,0.050489913733302166,0.043015799966845396,84.6276849830633
1e-06,138,p8,"K_ads,4",124616.3532717567,124119.0,0.004007067989241772,0.043015799966845396,84.6276849830633
1e-06,138,p9,Inhibition / adsorption,97371.13872153228,98084.0,-0.0072678650796024254,0.043015799966845396,84.6276849830633
1e-06,142,p1,A1,3470.835511571014,15672.02,-0.7785329835227995,0.0447882200666884,84.76319678815395
1e-06,142,p2,E1,2062.2346257939016,3453.38,-0.40283588084893596,0.0447882200666884,84.76319678815395
1e-06,142,p3,"K_ads,1",18.571239500867403,30.836,-0.39774161691310794,0.0447882200666884,84.76319678815395
1e-06,142,p4,"K_ads,2",339.22495094439057,558.532,-0.3926490318470731,0.0447882200666884,84.76319678815395
1e-06,142,p5,A2,0.44987576838763643,0.7439,-0.39524698428869953,0.0447882200666884,84.76319678815395
1e-06,142,p6,E2,41117.96767431091,40000.0,0.027949191857772712,0.0447882200666884,84.76319678815395
1e-06,142,p7,"K_ads,3",17566.911796760818,17197.0,0.021510251599745196,0.0447882200666884,84.76319678815395
1e-06,142,p8,"K_ads,4",124280.34029389301,124119.0,0.001299883933104589,0.0447882200666884,84.76319678815395
1e-06,142,p9,Inhibition / adsorption,97736.51721853885,98084.0,-0.003542706062774244,0.0447882200666884,84.76319678815395
1e-06,146,p1,A1,4424.153756392925,15672.02,-0.7177036682959232,0.03747342136974154,84.86375245012691
1e-06,146,p2,E1,2244.9050542330933,3453.38,-0.34993975344934725,0.03747342136974154,84.86375245012691
1e-06,146,p3,"K_ads,1",20.14903036399695,30.836,-0.3465744466209317,0.03747342136974154,84.86375245012691
1e-06,146,p4,"K_ads,2",367.4721472273302,558.532,-0.3420750337897736,0.03747342136974154,84.86375245012691
1e-06,146,p5,A2,0.48770661208385235,0.7439,-0.3443922407798732,0.03747342136974154,84.86375245012691
1e-06,146,p6,E2,40664.77514730261,40000.0,0.016619378682565186,0.03747342136974154,84.86375245012691
1e-06,146,p7,"K_ads,3",17402.14729006077,17197.0,0.011929248709703412,0.03747342136974154,84.86375245012691
1e-06,146,p8,"K_ads,4",124161.60414503192,124119.0,0.00034325240319304167,0.03747342136974154,84.86375245012691
1e-06,146,p9,Inhibition / adsorption,97896.41184314,98084.0,-0.0019125255582969865,0.03747342136974154,84.86375245012691
1e-06,150,p1,A1,6033.336262212858,15672.02,-0.6150249768560238,0.02921990480554317,85.00018996545371
1e-06,150,p2,E1,2474.143625748153,3453.38,-0.2835588247606249,0.02921990480554317,85.00018996545371
1e-06,150,p3,"K_ads,1",22.418172896897794,30.836,-0.2729869990628553,0.02921990480554317,85.00018996545371
1e-06,150,p4,"K_ads,2",407.09988231841254,558.532,-0.27112523128771043,0.02921990480554317,85.00018996545371
1e-06,150,p5,A2,0.541059042710541,0.7439,-0.27267234479023933,0.02921990480554317,85.00018996545371
1e-06,150,p6,E2,41765.94880885302,40000.0,0.044148720221325495,0.02921990480554317,85.00018996545371
1e-06,150,p7,"K_ads,3",17907.198908649392,17197.0,0.04129783733496495,0.02921990480554317,85.00018996545371
1e-06,150,p8,"K_ads,4",124475.38548341252,124119.0,0.0028713209372660366,0.02921990480554317,85.00018996545371
1e-06,150,p9,Inhibition / adsorption,97507.91794153803,98084.0,-0.0058733540481828335,0.02921990480554317,85.00018996545371
1e-07,10,p1,A1,322.0778579384639,15672.02,-0.9794488612228376,0.11609671076126697,86.08296413065794
1e-07,10,p2,E1,860.7993847322788,3453.38,-0.7507371373169826,0.11609671076126697,86.08296413065794
1e-07,10,p3,"K_ads,1",8.352257273953747,30.836,-0.7291394060852981,0.11609671076126697,86.08296413065794
1e-07,10,p4,"K_ads,2",154.93073325297053,558.532,-0.7226108204132072,0.11609671076126697,86.08296413065794
1e-07,10,p5,A2,0.20366988127329222,0.7439,-0.7262133602993787,0.11609671076126697,86.08296413065794
1e-07,10,p6,E2,43551.92986538301,40000.0,0.08879824663457529,0.11609671076126697,86.08296413065794
1e-07,10,p7,"K_ads,3",18049.4939673443,17197.0,0.049572249075088705,0.11609671076126697,86.08296413065794
1e-07,10,p8,"K_ads,4",124867.00854925436,124119.0,0.006026543472428545,0.11609671076126697,86.08296413065794
1e-07,10,p9,Inhibition / adsorption,96942.64667779584,98084.0,-0.011636488338609342,0.11609671076126697,86.08296413065794
1e-07,14,p1,A1,1612.4996341737387,15672.02,-0.8971096492874729,0.07211349794437015,90.2209747884671
1e-07,14,p2,E1,1603.419966243001,3453.38,-0.5356954733498772,0.07211349794437015,90.2209747884671
1e-07,14,p3,"K_ads,1",14.318744685150214,30.836,-0.5356484406164802,0.07211349794437015,90.2209747884671
1e-07,14,p4,"K_ads,2",262.9133458467763,558.532,-0.5292779181017806,0.07211349794437015,90.2209747884671
1e-07,14,p5,A2,0.34889971217595916,0.7439,-0.5309857344052169,0.07211349794437015,90.2209747884671
1e-07,14,p6,E2,34358.61671853975,40000.0,-0.14103458203650626,0.07211349794437015,90.2209747884671
1e-07,14,p7,"K_ads,3",14835.219093101707,17197.0,-0.13733679751690953,0.07211349794437015,90.2209747884671
1e-07,14,p8,"K_ads,4",122114.5899103312,124119.0,-0.016149099571127735,0.07211349794437015,90.2209747884671
1e-07,14,p9,Inhibition / adsorption,99846.6260334228,98084.0,0.017970576581530107,0.07211349794437015,90.2209747884671
1e-07,18,p1,A1,1211.1608896362422,15672.02,-0.9227182654414529,0.08217465677428229,93.44265143176902
1e-07,18,p2,E1,1399.592912695015,3453.38,-0.5947179538032261,0.08217465677428229,93.44265143176902
1e-07,18,p3,"K_ads,1",13.053163601763252,30.836,-0.5766907639848472,0.08217465677428229,93.44265143176902
1e-07,18,p4,"K_ads,2",240.19873675432984,558.532,-0.5699463293878778,0.08217465677428229,93.44265143176902
1e-07,18,p5,A2,0.3168253656336044,0.7439,-0.5741022104669923,0.08217465677428229,93.44265143176902
1e-07,18,p6,E2,48157.04649964555,40000.0,0.2039261624911387,0.08217465677428229,93.44265143176902
1e-07,18,p7,"K_ads,3",20415.056757698585,17197.0,0.1871289618944342,0.08217465677428229,93.44265143176902
1e-07,18,p8,"K_ads,4",126118.27956740788,124119.0,0.016107764060360467,0.08217465677428229,93.44265143176902
1e-07,18,p9,Inhibition / adsorption,95303.59576513857,98084.0,-0.02834717420640911,0.08217465677428229,93.44265143176902
1e-07,22,p1,A1,1692.4061132060122,15672.02,-0.8920109779590626,0.06659799104506878,95.10332165673275
1e-07,22,p2,E1,1607.8361568346584,3453.38,-0.5344166709615917,0.06659799104506878,95.10332165673275
1e-07,22,p3,"K_ads,1",14.572656085444489,30.836,-0.527414188434152,0.06659799104506878,95.10332165673275
1e-07,22,p4,"K_ads,2",267.7639105013578,558.532,-0.5205934297383895,0.06659799104506878,95.10332165673275
1e-07,22,p5,A2,0.35366910021545633,0.7439,-0.5245744048723534,0.06659799104506878,95.10332165673275
1e-07,22,p6,E2,42525.395840100784,40000.0,0.0631348960025196,0.06659799104506878,95.10332165673275
1e-07,22,p7,"K_ads,3",18108.850279418097,17197.0,0.05302379946607529,0.06659799104506878,95.10332165673275
1e-07,22,p8,"K_ads,4",124571.53148970437,124119.0,0.003645948563107758,0.06659799104506878,95.10332165673275
1e-07,22,p9,Inhibition / adsorption,97462.90597303667,98084.0,-0.006332266495690718,0.06659799104506878,95.10332165673275
1e-07,26,p1,A1,793.0860680482444,15672.02,-0.9493947769305907,0.09064392555850342,96.03619236032371
1e-07,26,p2,E1,1229.5815480266808,3453.38,-0.6439483786821372,0.09064392555850342,96.03619236032371
1e-07,26,p3,"K_ads,1",11.295418558360838,30.836,-0.6336937813477482,0.09064392555850342,96.03619236032371
1e-07,26,p4,"K_ads,2",208.253664459056,558.532,-0.6271410331743642,0.09064392555850342,96.03619236032371
1e-07,26,p5,A2,0.2748329285148387,0.7439,-0.6305512454431527,0.09064392555850342,96.03619236032371
1e-07,26,p6,E2,45100.37132170979,40000.0,0.12750928304274475,0.09064392555850342,96.03619236032371
1e-07,26,p7,"K_ads,3",19211.502847442403,17197.0,0.11714269043684383,0.09064392555850342,96.03619236032371
1e-07,26,p8,"K_ads,4",125177.16740968109,124119.0,0.008525426483303034,0.09064392555850342,96.03619236032371
1e-07,26,p9,Inhibition / adsorption,96545.20203072112,98084.0,-0.015688572746613918,0.09064392555850342,96.03619236032371
1e-07,30,p1,A1,1511.4976370332722,15672.02,-0.9035543830959077,0.07622361012537962,96.71859910993615
1e-07,30,p2,E1,1510.6441042696085,3453.38,-0.562560707402716,0.07622361012537962,96.71859910993615
1e-07,30,p3,"K_ads,1",14.083182944213965,30.836,-0.5432876201772614,0.07622361012537962,96.71859910993615
1e-07,30,p4,"K_ads,2",258.0864662736256,558.532,-0.5379200005127269,0.07622361012537962,96.71859910993615
1e-07,30,p5,A2,0.34081630900448806,0.7439,-0.5418519841316197,0.07622361012537962,96.71859910993615
1e-07,30,p6,E2,48155.17444279859,40000.0,0.20387936106996477,0.07622361012537962,96.71859910993615
1e-07,30,p7,"K_ads,3",20457.29035334899,17197.0,0.18958483185142708,0.07622361012537962,96.71859910993615
1e-07,30,p8,"K_ads,4",126172.63997940341,124119.0,0.01654573416965499,0.07622361012537962,96.71859910993615
1e-07,30,p9,Inhibition / adsorption,95447.7715337076,98084.0,-0.026877252827091132,0.07622361012537962,96.71859910993615
1e-07,34,p1,A1,1575.0915922710901,15672.02,-0.8994965810233084,0.07785658194288031,98.20449492633698
1e-07,34,p2,E1,1507.200023006115,3453.38,-0.5635580147547866,0.07785658194288031,98.20449492633698
1e-07,34,p3,"K_ads,1",14.319520908648686,30.836,-0.5356232679774068,0.07785658194288031,98.20449492633698
1e-07,34,p4,"K_ads,2",261.7305721514922,558.532,-0.5313955652469471,0.07785658194288031,98.20449492633698
1e-07,34,p5,A2,0.3449453687348938,0.7439,-0.5363014266233448,0.07785658194288031,98.20449492633698
1e-07,34,p6,E2,49879.44104513381,40000.0,0.2469860261283453,0.07785658194288031,98.20449492633698
1e-07,34,p7,"K_ads,3",21095.70207812298,17197.0,0.22670826761196605,0.07785658194288031,98.20449492633698
1e-07,34,p8,"K_ads,4",126687.96788653277,124119.0,0.020697619917440305,0.07785658194288031,98.20449492633698
1e-07,34,p9,Inhibition / adsorption,95097.09694697215,98084.0,-0.03045250043868372,0.07785658194288031,98.20449492633698
1e-07,38,p1,A1,3955.1606827577416,15672.02,-0.7476291707924223,0.04470638529397456,98.99024190824707
1e-07,38,p2,E1,2103.013679346826,3453.38,-0.3910274341813453,0.04470638529397456,98.99024190824707
1e-07,38,p3,"K_ads,1",19.464742007946572,30.836,-0.3687656632524785,0.04470638529397456,98.99024190824707
1e-07,38,p4,"K_ads,2",355.08805471042086,558.532,-0.36424760853376204,0.04470638529397456,98.99024190824707
1e-07,38,p5,A2,0.47024004573785466,0.7439,-0.36787196432604563,0.04470638529397456,98.99024190824707
1e-07,38,p6,E2,44613.89319713741,40000.0,0.11534732992843529,0.04470638529397456,98.99024190824707
1e-07,38,p7,"K_ads,3",18923.148902014804,17197.0,0.10037500157090212,0.04470638529397456,98.99024190824707
1e-07,38,p8,"K_ads,4",125137.50959453448,124119.0,0.008205912024222562,0.04470638529397456,98.99024190824707
1e-07,38,p9,Inhibition / adsorption,96590.20718039891,98084.0,-0.015229729819349646,0.04470638529397456,98.99024190824707
1e-07,42,p1,A1,582.9498482240059,15672.02,-0.9628031454640815,0.10423902251014179,99.57396341973445
1e-07,42,p2,E1,1068.0129061913506,3453.38,-0.6907340326893217,0.10423902251014179,99.57396341973445
1e-07,42,p3,"K_ads,1",10.223173921833322,30.836,-0.6684662757221,0.10423902251014179,99.57396341973445
1e-07,42,p4,"K_ads,2",188.66924550788627,558.532,-0.6622051278926073,0.10423902251014179,99.57396341973445
1e-07,42,p5,A2,0.24807941939782155,0.7439,-0.6665150969245577,0.10423902251014179,99.57396341973445
1e-07,42,p6,E2,49564.337965661434,40000.0,0.23910844914153587,0.10423902251014179,99.57396341973445
1e-07,42,p7,"K_ads,3",20951.176737739548,17197.0,0.21830416571143502,0.10423902251014179,99.57396341973445
1e-07,42,p8,"K_ads,4",126208.38785314687,124119.0,0.016833747074556395,0.10423902251014179,99.57396341973445
1e-07,42,p9,Inhibition / adsorption,94979.34529789405,98084.0,-0.03165301886246434,0.10423902251014179,99.57396341973445
1e-07,46,p1,A1,735.8200593426799,15672.02,-0.9530488054926756,0.09119353136065063,99.80162291210064
1e-07,46,p2,E1,1204.8199943932862,3453.38,-0.6511186158507648,0.09119353136065063,99.80162291210064
1e-07,46,p3,"K_ads,1",10.972666864273815,30.836,-0.6441604986290759,0.09119353136065063,99.80162291210064
1e-07,46,p4,"K_ads,2",203.86506363164247,558.532,-0.6349984179390932,0.09119353136065063,99.80162291210064
1e-07,46,p5,A2,0.268310175605633,0.7439,-0.6393195649877228,0.09119353136065063,99.80162291210064
1e-07,46,p6,E2,42917.1055608433,40000.0,0.07292763902108254,0.09119353136065063,99.80162291210064
1e-07,46,p7,"K_ads,3",18169.548450413713,17197.0,0.056553378520306626,0.09119353136065063,99.80162291210064
1e-07,46,p8,"K_ads,4",124466.6427820466,124119.0,0.0028008828789033518,0.09119353136065063,99.80162291210064
1e-07,46,p9,Inhibition / adsorption,97137.19602290411,98084.0,-0.009652991080052667,0.09119353136065063,99.80162291210064
1e-07,50,p1,A1,1156.6288623429684,15672.02,-0.9261978441615715,0.08810144628085809,100.29598784004847
1e-07,50,p2,E1,1342.319858254526,3453.38,-0.6113025910109731,0.08810144628085809,100.29598784004847
1e-07,50,p3,"K_ads,1",12.909234259541476,30.836,-0.5813583389693385,0.08810144628085809,100.29598784004847
1e-07,50,p4,"K_ads,2",236.74142204869727,558.532,-0.576136332298423,0.08810144628085809,100.29598784004847
1e-07,50,p5,A2,0.31146609157647415,0.7439,-0.5813065041316384,0.08810144628085809,100.29598784004847
1e-07,50,p6,E2,51207.660343857395,40000.0,0.2801915085964349,0.08810144628085809,100.29598784004847
1e-07,50,p7,"K_ads,3",21623.74028549006,17197.0,0.25741351895621684,0.08810144628085809,100.29598784004847
1e-07,50,p8,"K_ads,4",126841.0619957396,124119.0,0.021931066119930048,0.08810144628085809,100.29598784004847
1e-07,50,p9,Inhibition / adsorption,94514.7472011959,98084.0,-0.036389755707394646,0.08810144628085809,100.29598784004847
1e-07,54,p1,A1,1182.9036240406497,15672.02,-0.9245213045899221,0.08955600443442797,100.75847097431773
1e-07,54,p2,E1,1346.9311849533894,3453.38,-0.609967282791529,0.08955600443442797,100.75847097431773
1e-07,54,p3,"K_ads,1",13.037330257814912,30.836,-0.5772042334344626,0.08955600443442797,100.75847097431773
1e-07,54,p4,"K_ads,2",238.19099500574887,558.532,-0.5735410056975271,0.08955600443442797,100.75847097431773
1e-07,54,p5,A2,0.3140629747240231,0.7439,-0.5778156005860692,0.08955600443442797,100.75847097431773
1e-07,54,p6,E2,52334.081385757934,40000.0,0.30835203464394834,0.08955600443442797,100.75847097431773
1e-07,54,p7,"K_ads,3",22158.817836387294,17197.0,0.28852810585493366,0.08955600443442797,100.75847097431773
1e-07,54,p8,"K_ads,4",127227.62753341802,124119.0,0.025045541242017938,0.08955600443442797,100.75847097431773
1e-07,54,p9,Inhibition / adsorption,94100.77492489447,98084.0,-0.0406103449604984,0.08955600443442797,100.75847097431773
1e-07,58,p1,A1,810.438234090805,15672.02,-0.9482875701989402,0.09755109151573588,101.06788435624149
1e-07,58,p2,E1,1189.4979202762045,3453.38,-0.6555554499428953,0.09755109151573588,101.06788435624149
1e-07,58,p3,"K_ads,1",11.450669455907333,30.836,-0.6286590525390021,0.09755109151573588,101.06788435624149
1e-07,58,p4,"K_ads,2",210.4148382024935,558.532,-0.623271651037911,0.09755109151573588,101.06788435624149
1e-07,58,p5,A2,0.2772596700511251,0.7439,-0.6272890576003157,0.09755109151573588,101.06788435624149
1e-07,58,p6,E2,51176.4924267515,40000.0,0.2794123106687875,0.09755109151573588,101.06788435624149
1e-07,58,p7,"K_ads,3",21685.297121043477,17197.0,0.2609930290773668,0.09755109151573588,101.06788435624149
1e-07,58,p8,"K_ads,4",126681.46991482489,124119.0,0.02064526716155376,0.09755109151573588,101.06788435624149
1e-07,58,p9,Inhibition / adsorption,94390.03013369937,98084.0,-0.03766128895946971,0.09755109151573588,101.06788435624149
1e-07,62,p1,A1,1782.273192771955,15672.02,-0.8862767407920642,0.06577222869091627,101.38763984933738
1e-07,62,p2,E1,1619.6622338579539,3453.38,-0.5309921775599691,0.06577222869091627,101.38763984933738
1e-07,62,p3,"K_ads,1",14.827443022578883,30.836,-0.5191515429180541,0.06577222869091627,101.38763984933738
1e-07,62,p4,"K_ads,2",273.06779599847533,558.532,-0.5110973122426731,0.06577222869091627,101.38763984933738
1e-07,62,p5,A2,0.3608827210703497,0.7439,-0.5148773745525612,0.06577222869091627,101.38763984933738
1e-07,62,p6,E2,43473.9540534235,40000.0,0.08684885133558747,0.06577222869091627,101.38763984933738
1e-07,62,p7,"K_ads,3",18419.861721163106,17197.0,0.07110901443060454,0.06577222869091627,101.38763984933738
1e-07,62,p8,"K_ads,4",124616.06724026728,124119.0,0.004004763495252773,0.06577222869091627,101.38763984933738
1e-07,62,p9,Inhibition / adsorption,96824.60964862049,98084.0,-0.012839916310300441,0.06577222869091627,101.38763984933738
1e-07,66,p1,A1,3738.733318683638,15672.02,-0.7614389645569851,0.04237235824967749,101.70032375598385
1e-07,66,p2,E1,2122.951838740643,3453.38,-0.3852539139218265,0.04237235824967749,101.70032375598385
1e-07,66,p3,"K_ads,1",19.010593584265795,30.836,-0.3834935275565639,0.04237235824967749,101.70032375598385
1e-07,66,p4,"K_ads,2",348.0787053974043,558.532,-0.3767972015973941,0.04237235824967749,101.70032375598385
1e-07,66,p5,A2,0.46078598254226855,0.7439,-0.380580746683333,0.04237235824967749,101.70032375598385
1e-07,66,p6,E2,40377.72499650597,40000.0,0.009443124912649183,0.04237235824967749,101.70032375598385
1e-07,66,p7,"K_ads,3",17237.65909423141,17197.0,0.002364313207618222,0.04237235824967749,101.70032375598385
1e-07,66,p8,"K_ads,4",124041.06183857335,124119.0,-0.0006279309487398852,0.04237235824967749,101.70032375598385
1e-07,66,p9,Inhibition / adsorption,98044.27361501617,98084.0,-0.00040502411182083295,0.04237235824967749,101.70032375598385
1e-07,70,p1,A1,1781.2425785064988,15672.02,-0.886342502210532,0.07452508216838556,101.95194422051807
1e-07,70,p2,E1,1578.5706990700262,3453.38,-0.5428911098488941,0.07452508216838556,101.95194422051807
1e-07,70,p3,"K_ads,1",14.959362840381718,30.836,-0.5148734323394176,0.07452508216838556,101.95194422051807
1e-07,70,p4,"K_ads,2",271.9015940575072,558.532,-0.5131852891911167,0.07452508216838556,101.95194422051807
1e-07,70,p5,A2,0.36033982947332166,0.7439,-0.5156071656495206,0.07452508216838556,101.95194422051807
1e-07,70,p6,E2,49581.08535004545,40000.0,0.23952713375113618,0.07452508216838556,101.95194422051807
1e-07,70,p7,"K_ads,3",21170.704917933905,17197.0,0.23106965854125164,0.07452508216838556,101.95194422051807
1e-07,70,p8,"K_ads,4",126539.2959192275,124119.0,0.019499801958020136,0.07452508216838556,101.95194422051807
1e-07,70,p9,Inhibition / adsorption,94912.7273599043,98084.0,-0.03233221157472884,0.07452508216838556,101.95194422051807
1e-07,74,p1,A1,836.6104564721968,15672.02,-0.9466175734543347,0.08681959254103572,102.48781361896604
1e-07,74,p2,E1,1268.3861701035387,3453.38,-0.6327116708547746,0.08681959254103572,102.48781361896604
1e-07,74,p3,"K_ads,1",11.443973381393052,30.836,-0.6288762037426044,0.08681959254103572,102.48781361896604
1e-07,74,p4,"K_ads,2",212.73560011181314,558.532,-0.6191165410185753,0.08681959254103572,102.48781361896604
1e-07,74,p5,A2,0.28001759623661154,0.7439,-0.6235816692611755,0.08681959254103572,102.48781361896604
1e-07,74,p6,E2,41507.03178198869,40000.0,0.037675794549717284,0.08681959254103572,102.48781361896604
1e-07,74,p7,"K_ads,3",17571.907093623537,17197.0,0.02180072650017658,0.08681959254103572,102.48781361896604
1e-07,74,p8,"K_ads,4",124108.0728061605,124119.0,-8.803804284191692e-05,0.08681959254103572,102.48781361896604
1e-07,74,p9,Inhibition / adsorption,97634.5247492329,98084.0,-0.0045825542470442964,0.08681959254103572,102.48781361896604
1e-07,78,p1,A1,1205.8409458200651,15672.02,-0.9230577203308785,0.08397418793980604,102.76870220261164
1e-07,78,p2,E1,1384.6821888554407,3453.38,-0.5990356726292964,0.08397418793980604,102.76870220261164
1e-07,78,p3,"K_ads,1",13.080361810208867,30.836,-0.5758087362106348,0.08397418793980604,102.76870220261164
1e-07,78,p4,"K_ads,2",239.45753526626032,558.532,-0.5712733822479996,0.08397418793980604,102.76870220261164
1e-07,78,p5,A2,0.3157779796274307,0.7439,-0.5755101765997706,0.08397418793980604,102.76870220261164
1e-07,78,p6,E2,49216.21671345477,40000.0,0.23040541783636928,0.08397418793980604,102.76870220261164
1e-07,78,p7,"K_ads,3",20912.08156393765,17197.0,0.21603079397206773,0.08397418793980604,102.76870220261164
1e-07,78,p8,"K_ads,4",126390.97612683046,124119.0,0.01830482139584155,0.08397418793980604,102.76870220261164
1e-07,78,p9,Inhibition / adsorption,95212.45439048244,98084.0,-0.029276391761322552,0.08397418793980604,102.76870220261164
1e-07,82,p1,A1,145.31037661932206,15672.02,-0.9907280378266923,0.14311181623365926,102.9739939132364
1e-07,82,p2,E1,664.1955372340567,3453.38,-0.8076679840521296,0.14311181623365926,102.9739939132364
1e-07,82,p3,"K_ads,1",6.3023512037876035,30.836,-0.7956170967768971,0.14311181623365926,102.9739939132364
1e-07,82,p4,"K_ads,2",120.51514036705258,558.532,-0.7842287633169585,0.14311181623365926,102.9739939132364
1e-07,82,p5,A2,0.15599288184416393,0.7439,-0.7903039631077242,0.14311181623365926,102.9739939132364
1e-07,82,p6,E2,49460.40941540776,40000.0,0.23651023538519403,0.14311181623365926,102.9739939132364
1e-07,82,p7,"K_ads,3",20592.16466664035,17197.0,0.19742772964123687,0.14311181623365926,102.9739939132364
1e-07,82,p8,"K_ads,4",125795.69171288899,124119.0,0.013508743326074097,0.14311181623365926,102.9739939132364
1e-07,82,p9,Inhibition / adsorption,95140.41265381633,98084.0,-0.030010881960194063,0.14311181623365926,102.9739939132364
1e-07,86,p1,A1,1236.5777314678069,15672.02,-0.9210964680068168,0.08367511364422102,103.28627158674917
1e-07,86,p2,E1,1390.9993179729088,3453.38,-0.5972064128555477,0.08367511364422102,103.28627158674917
1e-07,86,p3,"K_ads,1",13.207532011784414,30.836,-0.5716846539180044,0.08367511364422102,103.28627158674917
1e-07,86,p4,"K_ads,2",241.31945279901674,558.532,-0.5679397907389071,0.08367511364422102,103.28627158674917
1e-07,86,p5,A2,0.31823509845920617,0.7439,-0.5722071535700952,0.08367511364422102,103.28627158674917
1e-07,86,p6,E2,49440.91220383502,40000.0,0.23602280509587545,0.08367511364422102,103.28627158674917
1e-07,86,p7,"K_ads,3",21006.07669807744,17197.0,0.22149658068718026,0.08367511364422102,103.28627158674917
1e-07,86,p8,"K_ads,4",126427.74217552149,124119.0,0.01860103751658883,0.08367511364422102,103.28627158674917
1e-07,86,p9,Inhibition / adsorption,95156.61872028859,98084.0,-0.02984565555759765,0.08367511364422102,103.28627158674917
1e-07,90,p1,A1,3311.9079200651217,15672.02,-0.7886738327244911,0.04693126394980074,103.45400021299693
1e-07,90,p2,E1,1992.6768860768282,3453.38,-0.42297781128146106,0.04693126394980074,103.45400021299693
1e-07,90,p3,"K_ads,1",18.313215606718856,30.836,-0.4061092357400812,0.04693126394980074,103.45400021299693
1e-07,90,p4,"K_ads,2",334.9345776696323,558.532,-0.4003305492440321,0.04693126394980074,103.45400021299693
1e-07,90,p5,A2,0.44515150058234726,0.7439,-0.4015976601931076,0.04693126394980074,103.45400021299693
1e-07,90,p6,E2,42363.84256848136,40000.0,0.05909606421203407,0.04693126394980074,103.45400021299693
1e-07,90,p7,"K_ads,3",17942.73145200708,17197.0,0.04336404326377156,0.04693126394980074,103.45400021299693
1e-07,90,p8,"K_ads,4",124319.44926656039,124119.0,0.0016149764867618192,0.04693126394980074,103.45400021299693
1e-07,90,p9,Inhibition / adsorption,97090.39766572151,98084.0,-0.01013011637248165,0.04693126394980074,103.45400021299693
1e-07,94,p1,A1,1165.9392909295932,15672.02,-0.9256037644841193,0.0773605977756022,103.58526442138206
1e-07,94,p2,E1,1412.3526233353157,3453.38,-0.5910231068300287,0.0773605977756022,103.58526442138206
1e-07,94,p3,"K_ads,1",12.815524522210506,30.836,-0.5843973108635846,0.0773605977756022,103.58526442138206
1e-07,94,p4,"K_ads,2",237.48118703681598,558.532,-0.5748118513588909,0.0773605977756022,103.58526442138206
1e-07,94,p5,A2,0.3122006288013694,0.7439,-0.580319090198455,0.0773605977756022,103.58526442138206
1e-07,94,p6,E2,42278.696184335684,40000.0,0.0569674046083921,0.0773605977756022,103.58526442138206
1e-07,94,p7,"K_ads,3",17891.14577941528,17197.0,0.040364353050839165,0.0773605977756022,103.58526442138206
1e-07,94,p8,"K_ads,4",124287.2214402052,124119.0,0.0013553238440948204,0.0773605977756022,103.58526442138206
1e-07,94,p9,Inhibition / adsorption,97458.57383181514,98084.0,-0.006376434160361103,0.0773605977756022,103.58526442138206
1e-07,98,p1,A1,835.6542286311403,15672.02,-0.9466785884250314,0.09411939150716825,103.85818210205292
1e-07,98,p2,E1,1226.1760030018777,3453.38,-0.6449345270425272,0.09411939150716825,103.85818210205292
1e-07,98,p3,"K_ads,1",11.53651353159866,30.836,-0.6258751611234058,0.09411939150716825,103.85818210205292
1e-07,98,p4,"K_ads,2",212.10493896642456,558.532,-0.6202456815967132,0.09411939150716825,103.85818210205292
1e-07,98,p5,A2,0.2788681893613733,0.7439,-0.6251267786511987,0.09411939150716825,103.85818210205292
1e-07,98,p6,E2,49430.761982967895,40000.0,0.2357690495741974,0.09411939150716825,103.85818210205292
1e-07,98,p7,"K_ads,3",20952.566553157885,17197.0,0.2183849830294752,0.09411939150716825,103.85818210205292
1e-07,98,p8,"K_ads,4",126578.82765316109,124119.0,0.019818300607973717,0.09411939150716825,103.85818210205292
1e-07,98,p9,Inhibition / adsorption,95309.49958146269,98084.0,-0.02828698277534879,0.09411939150716825,103.85818210205292
1e-07,102,p1,A1,363.51210155253034,15672.02,-0.9768050256729808,0.2450407122859737,104.09354138085925
1e-07,102,p2,E1,60.688482911644854,3453.38,-0.9824263524686988,0.2450407122859737,104.09354138085925
1e-07,102,p3,"K_ads,1",16.19782647396658,30.836,-0.47471051777251977,0.2450407122859737,104.09354138085925
1e-07,102,p4,"K_ads,2",83.20835291324887,558.532,-0.8510231232709158,0.2450407122859737,104.09354138085925
1e-07,102,p5,A2,16.150901844185807,0.7439,20.711119564707364,0.2450407122859737,104.09354138085925
1e-07,102,p6,E2,39828.19616003869,40000.0,-0.004295095999032674,0.2450407122859737,104.09354138085925
1e-07,102,p7,"K_ads,3",35362.073454610465,17197.0,1.0562931589585662,0.2450407122859737,104.09354138085925
1e-07,102,p8,"K_ads,4",48529.63451633269,124119.0,-0.6090072066618915,0.2450407122859737,104.09354138085925
1e-07,102,p9,Inhibition / adsorption,45370.29940377055,98084.0,-0.5374342461179137,0.2450407122859737,104.09354138085925
1e-07,106,p1,A1,428.5499838921834,15672.02,-0.9726550895231001,0.10724367254592405,104.23331229150942
1e-07,106,p2,E1,1000.2325156442823,3453.38,-0.7103612936762586,0.10724367254592405,104.23331229150942
1e-07,106,p3,"K_ads,1",9.113713612957314,30.836,-0.7044456604956119,0.10724367254592405,104.23331229150942
1e-07,106,p4,"K_ads,2",170.87296172055017,558.532,-0.6940677316240607,0.10724367254592405,104.23331229150942
1e-07,106,p5,A2,0.22393538393977364,0.7439,-0.6989711198551235,0.10724367254592405,104.23331229150942
1e-07,106,p6,E2,43337.32279970861,40000.0,0.08343306999271517,0.10724367254592405,104.23331229150942
1e-07,106,p7,"K_ads,3",18247.548118520037,17197.0,0.06108903404780118,0.10724367254592405,104.23331229150942
1e-07,106,p8,"K_ads,4",124462.01363373472,124119.0,0.002763586829854585,0.10724367254592405,104.23331229150942
1e-07,106,p9,Inhibition / adsorption,97062.73617927413,98084.0,-0.010412134708269152,0.10724367254592405,104.23331229150942
1e-07,110,p1,A1,2242.492887432232,15672.02,-0.8569110499200338,0.05804996570355916,104.53830305160979
1e-07,110,p2,E1,1775.2795213770971,3453.38,-0.48592986541385624,0.05804996570355916,104.53830305160979
1e-07,110,p3,"K_ads,1",16.027189188307894,30.836,-0.48024422141951306,0.05804996570355916,104.53830305160979
1e-07,110,p4,"K_ads,2",293.7665047436227,558.532,-0.47403818448428614,0.05804996570355916,104.53830305160979
1e-07,110,p5,A2,0.38933785313832275,0.7439,-0.47662608799795303,0.05804996570355916,104.53830305160979
1e-07,110,p6,E2,42028.948946897806,40000.0,0.05072372367244516,0.05804996570355916,104.53830305160979
1e-07,110,p7,"K_ads,3",17929.828143172548,17197.0,0.04261372001933757,0.05804996570355916,104.53830305160979
1e-07,110,p8,"K_ads,4",124538.71440697185,124119.0,0.0033815484089611486,0.05804996570355916,104.53830305160979
1e-07,110,p9,Inhibition / adsorption,97406.14905085915,98084.0,-0.006910922771714527,0.05804996570355916,104.53830305160979
1e-07,114,p1,A1,1383.191945580489,15672.02,-0.9117413105917113,0.08163577398869237,104.66055728185361
1e-07,114,p2,E1,1444.8762709252824,3453.38,-0.5816051894302734,0.08163577398869237,104.66055728185361
1e-07,114,p3,"K_ads,1",13.704675300958941,30.836,-0.5555624821326067,0.08163577398869237,104.66055728185361
1e-07,114,p4,"K_ads,2",250.70921488879898,558.532,-0.5511282882828575,0.08163577398869237,104.66055728185361
1e-07,114,p5,A2,0.32970276120834513,0.7439,-0.55679155638077,0.08163577398869237,104.66055728185361
1e-07,114,p6,E2,50073.50260781851,40000.0,0.2518375651954628,0.08163577398869237,104.66055728185361
1e-07,114,p7,"K_ads,3",21223.102360421708,17197.0,0.23411655291165365,0.08163577398869237,104.66055728185361
1e-07,114,p8,"K_ads,4",126722.76896594229,124119.0,0.020978004704697028,0.08163577398869237,104.66055728185361
1e-07,114,p9,Inhibition / adsorption,95096.23417352764,98084.0,-0.030461296709681066,0.08163577398869237,104.66055728185361
1e-07,118,p1,A1,2797.8447185059285,15672.02,-0.821475169218395,0.0536159825976178,104.79720073848569
1e-07,118,p2,E1,1888.300811974998,3453.38,-0.4532021347274271,0.0536159825976178,104.79720073848569
1e-07,118,p3,"K_ads,1",17.310377989426403,30.836,-0.43863088632032676,0.0536159825976178,104.79720073848569
1e-07,118,p4,"K_ads,2",316.2864304251008,558.532,-0.4337183358785159,0.0536159825976178,104.79720073848569
1e-07,118,p5,A2,0.41866433724446234,0.7439,-0.43720347191227,0.0536159825976178,104.79720073848569
1e-07,118,p6,E2,44072.57718999845,40000.0,0.10181442974996116,0.0536159825976178,104.79720073848569
1e-07,118,p7,"K_ads,3",18800.0060217736,17197.0,0.0932142828268651,0.0536159825976178,104.79720073848569
1e-07,118,p8,"K_ads,4",124986.54757302426,124119.0,0.006989643592232145,0.0536159825976178,104.79720073848569
1e-07,118,p9,Inhibition / adsorption,96772.16615443531,98084.0,-0.013374595709439746,0.0536159825976178,104.79720073848569
1e-07,122,p1,A1,620.7092335567955,15672.02,-0.9603937952123086,0.09571821631894865,105.03691224583781
1e-07,122,p2,E1,1150.723717749877,3453.38,-0.6667833491391398,0.09571821631894865,105.03691224583781
1e-07,122,p3,"K_ads,1",10.313426821053794,30.836,-0.6655394078008239,0.09571821631894865,105.03691224583781
1e-07,122,p4,"K_ads,2",192.8561280048793,558.532,-0.6547089011822432,0.09571821631894865,105.03691224583781
1e-07,122,p5,A2,0.2533428514714838,0.7439,-0.6594396404469904,0.09571821631894865,105.03691224583781
1e-07,122,p6,E2,42054.60123731457,40000.0,0.051365030932864285,0.09571821631894865,105.03691224583781
1e-07,122,p7,"K_ads,3",17651.28336004656,17197.0,0.026416430775516666,0.09571821631894865,105.03691224583781
1e-07,122,p8,"K_ads,4",124390.36263931403,124119.0,0.0021863102290062713,0.09571821631894865,105.03691224583781
1e-07,122,p9,Inhibition / adsorption,97533.58527993876,98084.0,-0.0056116667352599315,0.09571821631894865,105.03691224583781
1e-07,126,p1,A1,866.1617633650978,15672.02,-0.9447319641395877,0.08968461596377075,105.19404222265186
1e-07,126,p2,E1,1249.772306082451,3453.38,-0.6381017130803877,0.08968461596377075,105.19404222265186
1e-07,126,p3,"K_ads,1",11.638581822810684,30.836,-0.6225651244386209,0.08968461596377075,105.19404222265186
1e-07,126,p4,"K_ads,2",215.32552074134725,558.532,-0.6144795271509113,0.08968461596377075,105.19404222265186
1e-07,126,p5,A2,0.2825252489546285,0.7439,-0.6202107152108771,0.08968461596377075,105.19404222265186
1e-07,126,p6,E2,46722.840912770334,40000.0,0.16807102281925837,0.08968461596377075,105.19404222265186
1e-07,126,p7,"K_ads,3",19772.872029203045,17197.0,0.1497861271851512,0.08968461596377075,105.19404222265186
1e-07,126,p8,"K_ads,4",125556.89146262319,124119.0,0.011584781239159077,0.08968461596377075,105.19404222265186
1e-07,126,p9,Inhibition / adsorption,96064.6451128124,98084.0,-0.020588015243950056,0.08968461596377075,105.19404222265186
1e-07,130,p1,A1,1939.0465798518226,15672.02,-0.8762733470317277,0.06185403787352253,105.40871556740858
1e-07,130,p2,E1,1695.9237349272785,3453.38,-0.5089090297252898,0.06185403787352253,105.40871556740858
1e-07,130,p3,"K_ads,1",15.22906061369804,30.836,-0.5061272339571267,0.06185403787352253,105.40871556740858
1e-07,130,p4,"K_ads,2",280.21212522827335,558.532,-0.4983060500951184,0.06185403787352253,105.40871556740858
1e-07,130,p5,A2,0.3705693961505642,0.7439,-0.5018558997841589,0.06185403787352253,105.40871556740858
1e-07,130,p6,E2,40931.10259896418,40000.0,0.02327756497410446,0.06185403787352253,105.40871556740858
1e-07,130,p7,"K_ads,3",17416.17608193576,17197.0,0.012745018429712084,0.06185403787352253,105.40871556740858
1e-07,130,p8,"K_ads,4",124124.98981895522,124119.0,4.8258678810002116e-05,0.06185403787352253,105.40871556740858
1e-07,130,p9,Inhibition / adsorption,97811.39708273602,98084.0,-0.002779280180905987,0.06185403787352253,105.40871556740858
1e-07,134,p1,A1,857.0169289987471,15672.02,-0.9453154775836972,0.0961723330557596,105.55898770987251
1e-07,134,p2,E1,1214.1352597353455,3453.38,-0.6484211816436809,0.0961723330557596,105.55898770987251
1e-07,134,p3,"K_ads,1",11.688460865850672,30.836,-0.6209475656424092,0.0961723330557596,105.55898770987251
1e-07,134,p4,"K_ads,2",213.8155570266602,558.532,-0.6171829778299898,0.0961723330557596,105.55898770987251
1e-07,134,p5,A2,0.2841846378111246,0.7439,-0.617980054024567,0.0961723330557596,105.55898770987251
1e-07,134,p6,E2,50976.14554279077,40000.0,0.2744036385697693,0.0961723330557596,105.55898770987251
1e-07,134,p7,"K_ads,3",21856.630869958964,17197.0,0.2709560312821402,0.0961723330557596,105.55898770987251
1e-07,134,p8,"K_ads,4",126121.25991951507,124119.0,0.016131776114173244,0.0961723330557596,105.55898770987251
1e-07,134,p9,Inhibition / adsorption,94015.06607540911,98084.0,-0.04148417605920326,0.0961723330557596,105.55898770987251
1e-07,138,p1,A1,1347.682267621042,15672.02,-0.9140071115516033,0.07272566236115889,105.62258396572517
1e-07,138,p2,E1,1494.0511580196996,3453.38,-0.5673655496876395,0.07272566236115889,105.62258396572517
1e-07,138,p3,"K_ads,1",13.470068938076965,30.836,-0.5631706791387675,0.07272566236115889,105.62258396572517
1e-07,138,p4,"K_ads,2",248.51918425777282,558.532,-0.5550493360133836,0.07272566236115889,105.62258396572517
1e-07,138,p5,A2,0.3283257940817887,0.7439,-0.558642567439456,0.07272566236115889,105.62258396572517
1e-07,138,p6,E2,41406.525289924335,40000.0,0.035163132248108374,0.07272566236115889,105.62258396572517
1e-07,138,p7,"K_ads,3",17582.4562597188,17197.0,0.022414157104076377,0.07272566236115889,105.62258396572517
1e-07,138,p8,"K_ads,4",124195.52189521794,124119.0,0.0006165203975051529,0.07272566236115889,105.62258396572517
1e-07,138,p9,Inhibition / adsorption,97653.6825453404,98084.0,-0.004387233949059972,0.07272566236115889,105.62258396572517
1e-07,142,p1,A1,325.9762656605712,15672.02,-0.9792001116856301,0.11786616662001702,105.71106847622588
1e-07,142,p2,E1,890.7133529192846,3453.38,-0.7420749083740322,0.11786616662001702,105.71106847622588
1e-07,142,p3,"K_ads,1",8.304569222781506,30.836,-0.7306859118309279,0.11786616662001702,105.71106847622588
1e-07,142,p4,"K_ads,2",157.00240147527066,558.532,-0.7189016896520332,0.11786616662001702,105.71106847622588
1e-07,142,p5,A2,0.20414003677274695,0.7439,-0.725581345916458,0.11786616662001702,105.71106847622588
1e-07,142,p6,E2,47201.69452826336,40000.0,0.180042363206584,0.11786616662001702,105.71106847622588
1e-07,142,p7,"K_ads,3",19721.889815992694,17197.0,0.14682152794049508,0.11786616662001702,105.71106847622588
1e-07,142,p8,"K_ads,4",125436.81142624163,124119.0,0.010617322297485758,0.11786616662001702,105.71106847622588
1e-07,142,p9,Inhibition / adsorption,95876.46020967998,98084.0,-0.022506624835039568,0.11786616662001702,105.71106847622588
1e-07,146,p1,A1,489.0191109614318,15672.02,-0.9687966764360031,0.10452270629411635,105.82225305707365
1e-07,146,p2,E1,1036.0374197686112,3453.38,-0.6999932183053671,0.10452270629411635,105.82225305707365
1e-07,146,p3,"K_ads,1",9.556129179648279,30.836,-0.6900982883756557,0.10452270629411635,105.82225305707365
1e-07,146,p4,"K_ads,2",178.3993706581587,558.532,-0.6805923910211794,0.10452270629411635,105.82225305707365
1e-07,146,p5,A2,0.2338203647319135,0.7439,-0.6856830693212617,0.10452270629411635,105.82225305707365
1e-07,146,p6,E2,45121.7650627546,40000.0,0.12804412656886507,0.10452270629411635,105.82225305707365
1e-07,146,p7,"K_ads,3",18997.286912471027,17197.0,0.10468610295231882,0.10452270629411635,105.82225305707365
1e-07,146,p8,"K_ads,4",125020.56302726561,124119.0,0.007263698767034963,0.10452270629411635,105.82225305707365
1e-07,146,p9,Inhibition / adsorption,96538.16725483321,98084.0,-0.015760294698083138,0.10452270629411635,105.82225305707365
1e-07,150,p1,A1,839.2424205815679,15672.02,-0.9464496331307918,0.08751597250909322,105.94798438428026
1e-07,150,p2,E1,1259.2464705494097,3453.38,-0.6353582662349903,0.08751597250909322,105.94798438428026
1e-07,150,p3,"K_ads,1",11.47900413140516,30.836,-0.627740169561384,0.08751597250909322,105.94798438428026
1e-07,150,p4,"K_ads,2",212.79445121228596,558.532,-0.61901117355445,0.08751597250909322,105.94798438428026
1e-07,150,p5,A2,0.28030507750781064,0.7439,-0.6231952177607062,0.08751597250909322,105.94798438428026
1e-07,150,p6,E2,43242.89456366328,40000.0,0.08107236409158194,0.08751597250909322,105.94798438428026
1e-07,150,p7,"K_ads,3",18305.053226358687,17197.0,0.06443293750995444,0.08751597250909322,105.94798438428026
1e-07,150,p8,"K_ads,4",124569.13710743035,124119.0,0.0036266575417973563,0.08751597250909322,105.94798438428026
1e-07,150,p9,Inhibition / adsorption,97058.716912012,98084.0,-0.010453112515680495,0.08751597250909322,105.94798438428026
