noise,total_experiments_used,parameter,name,estimate,true_value,relative_error,rms_normalized_parameter_error,cumulative_information
1e-05,10,p1,A1,39180.092445419206,15672.02,1.5000027083566256,0.13057052292870824,46.54312935013217
1e-05,10,p2,E1,9881.084662239615,3453.38,1.8612792864496854,0.13057052292870824,46.54312935013217
1e-05,10,p3,"K_ads,1",94.97142286535714,30.836,2.0798878864105963,0.13057052292870824,46.54312935013217
1e-05,10,p4,"K_ads,2",121.97251944382495,558.532,-0.7816194605791165,0.13057052292870824,46.54312935013217
1e-05,10,p5,A2,0.1000441746451996,0.7439,-0.8655139472439849,0.13057052292870824,46.54312935013217
1e-05,10,p6,E2,64799.27762504107,40000.0,0.6199819406260267,0.13057052292870824,46.54312935013217
1e-05,10,p7,"K_ads,3",10000.50759770516,17197.0,-0.41847371066435074,0.13057052292870824,46.54312935013217
1e-05,10,p8,"K_ads,4",149594.1063762031,124119.0,0.2052474349310186,0.13057052292870824,46.54312935013217
1e-05,10,p9,Inhibition / adsorption,149593.86364559672,98084.0,0.5251607157701228,0.13057052292870824,46.54312935013217
1e-05,14,p1,A1,1838.1200813775906,15672.02,-0.8827132634224822,0.2393931558903445,48.20221529809964
1e-05,14,p2,E1,205.62103751995443,3453.38,-0.9404580331385616,0.2393931558903445,48.20221529809964
1e-05,14,p3,"K_ads,1",18.00304648883689,30.836,-0.41616790475947296,0.2393931558903445,48.20221529809964
1e-05,14,p4,"K_ads,2",398.8513146665541,558.532,-0.2858935304216158,0.2393931558903445,48.20221529809964
1e-05,14,p5,A2,1.1505280762318333,0.7439,0.546616583185688,0.2393931558903445,48.20221529809964
1e-05,14,p6,E2,46687.614037767155,40000.0,0.16719035094417886,0.2393931558903445,48.20221529809964
1e-05,14,p7,"K_ads,3",14710.271047695049,17197.0,-0.14460248603273543,0.2393931558903445,48.20221529809964
1e-05,14,p8,"K_ads,4",40870.14274377698,124119.0,-0.6707180790710771,0.2393931558903445,48.20221529809964
1e-05,14,p9,Inhibition / adsorption,25072.35519061408,98084.0,-0.7443787448450911,0.2393931558903445,48.20221529809964
1e-05,18,p1,A1,151.00993192073088,15672.02,-0.9903643606937248,0.29162529935514475,52.217372235055755
1e-05,18,p2,E1,44.447873310672364,3453.38,-0.9871291681452165,0.29162529935514475,52.217372235055755
1e-05,18,p3,"K_ads,1",1399.2520951402532,30.836,44.377224514860984,0.29162529935514475,52.217372235055755
1e-05,18,p4,"K_ads,2",956.2366810021076,558.532,0.7120535278231284,0.29162529935514475,52.217372235055755
1e-05,18,p5,A2,1.1727866966413638,0.7439,0.5765381054461135,0.29162529935514475,52.217372235055755
1e-05,18,p6,E2,40229.86355514973,40000.0,0.005746588878743205,0.29162529935514475,52.217372235055755
1e-05,18,p7,"K_ads,3",30584.657646373515,17197.0,0.7784879715283779,0.29162529935514475,52.217372235055755
1e-05,18,p8,"K_ads,4",36105.23269466553,124119.0,-0.7091079311413602,0.29162529935514475,52.217372235055755
1e-05,18,p9,Inhibition / adsorption,31332.171842524665,98084.0,-0.6805577684176353,0.29162529935514475,52.217372235055755
1e-05,22,p1,A1,149.0518917985881,15672.02,-0.990489299286334,0.2895496482527826,53.612507727243475
1e-05,22,p2,E1,43.97034975247826,3453.38,-0.9872674452992494,0.2895496482527826,53.612507727243475
1e-05,22,p3,"K_ads,1",1006.2306965598561,30.836,31.63168687767078,0.2895496482527826,53.612507727243475
1e-05,22,p4,"K_ads,2",862.9105352408818,558.532,0.5449616767542088,0.2895496482527826,53.612507727243475
1e-05,22,p5,A2,1.90853830372785,0.7439,1.5655844921734776,0.2895496482527826,53.612507727243475
1e-05,22,p6,E2,40180.60766084122,40000.0,0.004515191521030465,0.2895496482527826,53.612507727243475
1e-05,22,p7,"K_ads,3",30950.199535460564,17197.0,0.7997441144071968,0.2895496482527826,53.612507727243475
1e-05,22,p8,"K_ads,4",36202.78923381217,124119.0,-0.708321939156679,0.2895496482527826,53.612507727243475
1e-05,22,p9,Inhibition / adsorption,31699.4925074116,98084.0,-0.6768128083335548,0.2895496482527826,53.612507727243475
1e-05,26,p1,A1,13562.788384558946,15672.02,-0.1345858169809032,0.15783508544699254,54.58402789788381
1e-05,26,p2,E1,54.55366977556354,3453.38,-0.9842028187527688,0.15783508544699254,54.58402789788381
1e-05,26,p3,"K_ads,1",67.75827692974731,30.836,1.1973756949587273,0.15783508544699254,54.58402789788381
1e-05,26,p4,"K_ads,2",83.27311161747159,558.532,-0.8509071787874793,0.15783508544699254,54.58402789788381
1e-05,26,p5,A2,0.19961237673635412,0.7439,-0.7316677285436831,0.15783508544699254,54.58402789788381
1e-05,26,p6,E2,60721.90355442035,40000.0,0.5180475888605087,0.15783508544699254,54.58402789788381
1e-05,26,p7,"K_ads,3",10780.365829731509,17197.0,-0.3731252061562186,0.15783508544699254,54.58402789788381
1e-05,26,p8,"K_ads,4",148659.39698734574,124119.0,0.19771668308112167,0.15783508544699254,54.58402789788381
1e-05,26,p9,Inhibition / adsorption,80892.31083726762,98084.0,-0.1752751637650624,0.15783508544699254,54.58402789788381
1e-05,30,p1,A1,20192.982611729596,15672.02,0.28847350958776186,0.11207156816137753,55.55146759923275
1e-05,30,p2,E1,9882.233055361734,3453.38,1.8616118282267615,0.11207156816137753,55.55146759923275
1e-05,30,p3,"K_ads,1",76.85083085561075,30.836,1.492243833688246,0.11207156816137753,55.55146759923275
1e-05,30,p4,"K_ads,2",99.38608292095982,558.532,-0.822058390708214,0.11207156816137753,55.55146759923275
1e-05,30,p5,A2,0.10003365473418473,0.7439,-0.8655280888100757,0.11207156816137753,55.55146759923275
1e-05,30,p6,E2,73487.76323396254,40000.0,0.8371940808490635,0.11207156816137753,55.55146759923275
1e-05,30,p7,"K_ads,3",15139.357116765394,17197.0,-0.1196512695955461,0.11207156816137753,55.55146759923275
1e-05,30,p8,"K_ads,4",149571.16719754375,124119.0,0.20506261891848748,0.11207156816137753,55.55146759923275
1e-05,30,p9,Inhibition / adsorption,120730.03219664276,98084.0,0.23088406056688918,0.11207156816137753,55.55146759923275
1e-05,34,p1,A1,45654.08275934829,15672.02,1.913094978142466,0.11717509112537267,56.009016895751024
1e-05,34,p2,E1,9884.75854986423,3453.38,1.8623431391460623,0.11717509112537267,56.009016895751024
1e-05,34,p3,"K_ads,1",100.537190766939,30.836,2.2603836673673308,0.11717509112537267,56.009016895751024
1e-05,34,p4,"K_ads,2",127.85278512938855,558.532,-0.7710913875491672,0.11717509112537267,56.009016895751024
1e-05,34,p5,A2,0.10000893953142528,0.7439,-0.865561312634191,0.11717509112537267,56.009016895751024
1e-05,34,p6,E2,68194.69582846186,40000.0,0.7048673957115464,0.11717509112537267,56.009016895751024
1e-05,34,p7,"K_ads,3",13014.107619991142,17197.0,-0.24323384194969225,0.11717509112537267,56.009016895751024
1e-05,34,p8,"K_ads,4",149588.68866734434,124119.0,0.20520378561980307,0.11717509112537267,56.009016895751024
1e-05,34,p9,Inhibition / adsorption,137082.91140665114,98084.0,0.3976072693472038,0.11717509112537267,56.009016895751024
1e-05,38,p1,A1,75777.46648159718,15672.02,3.835207362011864,0.13167145163942737,56.72672949193845
1e-05,38,p2,E1,9884.798647524603,3453.38,1.8623547502807694,0.13167145163942737,56.72672949193845
1e-05,38,p3,"K_ads,1",116.24620673834866,30.836,2.7698212069771913,0.13167145163942737,56.72672949193845
1e-05,38,p4,"K_ads,2",159.59280586833444,558.532,-0.7142638096504149,0.13167145163942737,56.72672949193845
1e-05,38,p5,A2,0.10000852581193373,0.7439,-0.8655618687835277,0.13167145163942737,56.72672949193845
1e-05,38,p6,E2,63051.366342940186,40000.0,0.5762841585735047,0.13167145163942737,56.72672949193845
1e-05,38,p7,"K_ads,3",10000.33143157958,17197.0,-0.41848395466769905,0.13167145163942737,56.72672949193845
1e-05,38,p8,"K_ads,4",149594.05487565655,124119.0,0.20524702000222814,0.13167145163942737,56.72672949193845
1e-05,38,p9,Inhibition / adsorption,147990.92692636143,98084.0,0.5088182264830291,0.13167145163942737,56.72672949193845
1e-05,42,p1,A1,40886.09629321362,15672.02,1.6088593744273945,0.14368584532285955,57.418874761910885
1e-05,42,p2,E1,9884.22251725031,3453.38,1.8621879194442283,0.14368584532285955,57.418874761910885
1e-05,42,p3,"K_ads,1",88.5724353679453,30.836,1.8723711041621904,0.14368584532285955,57.418874761910885
1e-05,42,p4,"K_ads,2",149.7093046443681,558.532,-0.7319593064598482,0.14368584532285955,57.418874761910885
1e-05,42,p5,A2,0.10001410567367,0.7439,-0.865554367961191,0.14368584532285955,57.418874761910885
1e-05,42,p6,E2,80846.5072929477,40000.0,1.0211626823236926,0.14368584532285955,57.418874761910885
1e-05,42,p7,"K_ads,3",10000.411608895485,17197.0,-0.4184792923826548,0.14368584532285955,57.418874761910885
1e-05,42,p8,"K_ads,4",149594.0723765673,124119.0,0.2052471610032895,0.14368584532285955,57.418874761910885
1e-05,42,p9,Inhibition / adsorption,149593.25548370837,98084.0,0.5251545153512129,0.14368584532285955,57.418874761910885
1e-05,46,p1,A1,70920.60901316885,15672.02,3.5253010788123578,0.14067094063188512,57.88905193329667
1e-05,46,p2,E1,9884.488654094072,3453.38,1.8622649850564001,0.14067094063188512,57.88905193329667
1e-05,46,p3,"K_ads,1",104.51719026260639,30.836,2.38945356928935,0.14067094063188512,57.88905193329667
1e-05,46,p4,"K_ads,2",185.92017452978277,558.532,-0.6671270857716607,0.14067094063188512,57.88905193329667
1e-05,46,p5,A2,0.1000115256911881,0.7439,-0.8655578361457346,0.14067094063188512,57.88905193329667
1e-05,46,p6,E2,80551.75430394968,40000.0,1.013793857598742,0.14067094063188512,57.88905193329667
1e-05,46,p7,"K_ads,3",11047.740056079398,17197.0,-0.35757748118396243,0.14067094063188512,57.88905193329667
1e-05,46,p8,"K_ads,4",149593.9164460379,124119.0,0.20524590470466175,0.14067094063188512,57.88905193329667
1e-05,46,p9,Inhibition / adsorption,149593.88566619545,98084.0,0.5251609402776747,0.14067094063188512,57.88905193329667
1e-05,50,p1,A1,41215.499095762076,15672.02,1.6298779031523745,0.15497289031290892,58.31830144165175
1e-05,50,p2,E1,9884.852449965918,3453.38,1.862370329927757,0.15497289031290892,58.31830144165175
1e-05,50,p3,"K_ads,1",79.39513495169348,30.836,1.5747546682998275,0.15497289031290892,58.31830144165175
1e-05,50,p4,"K_ads,2",178.09644023265656,558.532,-0.68113475999109,0.15497289031290892,58.31830144165175
1e-05,50,p5,A2,0.10000799446219662,0.7439,-0.8655625830592867,0.15497289031290892,58.31830144165175
1e-05,50,p6,E2,94649.28576658222,40000.0,1.3662321441645555,0.15497289031290892,58.31830144165175
1e-05,50,p7,"K_ads,3",10000.281835893808,17197.0,-0.41848683864082065,0.15497289031290892,58.31830144165175
1e-05,50,p8,"K_ads,4",149594.1795631318,124119.0,0.20524802458231048,0.15497289031290892,58.31830144165175
1e-05,50,p9,Inhibition / adsorption,149593.80140814921,98084.0,0.5251600812380125,0.15497289031290892,58.31830144165175
1e-05,54,p1,A1,64250.47533132375,15672.02,3.0996932961624446,0.16765978179860144,58.71888845091333
1e-05,54,p2,E1,9885.474152165298,3453.38,1.8625503570893727,0.16765978179860144,58.71888845091333
1e-05,54,p3,"K_ads,1",84.3238537163787,30.836,1.7345911829153813,0.16765978179860144,58.71888845091333
1e-05,54,p4,"K_ads,2",248.69212456123043,558.532,-0.554739702360419,0.16765978179860144,58.71888845091333
1e-05,54,p5,A2,0.10000193713103665,0.7439,-0.8655707257278711,0.16765978179860144,58.71888845091333
1e-05,54,p6,E2,124030.31815023592,40000.0,2.100757953755898,0.16765978179860144,58.71888845091333
1e-05,54,p7,"K_ads,3",15999.054085661099,17197.0,-0.06966016830487301,0.16765978179860144,58.71888845091333
1e-05,54,p8,"K_ads,4",149594.1315771919,124119.0,0.2052476379699474,0.16765978179860144,58.71888845091333
1e-05,54,p9,Inhibition / adsorption,149593.90647578286,98084.0,0.5251611524385512,0.16765978179860144,58.71888845091333
1e-05,58,p1,A1,84728.23302888602,15672.02,4.4063377298450375,0.1650007717758876,59.25142247053673
1e-05,58,p2,E1,9885.478166278068,3453.38,1.8625515194615325,0.1650007717758876,59.25142247053673
1e-05,58,p3,"K_ads,1",92.78867410355141,30.836,2.009102156685414,0.1650007717758876,59.25142247053673
1e-05,58,p4,"K_ads,2",263.65723362797894,558.532,-0.5279460556817176,0.1650007717758876,59.25142247053673
1e-05,58,p5,A2,0.10000189753769674,0.7439,-0.8655707789518796,0.1650007717758876,59.25142247053673
1e-05,58,p6,E2,118867.09589572146,40000.0,1.9716773973930366,0.1650007717758876,59.25142247053673
1e-05,58,p7,"K_ads,3",15568.931712601974,17197.0,-0.09467164548456276,0.1650007717758876,59.25142247053673
1e-05,58,p8,"K_ads,4",149593.95323776884,124119.0,0.20524620112769879,0.1650007717758876,59.25142247053673
1e-05,58,p9,Inhibition / adsorption,148558.85748420458,98084.0,0.5146084731883342,0.1650007717758876,59.25142247053673
1e-05,62,p1,A1,98625.92229220163,15672.02,5.293121262747344,0.16111941500870489,59.651843524683564
1e-05,62,p2,E1,9885.253013817575,3453.38,1.862486321753637,0.16111941500870489,59.651843524683564
1e-05,62,p3,"K_ads,1",98.75513330023227,30.836,2.2025922071679944,0.16111941500870489,59.651843524683564
1e-05,62,p4,"K_ads,2",270.9266143798641,558.532,-0.5149309003246653,0.16111941500870489,59.651843524683564
1e-05,62,p5,A2,0.10000191865247723,0.7439,-0.8655707505679833,0.16111941500870489,59.651843524683564
1e-05,62,p6,E2,112646.68872240171,40000.0,1.8161672180600428,0.16111941500870489,59.651843524683564
1e-05,62,p7,"K_ads,3",14877.550851651362,17197.0,-0.13487521941900554,0.16111941500870489,59.651843524683564
1e-05,62,p8,"K_ads,4",149592.3211356615,124119.0,0.20523305163320288,0.16111941500870489,59.651843524683564
1e-05,62,p9,Inhibition / adsorption,147676.28328231396,98084.0,0.5056103266823739,0.16111941500870489,59.651843524683564
1e-05,66,p1,A1,7159.743366313358,15672.02,-0.543151210481268,0.1605839970229371,59.96146165912286
1e-05,66,p2,E1,9885.419841226825,3453.38,1.862534630196163,0.1605839970229371,59.96146165912286
1e-05,66,p3,"K_ads,1",37.543485750489644,30.836,0.2175212657442485,0.1605839970229371,59.96146165912286
1e-05,66,p4,"K_ads,2",125.60786804248723,558.532,-0.775110704413557,0.1605839970229371,59.96146165912286
1e-05,66,p5,A2,0.10000247033465413,0.7439,-0.8655700089600025,0.1605839970229371,59.96146165912286
1e-05,66,p6,E2,125289.41805948099,40000.0,2.1322354514870248,0.1605839970229371,59.96146165912286
1e-05,66,p7,"K_ads,3",16417.49522659793,17197.0,-0.045327951003202305,0.1605839970229371,59.96146165912286
1e-05,66,p8,"K_ads,4",149593.5198164116,124119.0,0.20524270914534923,0.1605839970229371,59.96146165912286
1e-05,66,p9,Inhibition / adsorption,81374.04707995044,98084.0,-0.17036369764742018,0.1605839970229371,59.96146165912286
1e-05,70,p1,A1,98621.68374835262,15672.02,5.292850809809623,0.16544327638365797,60.193441212820815
1e-05,70,p2,E1,9885.268460849898,3453.38,1.8624907947720488,0.16544327638365797,60.193441212820815
1e-05,70,p3,"K_ads,1",89.25653866190864,30.836,1.8945563192991517,0.16544327638365797,60.193441212820815
1e-05,70,p4,"K_ads,2",303.8979429493375,558.532,-0.45589877939072876,0.16544327638365797,60.193441212820815
1e-05,70,p5,A2,0.10000253378329402,0.7439,-0.8655699236681086,0.16544327638365797,60.193441212820815
1e-05,70,p6,E2,124943.35022061935,40000.0,2.123583755515484,0.16544327638365797,60.193441212820815
1e-05,70,p7,"K_ads,3",15924.686979103913,17197.0,-0.07398459155062433,0.16544327638365797,60.193441212820815
1e-05,70,p8,"K_ads,4",149592.4249446251,124119.0,0.20523388799962206,0.16544327638365797,60.193441212820815
1e-05,70,p9,Inhibition / adsorption,126563.81450545695,98084.0,0.29036147083578306,0.16544327638365797,60.193441212820815
1e-05,74,p1,A1,98626.44360658633,15672.02,5.293154526767214,0.16402517144658368,60.552974503678264
1e-05,74,p2,E1,9885.48304554543,3453.38,1.8625529323576988,0.16402517144658368,60.552974503678264
1e-05,74,p3,"K_ads,1",89.37226091251263,30.836,1.8983091488037565,0.16402517144658368,60.552974503678264
1e-05,74,p4,"K_ads,2",303.6489102031254,558.532,-0.4563446495399988,0.16402517144658368,60.552974503678264
1e-05,74,p5,A2,0.1000016161348172,0.7439,-0.8655711572324006,0.16402517144658368,60.552974503678264
1e-05,74,p6,E2,122957.9710946434,40000.0,2.073949277366085,0.16402517144658368,60.552974503678264
1e-05,74,p7,"K_ads,3",15190.69054748437,17197.0,-0.11666624716611212,0.16402517144658368,60.552974503678264
1e-05,74,p8,"K_ads,4",149593.98515772546,124119.0,0.20524645829990137,0.16402517144658368,60.552974503678264
1e-05,74,p9,Inhibition / adsorption,125496.5899727941,98084.0,0.27948075091548163,0.16402517144658368,60.552974503678264
1e-05,78,p1,A1,98620.22388117929,15672.02,5.292757658628517,0.16267369993331307,60.97379680619987
1e-05,78,p2,E1,9885.261429831806,3453.38,1.862488758790462,0.16267369993331307,60.97379680619987
1e-05,78,p3,"K_ads,1",89.44171888926192,30.836,1.900561645131078,0.16267369993331307,60.97379680619987
1e-05,78,p4,"K_ads,2",307.96081753669876,558.532,-0.4486245773980744,0.16267369993331307,60.97379680619987
1e-05,78,p5,A2,0.10000268551507635,0.7439,-0.8655697197001259,0.16267369993331307,60.97379680619987
1e-05,78,p6,E2,120368.71432921353,40000.0,2.0092178582303384,0.16267369993331307,60.97379680619987
1e-05,78,p7,"K_ads,3",14411.429419123113,17197.0,-0.16198003028882288,0.16267369993331307,60.97379680619987
1e-05,78,p8,"K_ads,4",149592.33645119204,124119.0,0.20523317502712748,0.16267369993331307,60.97379680619987
1e-05,78,p9,Inhibition / adsorption,126246.80463306209,98084.0,0.28712944652606015,0.16267369993331307,60.97379680619987
1e-05,82,p1,A1,98623.9671909962,15672.02,5.292996511681085,0.1648202525548613,61.18382420996756
1e-05,82,p2,E1,9885.28324444275,3453.38,1.8624950756773797,0.1648202525548613,61.18382420996756
1e-05,82,p3,"K_ads,1",88.8666775795319,30.836,1.8819132695398852,0.1648202525548613,61.18382420996756
1e-05,82,p4,"K_ads,2",309.4284928872344,558.532,-0.44599684013228535,0.1648202525548613,61.18382420996756
1e-05,82,p5,A2,0.10000223706353532,0.7439,-0.8655703225386002,0.1648202525548613,61.18382420996756
1e-05,82,p6,E2,126265.81706744475,40000.0,2.1566454266861186,0.1648202525548613,61.18382420996756
1e-05,82,p7,"K_ads,3",17060.28479308723,17197.0,-0.007949945159781919,0.1648202525548613,61.18382420996756
1e-05,82,p8,"K_ads,4",149592.54746056272,124119.0,0.2052348750840945,0.1648202525548613,61.18382420996756
1e-05,82,p9,Inhibition / adsorption,118052.31268854708,98084.0,0.20358379234683624,0.1648202525548613,61.18382420996756
1e-05,86,p1,A1,98622.57907625381,15672.02,5.292907938877937,0.16145791495541448,61.41946207302879
1e-05,86,p2,E1,9885.286826310876,3453.38,1.8624961128838633,0.16145791495541448,61.41946207302879
1e-05,86,p3,"K_ads,1",89.76820294053228,30.836,1.9111494013663342,0.16145791495541448,61.41946207302879
1e-05,86,p4,"K_ads,2",303.6812185567667,558.532,-0.45628680441448893,0.16145791495541448,61.41946207302879
1e-05,86,p5,A2,0.10000240382273903,0.7439,-0.8655700983697553,0.16145791495541448,61.41946207302879
1e-05,86,p6,E2,123671.5192128855,40000.0,2.0917879803221373,0.16145791495541448,61.41946207302879
1e-05,86,p7,"K_ads,3",17116.007985591936,17197.0,-0.004709659499218717,0.16145791495541448,61.41946207302879
1e-05,86,p8,"K_ads,4",149592.54823332204,124119.0,0.20523488131004958,0.16145791495541448,61.41946207302879
1e-05,86,p9,Inhibition / adsorption,107007.15433742995,98084.0,0.09097461703672312,0.16145791495541448,61.41946207302879
1e-05,90,p1,A1,6288.417312645775,15672.02,-0.5987487692942087,0.1771875320785292,61.62545816861324
1e-05,90,p2,E1,9885.443175206941,3453.38,1.8625413870489032,0.1771875320785292,61.62545816861324
1e-05,90,p3,"K_ads,1",35.42354312142608,30.836,0.1487723155216656,0.1771875320785292,61.62545816861324
1e-05,90,p4,"K_ads,2",123.17956567396877,558.532,-0.7794583557003559,0.1771875320785292,61.62545816861324
1e-05,90,p5,A2,0.10000223970301565,0.7439,-0.8655703189904346,0.1771875320785292,61.62545816861324
1e-05,90,p6,E2,127286.57053185406,40000.0,2.1821642632963516,0.1771875320785292,61.62545816861324
1e-05,90,p7,"K_ads,3",18699.167604209684,17197.0,0.08735056138917743,0.1771875320785292,61.62545816861324
1e-05,90,p8,"K_ads,4",149593.71312599414,124119.0,0.20524426659894246,0.1771875320785292,61.62545816861324
1e-05,90,p9,Inhibition / adsorption,54107.59524293859,98084.0,-0.44835452017720945,0.1771875320785292,61.62545816861324
1e-05,94,p1,A1,10802.683405839956,15672.02,-0.3107025510534088,0.16496783802215978,61.747628292700924
1e-05,94,p2,E1,9885.43078904561,3453.38,1.8625378003711173,0.16496783802215978,61.747628292700924
1e-05,94,p3,"K_ads,1",43.41248729707808,30.836,0.4078508009170477,0.16496783802215978,61.747628292700924
1e-05,94,p4,"K_ads,2",146.17489422330505,558.532,-0.7382873421338347,0.16496783802215978,61.747628292700924
1e-05,94,p5,A2,0.1000023608128614,0.7439,-0.8655701561865017,0.16496783802215978,61.747628292700924
1e-05,94,p6,E2,124173.11338512215,40000.0,2.104327834628054,0.16496783802215978,61.747628292700924
1e-05,94,p7,"K_ads,3",18963.574512967778,17197.0,0.1027257378012315,0.16496783802215978,61.747628292700924
1e-05,94,p8,"K_ads,4",149593.62668640047,124119.0,0.20524357017378864,0.16496783802215978,61.747628292700924
1e-05,94,p9,Inhibition / adsorption,64647.76240337514,98084.0,-0.34089390315061435,0.16496783802215978,61.747628292700924
1e-05,98,p1,A1,15119.141310017003,15672.02,-0.03527807455471582,0.17820662404203905,61.9747814676255
1e-05,98,p2,E1,9885.51681199972,3453.38,1.8625627101563451,0.17820662404203905,61.9747814676255
1e-05,98,p3,"K_ads,1",50.06502240670682,30.836,0.6235900378358677,0.17820662404203905,61.9747814676255
1e-05,98,p4,"K_ads,2",161.59972101937842,558.532,-0.7106706132873705,0.17820662404203905,61.9747814676255
1e-05,98,p5,A2,0.1000015177662692,0.7439,-0.8655712894659643,0.17820662404203905,61.9747814676255
1e-05,98,p6,E2,135740.79804052424,40000.0,2.393519951013106,0.17820662404203905,61.9747814676255
1e-05,98,p7,"K_ads,3",24683.35669425619,17197.0,0.43532922569379473,0.17820662404203905,61.9747814676255
1e-05,98,p8,"K_ads,4",149594.23651065785,124119.0,0.2052484833962395,0.17820662404203905,61.9747814676255
1e-05,98,p9,Inhibition / adsorption,66285.32668901708,98084.0,-0.3241983739548033,0.17820662404203905,61.9747814676255
1e-05,102,p1,A1,98621.62640544097,15672.02,5.29284715087404,0.180203234626373,62.267776688182046
1e-05,102,p2,E1,9885.393129367183,3453.38,1.8625268952061989,0.180203234626373,62.267776688182046
1e-05,102,p3,"K_ads,1",93.77253287782719,30.836,2.041008330452302,0.180203234626373,62.267776688182046
1e-05,102,p4,"K_ads,2",301.1650512744099,558.532,-0.4607917697206071,0.180203234626373,62.267776688182046
1e-05,102,p5,A2,0.1000022011146718,0.7439,-0.8655703708634603,0.180203234626373,62.267776688182046
1e-05,102,p6,E2,137464.31089044607,40000.0,2.436607772261152,0.180203234626373,62.267776688182046
1e-05,102,p7,"K_ads,3",26058.629056847894,17197.0,0.5153008697358781,0.180203234626373,62.267776688182046
1e-05,102,p8,"K_ads,4",149593.38296745045,124119.0,0.2052416065827992,0.180203234626373,62.267776688182046
1e-05,102,p9,Inhibition / adsorption,104194.20320044778,98084.0,0.062295616007175286,0.180203234626373,62.267776688182046
1e-05,106,p1,A1,27032.83099038287,15672.02,0.7249104448809324,0.4068896288287787,62.43100736593671
1e-05,106,p2,E1,9885.52196339286,3453.38,1.8625642018523472,0.4068896288287787,62.43100736593671
1e-05,106,p3,"K_ads,1",108.29511691253983,30.836,2.5119703240543467,0.4068896288287787,62.43100736593671
1e-05,106,p4,"K_ads,2",31.611105137069565,558.532,-0.9434032335889984,0.4068896288287787,62.43100736593671
1e-05,106,p5,A2,0.10000146694865199,0.7439,-0.865571357778395,0.4068896288287787,62.43100736593671
1e-05,106,p6,E2,149594.24218104337,40000.0,2.739856054526084,0.4068896288287787,62.43100736593671
1e-05,106,p7,"K_ads,3",74224.20742653895,17197.0,3.316113707422164,0.4068896288287787,62.43100736593671
1e-05,106,p8,"K_ads,4",10000.112216892854,124119.0,-0.9194312537412254,0.4068896288287787,62.43100736593671
1e-05,106,p9,Inhibition / adsorption,71445.04253166323,98084.0,-0.2715933023565186,0.4068896288287787,62.43100736593671
1e-05,110,p1,A1,98548.88637512097,15672.02,5.288205756189755,0.40621745889098837,62.65759907231222
1e-05,110,p2,E1,9885.45003236147,3453.38,1.8625433726845786,0.40621745889098837,62.65759907231222
1e-05,110,p3,"K_ads,1",166.41178287678167,30.836,4.396672164897576,0.40621745889098837,62.65759907231222
1e-05,110,p4,"K_ads,2",47.36971456409129,558.532,-0.9151888977460714,0.40621745889098837,62.65759907231222
1e-05,110,p5,A2,0.10000214870613017,0.7439,-0.8655704413145178,0.40621745889098837,62.65759907231222
1e-05,110,p6,E2,149593.4400937398,40000.0,2.739836002343495,0.40621745889098837,62.65759907231222
1e-05,110,p7,"K_ads,3",73717.50619105199,17197.0,3.2866491941066456,0.40621745889098837,62.65759907231222
1e-05,110,p8,"K_ads,4",10000.86740904037,124119.0,-0.9194251693210519,0.40621745889098837,62.65759907231222
1e-05,110,p9,Inhibition / adsorption,100660.33255213097,98084.0,0.026266593451847134,0.40621745889098837,62.65759907231222
1e-05,114,p1,A1,98624.86094880947,15672.02,5.2930535405652535,0.4063258054073793,62.7947103835315
1e-05,114,p2,E1,9885.449827415208,3453.38,1.8625433133380074,0.4063258054073793,62.7947103835315
1e-05,114,p3,"K_ads,1",165.8740703083749,30.836,4.379234346490302,0.4063258054073793,62.7947103835315
1e-05,114,p4,"K_ads,2",48.943225959950844,558.532,-0.9123716708085645,0.4063258054073793,62.7947103835315
1e-05,114,p5,A2,0.10000182348121367,0.7439,-0.865570878503544,0.4063258054073793,62.7947103835315
1e-05,114,p6,E2,149593.1918288898,40000.0,2.739829795722245,0.4063258054073793,62.7947103835315
1e-05,114,p7,"K_ads,3",73884.2773078785,17197.0,3.2963468807279463,0.4063258054073793,62.7947103835315
1e-05,114,p8,"K_ads,4",10002.034695965443,124119.0,-0.9194157647421793,0.4063258054073793,62.7947103835315
1e-05,114,p9,Inhibition / adsorption,90235.42565490099,98084.0,-0.08001890568389353,0.4063258054073793,62.7947103835315
1e-05,118,p1,A1,98607.46815496287,15672.02,5.291943741455337,0.35208479639969364,63.00431162464554
1e-05,118,p2,E1,9885.452677059871,3453.38,1.8625441385135348,0.35208479639969364,63.00431162464554
1e-05,118,p3,"K_ads,1",164.7048452370445,30.836,4.341316812720344,0.35208479639969364,63.00431162464554
1e-05,118,p4,"K_ads,2",55.935859838583184,558.532,-0.8998520051875575,0.35208479639969364,63.00431162464554
1e-05,118,p5,A2,0.10000206729449408,0.7439,-0.8655705507534693,0.35208479639969364,63.00431162464554
1e-05,118,p6,E2,149592.98418433493,40000.0,2.739824604608373,0.35208479639969364,63.00431162464554
1e-05,118,p7,"K_ads,3",73788.15899233619,17197.0,3.2907576316994933,0.35208479639969364,63.00431162464554
1e-05,118,p8,"K_ads,4",18434.555464683788,124119.0,-0.8514767645188587,0.35208479639969364,63.00431162464554
1e-05,118,p9,Inhibition / adsorption,83278.42933635095,98084.0,-0.15094786778321695,0.35208479639969364,63.00431162464554
1e-05,122,p1,A1,98626.85645464106,15672.02,5.293180869769248,0.35936206161160006,63.19700951864155
1e-05,122,p2,E1,9885.452494748772,3453.38,1.8625440857214588,0.35936206161160006,63.19700951864155
1e-05,122,p3,"K_ads,1",164.8180716005965,30.836,4.344988701537051,0.35936206161160006,63.19700951864155
1e-05,122,p4,"K_ads,2",55.81071250069508,558.532,-0.900076069946404,0.35936206161160006,63.19700951864155
1e-05,122,p5,A2,0.10000162036199522,0.7439,-0.8655711515499459,0.35936206161160006,63.19700951864155
1e-05,122,p6,E2,149592.98628787266,40000.0,2.7398246571968166,0.35936206161160006,63.19700951864155
1e-05,122,p7,"K_ads,3",73821.69491707902,17197.0,3.2927077349002163,0.35936206161160006,63.19700951864155
1e-05,122,p8,"K_ads,4",16792.20134962466,124119.0,-0.8647088572287509,0.35936206161160006,63.19700951864155
1e-05,122,p9,Inhibition / adsorption,102630.63347052943,98084.0,0.046354486669889367,0.35936206161160006,63.19700951864155
1e-05,126,p1,A1,98626.84614248404,15672.02,5.293180211771299,0.358381538285565,63.35635589717811
1e-05,126,p2,E1,9885.453906740648,3453.38,1.8625444945938898,0.358381538285565,63.35635589717811
1e-05,126,p3,"K_ads,1",164.69311702875564,30.836,4.340936471291855,0.358381538285565,63.35635589717811
1e-05,126,p4,"K_ads,2",57.81764443107105,558.532,-0.8964828435415141,0.358381538285565,63.35635589717811
1e-05,126,p5,A2,0.10000162047074608,0.7439,-0.8655711514037557,0.358381538285565,63.35635589717811
1e-05,126,p6,E2,149593.0119169875,40000.0,2.7398252979246878,0.358381538285565,63.35635589717811
1e-05,126,p7,"K_ads,3",74612.62885810908,17197.0,3.3387002883124426,0.358381538285565,63.35635589717811
1e-05,126,p8,"K_ads,4",17095.67019733577,124119.0,-0.8622638742067228,0.358381538285565,63.35635589717811
1e-05,126,p9,Inhibition / adsorption,102652.52994185763,98084.0,0.04657772870047747,0.358381538285565,63.35635589717811
1e-05,130,p1,A1,98626.13094885586,15672.02,5.2931345767077795,0.3456939940453805,63.603714516586244
1e-05,130,p2,E1,9885.458718088948,3453.38,1.86254588782264,0.3456939940453805,63.603714516586244
1e-05,130,p3,"K_ads,1",164.7146484447237,30.836,4.341634727095722,0.3456939940453805,63.603714516586244
1e-05,130,p4,"K_ads,2",57.91789882525773,558.532,-0.896303347301036,0.3456939940453805,63.603714516586244
1e-05,130,p5,A2,0.10000170031241001,0.7439,-0.8655710440752654,0.3456939940453805,63.603714516586244
1e-05,130,p6,E2,149593.09540875233,40000.0,2.739827385218808,0.3456939940453805,63.603714516586244
1e-05,130,p7,"K_ads,3",74466.29712090247,17197.0,3.3301911450196235,0.3456939940453805,63.603714516586244
1e-05,130,p8,"K_ads,4",19919.329279426915,124119.0,-0.8395142622851705,0.3456939940453805,63.603714516586244
1e-05,130,p9,Inhibition / adsorption,94691.06350517747,98084.0,-0.034592150552817245,0.3456939940453805,63.603714516586244
1e-05,134,p1,A1,850.048781488052,15672.02,-0.9457601010279433,0.2603179696406806,63.68760502199671
1e-05,134,p2,E1,98.3831984238824,3453.38,-0.9715110418129825,0.2603179696406806,63.68760502199671
1e-05,134,p3,"K_ads,1",35.6279902969069,30.836,0.15540246130843505,0.2603179696406806,63.68760502199671
1e-05,134,p4,"K_ads,2",513.1227759812294,558.532,-0.08130102486298117,0.2603179696406806,63.68760502199671
1e-05,134,p5,A2,1.7441976433047688,0.7439,1.3446668144976055,0.2603179696406806,63.68760502199671
1e-05,134,p6,E2,48809.41180540466,40000.0,0.22023529513511658,0.2603179696406806,63.68760502199671
1e-05,134,p7,"K_ads,3",45895.49930694542,17197.0,1.6688084728118522,0.2603179696406806,63.68760502199671
1e-05,134,p8,"K_ads,4",32163.71842668044,124119.0,-0.7408638610794444,0.2603179696406806,63.68760502199671
1e-05,134,p9,Inhibition / adsorption,45499.23739697428,98084.0,-0.536119679081458,0.2603179696406806,63.68760502199671
1e-05,138,p1,A1,98627.80516415056,15672.02,5.293241405010366,0.19114608671644726,63.79174839119482
1e-05,138,p2,E1,9885.515182570827,3453.38,1.862562238320378,0.19114608671644726,63.79174839119482
1e-05,138,p3,"K_ads,1",93.01279409124467,30.836,2.0163702844481994,0.19114608671644726,63.79174839119482
1e-05,138,p4,"K_ads,2",302.5887455222242,558.532,-0.45824277656029705,0.19114608671644726,63.79174839119482
1e-05,138,p5,A2,0.10000140794078807,0.7439,-0.8655714371007016,0.19114608671644726,63.79174839119482
1e-05,138,p6,E2,146300.46425144016,40000.0,2.657511606286004,0.19114608671644726,63.79174839119482
1e-05,138,p7,"K_ads,3",29406.073708551674,17197.0,0.7099536959092675,0.19114608671644726,63.79174839119482
1e-05,138,p8,"K_ads,4",149594.2369482502,124119.0,0.20524848692182673,0.19114608671644726,63.79174839119482
1e-05,138,p9,Inhibition / adsorption,98326.26221301251,98084.0,0.002469946301257179,0.19114608671644726,63.79174839119482
1e-05,142,p1,A1,98626.88407192707,15672.02,5.29318263197259,0.18733282502932747,63.856042720225865
1e-05,142,p2,E1,9885.446565291733,3453.38,1.8625423687204226,0.18733282502932747,63.856042720225865
1e-05,142,p3,"K_ads,1",85.95784058113799,30.836,1.7875807686190812,0.18733282502932747,63.856042720225865
1e-05,142,p4,"K_ads,2",324.7182579390947,558.532,-0.4186219268742083,0.18733282502932747,63.856042720225865
1e-05,142,p5,A2,0.10000162180938468,0.7439,-0.8655711496042685,0.18733282502932747,63.856042720225865
1e-05,142,p6,E2,147996.68812741575,40000.0,2.6999172031853935,0.18733282502932747,63.856042720225865
1e-05,142,p7,"K_ads,3",26038.277681476626,17197.0,0.5141174438260525,0.18733282502932747,63.856042720225865
1e-05,142,p8,"K_ads,4",149593.80318145634,124119.0,0.20524499215636885,0.18733282502932747,63.856042720225865
1e-05,142,p9,Inhibition / adsorption,98516.03265918313,98084.0,0.004404721047093566,0.18733282502932747,63.856042720225865
1e-05,146,p1,A1,98626.86344319145,15672.02,5.293181315694559,0.18514445367914192,64.01917562076638
1e-05,146,p2,E1,9885.448590726646,3453.38,1.8625429552283983,0.18514445367914192,64.01917562076638
1e-05,146,p3,"K_ads,1",87.67431994360598,30.836,1.8432455553121672,0.18514445367914192,64.01917562076638
1e-05,146,p4,"K_ads,2",328.90499060521734,558.532,-0.4111259684221901,0.18514445367914192,64.01917562076638
1e-05,146,p5,A2,0.10000162324688107,0.7439,-0.8655711476718899,0.18514445367914192,64.01917562076638
1e-05,146,p6,E2,144748.7335577442,40000.0,2.6187183389436055,0.18514445367914192,64.01917562076638
1e-05,146,p7,"K_ads,3",26122.008235094287,17197.0,0.5189863484964986,0.18514445367914192,64.01917562076638
1e-05,146,p8,"K_ads,4",149593.8066678112,124119.0,0.20524502024517768,0.18514445367914192,64.01917562076638
1e-05,146,p9,Inhibition / adsorption,98924.48654678094,98084.0,0.008569048435840129,0.18514445367914192,64.01917562076638
1e-05,150,p1,A1,98626.86013168906,15672.02,5.293181104394268,0.18534287672193475,64.15059455688619
1e-05,150,p2,E1,9885.449844550743,3453.38,1.8625433182999678,0.18534287672193475,64.15059455688619
1e-05,150,p3,"K_ads,1",90.88154132188284,30.836,1.9472545505864198,0.18534287672193475,64.15059455688619
1e-05,150,p4,"K_ads,2",315.78314175514066,558.532,-0.4346194277943956,0.18534287672193475,64.15059455688619
1e-05,150,p5,A2,0.10000162251917905,0.7439,-0.8655711486501154,0.18534287672193475,64.15059455688619
1e-05,150,p6,E2,143064.8069633973,40000.0,2.576620174084933,0.18534287672193475,64.15059455688619
1e-05,150,p7,"K_ads,3",27017.796626956657,17197.0,0.5710761543848728,0.18534287672193475,64.15059455688619
1e-05,150,p8,"K_ads,4",149593.81402810654,124119.0,0.20524507954548896,0.18534287672193475,64.15059455688619
1e-05,150,p9,Inhibition / adsorption,101078.9526644533,98084.0,0.03053456898631075,0.18534287672193475,64.15059455688619
1e-06,10,p1,A1,37351.20543794066,15672.02,1.3833051156098997,0.12951392631830505,65.51697418291572
1e-06,10,p2,E1,9861.583744386939,3453.38,1.8556323788250753,0.12951392631830505,65.51697418291572
1e-06,10,p3,"K_ads,1",94.09412326729787,30.836,2.0514373870572666,0.12951392631830505,65.51697418291572
1e-06,10,p4,"K_ads,2",117.709854245072,558.532,-0.7892513692231207,0.12951392631830505,65.51697418291572
1e-06,10,p5,A2,0.10023103899353715,0.7439,-0.8652627517226279,0.12951392631830505,65.51697418291572
1e-06,10,p6,E2,63611.20278201118,40000.0,0.5902800695502796,0.12951392631830505,65.51697418291572
1e-06,10,p7,"K_ads,3",10002.58492740496,17197.0,-0.4183529146127255,0.12951392631830505,65.51697418291572
1e-06,10,p8,"K_ads,4",149593.0666505176,124119.0,0.20523905808552764,0.12951392631830505,65.51697418291572
1e-06,10,p9,Inhibition / adsorption,149591.76314135126,98084.0,0.5251393004093559,0.12951392631830505,65.51697418291572
1e-06,14,p1,A1,98595.92451565343,15672.02,5.291207165104015,0.3013396344855623,68.39296775001847
1e-06,14,p2,E1,9870.254494549554,3453.38,1.8581431798845054,0.3013396344855623,68.39296775001847
1e-06,14,p3,"K_ads,1",132.90637950267637,30.836,3.3101044072731995,0.3013396344855623,68.39296775001847
1e-06,14,p4,"K_ads,2",162.2477045848135,558.532,-0.7095104585147969,0.3013396344855623,68.39296775001847
1e-06,14,p5,A2,0.10001146572978932,0.7439,-0.8655579167498463,0.3013396344855623,68.39296775001847
1e-06,14,p6,E2,38379.977142507436,40000.0,-0.0405005714373141,0.3013396344855623,68.39296775001847
1e-06,14,p7,"K_ads,3",10007.474971307216,17197.0,-0.4180685601379766,0.3013396344855623,68.39296775001847
1e-06,14,p8,"K_ads,4",130024.20133623801,124119.0,0.04757693291307543,0.3013396344855623,68.39296775001847
1e-06,14,p9,Inhibition / adsorption,10007.109271835494,98084.0,-0.897974090862572,0.3013396344855623,68.39296775001847
1e-06,18,p1,A1,46266.42712532643,15672.02,1.9521674375942877,0.13133446600647566,72.61204644745325
1e-06,18,p2,E1,9879.498477550631,3453.38,1.8608199727659946,0.13133446600647566,72.61204644745325
1e-06,18,p3,"K_ads,1",97.24316755535428,30.836,2.1535597209545427,0.13133446600647566,72.61204644745325
1e-06,18,p4,"K_ads,2",133.54920780724353,558.532,-0.7608924684579513,0.13133446600647566,72.61204644745325
1e-06,18,p5,A2,0.10006012705106443,0.7439,-0.8654925029559559,0.13133446600647566,72.61204644745325
1e-06,18,p6,E2,65408.66162674567,40000.0,0.6352165406686417,0.13133446600647566,72.61204644745325
1e-06,18,p7,"K_ads,3",10004.291606590252,17197.0,-0.41825367176889855,0.13133446600647566,72.61204644745325
1e-06,18,p8,"K_ads,4",149593.36616110362,124119.0,0.20524147117768934,0.13133446600647566,72.61204644745325
1e-06,18,p9,Inhibition / adsorption,149593.0345732097,98084.0,0.5251522630929581,0.13133446600647566,72.61204644745325
1e-06,22,p1,A1,49040.146235000975,15672.02,2.129152861915757,0.12983372721969197,74.19281927251438
1e-06,22,p2,E1,9879.85169929529,3453.38,1.8609222556727871,0.12983372721969197,74.19281927251438
1e-06,22,p3,"K_ads,1",99.3664627176391,30.836,2.2224173925813693,0.12983372721969197,74.19281927251438
1e-06,22,p4,"K_ads,2",135.82570717771043,558.532,-0.7568166064295144,0.12983372721969197,74.19281927251438
1e-06,22,p5,A2,0.1000567303460038,0.7439,-0.8654970690334671,0.12983372721969197,74.19281927251438
1e-06,22,p6,E2,66793.71105474734,40000.0,0.6698427763686835,0.12983372721969197,74.19281927251438
1e-06,22,p7,"K_ads,3",10520.524557910683,17197.0,-0.3882348922538418,0.12983372721969197,74.19281927251438
1e-06,22,p8,"K_ads,4",149593.53759967905,124119.0,0.20524285242129772,0.12983372721969197,74.19281927251438
1e-06,22,p9,Inhibition / adsorption,149593.5192133899,98084.0,0.5251572041657141,0.12983372721969197,74.19281927251438
1e-06,26,p1,A1,517.9363004153748,15672.02,-0.9669515288765983,0.25112161099526853,75.18818788729078
1e-06,26,p2,E1,94.16927418597581,3453.38,-0.9727312736548033,0.25112161099526853,75.18818788729078
1e-06,26,p3,"K_ads,1",7437.387671602695,30.836,240.19171330920662,0.25112161099526853,75.18818788729078
1e-06,26,p4,"K_ads,2",218.62508669723778,558.532,-0.6085719588184065,0.25112161099526853,75.18818788729078
1e-06,26,p5,A2,1.0884560112027053,0.7439,0.4631751730107612,0.25112161099526853,75.18818788729078
1e-06,26,p6,E2,47184.5387990264,40000.0,0.17961346997565997,0.25112161099526853,75.18818788729078
1e-06,26,p7,"K_ads,3",27291.05824808653,17197.0,0.5869662294636582,0.25112161099526853,75.18818788729078
1e-06,26,p8,"K_ads,4",49066.9817459811,124119.0,-0.6046779159840064,0.25112161099526853,75.18818788729078
1e-06,26,p9,Inhibition / adsorption,42479.432012854224,98084.0,-0.5669076300634739,0.25112161099526853,75.18818788729078
1e-06,30,p1,A1,490.5687667462162,15672.02,-0.9686977960246211,0.24927204249601545,76.08047209101007
1e-06,30,p2,E1,90.90235079801913,3453.38,-0.9736772811570058,0.24927204249601545,76.08047209101007
1e-06,30,p3,"K_ads,1",5398.161366391584,30.836,174.06036341910703,0.24927204249601545,76.08047209101007
1e-06,30,p4,"K_ads,2",213.17873954176773,558.532,-0.6183231407658509,0.24927204249601545,76.08047209101007
1e-06,30,p5,A2,1.5354572466364165,0.7439,1.0640640497868215,0.24927204249601545,76.08047209101007
1e-06,30,p6,E2,46887.91483260931,40000.0,0.17219787081523283,0.24927204249601545,76.08047209101007
1e-06,30,p7,"K_ads,3",27654.901282477753,17197.0,0.6081235844901874,0.24927204249601545,76.08047209101007
1e-06,30,p8,"K_ads,4",48695.19812084674,124119.0,-0.6076732964264396,0.24927204249601545,76.08047209101007
1e-06,30,p9,Inhibition / adsorption,42464.70271490565,98084.0,-0.5670578003047831,0.24927204249601545,76.08047209101007
1e-06,34,p1,A1,465.554457335045,15672.02,-0.9702939086770535,0.2469378241496489,76.65014188253595
1e-06,34,p2,E1,87.8534822416546,3453.38,-0.9745601462214831,0.2469378241496489,76.65014188253595
1e-06,34,p3,"K_ads,1",3551.787552391316,30.836,114.1831480215111,0.2469378241496489,76.65014188253595
1e-06,34,p4,"K_ads,2",207.83235046589942,558.532,-0.6278953569967354,0.2469378241496489,76.65014188253595
1e-06,34,p5,A2,2.3754368559606225,0.7439,2.193220669391884,0.2469378241496489,76.65014188253595
1e-06,34,p6,E2,46602.666705263306,40000.0,0.16506666763158265,0.2469378241496489,76.65014188253595
1e-06,34,p7,"K_ads,3",28065.952020563804,17197.0,0.6320260522511952,0.2469378241496489,76.65014188253595
1e-06,34,p8,"K_ads,4",48339.68488590101,124119.0,-0.6105375898460267,0.2469378241496489,76.65014188253595
1e-06,34,p9,Inhibition / adsorption,42578.74700879444,98084.0,-0.5658950796379181,0.2469378241496489,76.65014188253595
1e-06,38,p1,A1,442.96450183915977,15672.02,-0.9717353281938665,0.2427450866792568,77.28450427436145
1e-06,38,p2,E1,85.00027711974856,3453.38,-0.9753863527559236,0.2427450866792568,77.28450427436145
1e-06,38,p3,"K_ads,1",979.6213784540935,30.836,30.76875659794051,0.2427450866792568,77.28450427436145
1e-06,38,p4,"K_ads,2",170.06785657379476,558.532,-0.6955091980874959,0.2427450866792568,77.28450427436145
1e-06,38,p5,A2,10.37762459860832,0.7439,12.950295199097082,0.2427450866792568,77.28450427436145
1e-06,38,p6,E2,46327.068470016275,40000.0,0.15817671175040687,0.2427450866792568,77.28450427436145
1e-06,38,p7,"K_ads,3",28367.285675146213,17197.0,0.6495485070155383,0.2427450866792568,77.28450427436145
1e-06,38,p8,"K_ads,4",48190.21351204053,124119.0,-0.6117418484515624,0.2427450866792568,77.28450427436145
1e-06,38,p9,Inhibition / adsorption,42654.65554691517,98084.0,-0.5651211660728032,0.2427450866792568,77.28450427436145
1e-06,42,p1,A1,1993.8523243738155,15672.02,-0.872776302967083,0.3256411349789286,77.79115075705133
1e-06,42,p2,E1,9885.332113884704,3453.38,1.8625092268689527,0.3256411349789286,77.79115075705133
1e-06,42,p3,"K_ads,1",43.9071098911316,30.836,0.4238912274981061,0.3256411349789286,77.79115075705133
1e-06,42,p4,"K_ads,2",24.106034670729034,558.532,-0.9568403696283667,0.3256411349789286,77.79115075705133
1e-06,42,p5,A2,0.10000332364293657,0.7439,-0.8655688618860915,0.3256411349789286,77.79115075705133
1e-06,42,p6,E2,149590.81450942275,40000.0,2.7397703627355687,0.3256411349789286,77.79115075705133
1e-06,42,p7,"K_ads,3",73675.63311911242,17197.0,3.284214288487086,0.3256411349789286,77.79115075705133
1e-06,42,p8,"K_ads,4",35473.19453403345,124119.0,-0.714200126217312,0.3256411349789286,77.79115075705133
1e-06,42,p9,Inhibition / adsorption,39876.160371430604,98084.0,-0.5934488767645019,0.3256411349789286,77.79115075705133
1e-06,46,p1,A1,790.6633606557893,15672.02,-0.9495493650049075,0.29381344256797354,78.24578178268042
1e-06,46,p2,E1,9885.518075100803,3453.38,1.8625630759142644,0.29381344256797354,78.24578178268042
1e-06,46,p3,"K_ads,1",23.67734074915989,30.836,-0.23215265439227234,0.29381344256797354,78.24578178268042
1e-06,46,p4,"K_ads,2",47.789382480295956,558.532,-0.9144375210725689,0.29381344256797354,78.24578178268042
1e-06,46,p5,A2,0.10000150604063059,0.7439,-0.8655713052283498,0.29381344256797354,78.24578178268042
1e-06,46,p6,E2,149594.09377851282,40000.0,2.7398523444628204,0.29381344256797354,78.24578178268042
1e-06,46,p7,"K_ads,3",42026.66011447105,17197.0,1.4438367223626825,0.29381344256797354,78.24578178268042
1e-06,46,p8,"K_ads,4",144169.87502114737,124119.0,0.16154557337029277,0.29381344256797354,78.24578178268042
1e-06,46,p9,Inhibition / adsorption,21221.796372898,98084.0,-0.7836365118378329,0.29381344256797354,78.24578178268042
1e-06,50,p1,A1,12208.121331970868,15672.02,-0.2210243904760926,0.20973210858025038,78.71270033303176
1e-06,50,p2,E1,9885.36090033797,3453.38,1.862517562601848,0.20973210858025038,78.71270033303176
1e-06,50,p3,"K_ads,1",57.334962636401464,30.836,0.8593514929433606,0.20973210858025038,78.71270033303176
1e-06,50,p4,"K_ads,2",116.07718714846543,558.532,-0.7921745089834326,0.20973210858025038,78.71270033303176
1e-06,50,p5,A2,0.10000305791302772,0.7439,-0.8655692190979597,0.20973210858025038,78.71270033303176
1e-06,50,p6,E2,149591.19594566952,40000.0,2.739779898641738,0.20973210858025038,78.71270033303176
1e-06,50,p7,"K_ads,3",39359.37526955194,17197.0,1.2887349694453651,0.20973210858025038,78.71270033303176
1e-06,50,p8,"K_ads,4",148880.15931908542,124119.0,0.19949531755078126,0.20973210858025038,78.71270033303176
1e-06,50,p9,Inhibition / adsorption,69687.56838969032,98084.0,-0.2895113536388165,0.20973210858025038,78.71270033303176
1e-06,54,p1,A1,9054.704384374474,15672.02,-0.4222375683304083,0.20389391996655346,79.16268660175267
1e-06,54,p2,E1,9885.379063063468,3453.38,1.8625228220072707,0.20389391996655346,79.16268660175267
1e-06,54,p3,"K_ads,1",48.60911582514275,30.836,0.5763755294183018,0.20389391996655346,79.16268660175267
1e-06,54,p4,"K_ads,2",113.24439045057515,558.532,-0.7972463700368553,0.20389391996655346,79.16268660175267
1e-06,54,p5,A2,0.10000287822513199,0.7439,-0.8655694606464148,0.20389391996655346,79.16268660175267
1e-06,54,p6,E2,149591.5109046085,40000.0,2.7397877726152124,0.20389391996655346,79.16268660175267
1e-06,54,p7,"K_ads,3",35766.39846997957,17197.0,1.0798045281141808,0.20389391996655346,79.16268660175267
1e-06,54,p8,"K_ads,4",146675.51406827982,124119.0,0.18173296649408893,0.20389391996655346,79.16268660175267
1e-06,54,p9,Inhibition / adsorption,70756.81631911175,98084.0,-0.27861000449500684,0.20389391996655346,79.16268660175267
1e-06,58,p1,A1,23562.067396383292,15672.02,0.503448017318973,0.19654650647854477,79.60298963635783
1e-06,58,p2,E1,9885.33917929387,3453.38,1.8625112728092097,0.19654650647854477,79.60298963635783
1e-06,58,p3,"K_ads,1",64.79288277689228,30.836,1.1012090665745327,0.19654650647854477,79.60298963635783
1e-06,58,p4,"K_ads,2",156.4194449468331,558.532,-0.719945419516101,0.19654650647854477,79.60298963635783
1e-06,58,p5,A2,0.10000327099233909,0.7439,-0.8655689326625365,0.19654650647854477,79.60298963635783
1e-06,58,p6,E2,149590.66188183523,40000.0,2.7397665470458805,0.19654650647854477,79.60298963635783
1e-06,58,p7,"K_ads,3",33727.38378353552,17197.0,0.9612364821501147,0.19654650647854477,79.60298963635783
1e-06,58,p8,"K_ads,4",149358.47266199163,124119.0,0.2033489849418029,0.19654650647854477,79.60298963635783
1e-06,58,p9,Inhibition / adsorption,86373.46612094373,98084.0,-0.11939290688650817,0.19654650647854477,79.60298963635783
1e-06,62,p1,A1,1918.6851473856566,15672.02,-0.877572568986917,0.3143941358885859,79.87409285215803
1e-06,62,p2,E1,78.11923340201953,3453.38,-0.9773789060566692,0.3143941358885859,79.87409285215803
1e-06,62,p3,"K_ads,1",28283.901553737025,30.836,916.2363975138484,0.3143941358885859,79.87409285215803
1e-06,62,p4,"K_ads,2",5902.584310138431,558.532,9.56803246750129,0.3143941358885859,79.87409285215803
1e-06,62,p5,A2,0.16978751988573026,0.7439,-0.7717602905152168,0.3143941358885859,79.87409285215803
1e-06,62,p6,E2,42265.5669037857,40000.0,0.05663917259464252,0.3143941358885859,79.87409285215803
1e-06,62,p7,"K_ads,3",29473.468266594755,17197.0,0.7138726677091792,0.3143941358885859,79.87409285215803
1e-06,62,p8,"K_ads,4",40189.790583205635,124119.0,-0.6761995296191103,0.3143941358885859,79.87409285215803
1e-06,62,p9,Inhibition / adsorption,24625.738285510524,98084.0,-0.7489321572783479,0.3143941358885859,79.87409285215803
1e-06,66,p1,A1,1544.6947127124529,15672.02,-0.9014361446251056,0.3008906397304849,80.22069536530198
1e-06,66,p2,E1,73.7823374116191,3453.38,-0.9786347469981238,0.3008906397304849,80.22069536530198
1e-06,66,p3,"K_ads,1",12454.473459987059,30.836,402.89393760497666,0.3008906397304849,80.22069536530198
1e-06,66,p4,"K_ads,2",4112.294319210189,558.532,6.362683461664128,0.3008906397304849,80.22069536530198
1e-06,66,p5,A2,0.6713059976975398,0.7439,-0.09758570009740578,0.3008906397304849,80.22069536530198
1e-06,66,p6,E2,42035.23670393282,40000.0,0.05088091759832041,0.3008906397304849,80.22069536530198
1e-06,66,p7,"K_ads,3",30008.696940421512,17197.0,0.7449960423574759,0.3008906397304849,80.22069536530198
1e-06,66,p8,"K_ads,4",40096.797336000425,124119.0,-0.6769487561453087,0.3008906397304849,80.22069536530198
1e-06,66,p9,Inhibition / adsorption,25409.93207658482,98084.0,-0.7409370327822599,0.3008906397304849,80.22069536530198
1e-06,70,p1,A1,1396.323727112845,15672.02,-0.9109033980869827,0.29595796626719667,80.70704296648282
1e-06,70,p2,E1,71.80247737393171,3453.38,-0.9792080577944126,0.29595796626719667,80.70704296648282
1e-06,70,p3,"K_ads,1",8440.865305407726,30.836,272.73411938668204,0.29595796626719667,80.70704296648282
1e-06,70,p4,"K_ads,2",3483.928734521999,558.532,5.237652873106642,0.29595796626719667,80.70704296648282
1e-06,70,p5,A2,1.0243692924790966,0.7439,0.3770255309572477,0.29595796626719667,80.70704296648282
1e-06,70,p6,E2,41925.74231089428,40000.0,0.04814355777235705,0.29595796626719667,80.70704296648282
1e-06,70,p7,"K_ads,3",30311.326241567076,17197.0,0.7625938385513216,0.29595796626719667,80.70704296648282
1e-06,70,p8,"K_ads,4",40056.05927693997,124119.0,-0.6772769738965029,0.29595796626719667,80.70704296648282
1e-06,70,p9,Inhibition / adsorption,25821.977817142983,98084.0,-0.7367360852214124,0.29595796626719667,80.70704296648282
1e-06,74,p1,A1,1268.410265641003,15672.02,-0.9190652981784733,0.29096536566521386,81.14975402893751
1e-06,74,p2,E1,69.93774843683009,3453.38,-0.9797480299194326,0.29096536566521386,81.14975402893751
1e-06,74,p3,"K_ads,1",5313.9923076619625,30.836,171.3307921799832,0.29096536566521386,81.14975402893751
1e-06,74,p4,"K_ads,2",2961.131238639902,558.532,4.3016322048511135,0.29096536566521386,81.14975402893751
1e-06,74,p5,A2,1.6767175040984896,0.7439,1.25395551028161,0.29096536566521386,81.14975402893751
1e-06,74,p6,E2,41819.903582059764,40000.0,0.04549758955149409,0.29096536566521386,81.14975402893751
1e-06,74,p7,"K_ads,3",30674.609058271377,17197.0,0.7837186171001557,0.29096536566521386,81.14975402893751
1e-06,74,p8,"K_ads,4",40024.85814983393,124119.0,-0.6775283546448655,0.29096536566521386,81.14975402893751
1e-06,74,p9,Inhibition / adsorption,26277.379006094066,98084.0,-0.7320931140033637,0.29096536566521386,81.14975402893751
1e-06,78,p1,A1,1157.8512051950663,15672.02,-0.9261198489285322,0.283686422886231,81.54826480616283
1e-06,78,p2,E1,68.1860481297572,3453.38,-0.9802552721884771,0.283686422886231,81.54826480616283
1e-06,78,p3,"K_ads,1",2063.1138935598347,30.836,65.90601548708764,0.283686422886231,81.54826480616283
1e-06,78,p4,"K_ads,2",2375.7382296348765,558.532,3.2535400471859734,0.283686422886231,81.54826480616283
1e-06,78,p5,A2,4.733268986198957,0.7439,5.3627758921884086,0.283686422886231,81.54826480616283
1e-06,78,p6,E2,41717.92597011358,40000.0,0.04294814925283954,0.283686422886231,81.54826480616283
1e-06,78,p7,"K_ads,3",31311.675576543013,17197.0,0.8207638295367223,0.283686422886231,81.54826480616283
1e-06,78,p8,"K_ads,4",40058.90796382453,124119.0,-0.6772540226409773,0.283686422886231,81.54826480616283
1e-06,78,p9,Inhibition / adsorption,26960.055541780213,98084.0,-0.7251329927227661,0.283686422886231,81.54826480616283
1e-06,82,p1,A1,98624.3010538141,15672.02,5.293017814794397,0.36322328806374765,81.73390190569008
1e-06,82,p2,E1,9885.278603884837,3453.38,1.8624937319046375,0.36322328806374765,81.73390190569008
1e-06,82,p3,"K_ads,1",160.27614177438053,30.836,4.197695608197579,0.36322328806374765,81.73390190569008
1e-06,82,p4,"K_ads,2",58.66705979685573,558.532,-0.8949620437202243,0.36322328806374765,81.73390190569008
1e-06,82,p5,A2,0.10000219196021168,0.7439,-0.8655703831694964,0.36322328806374765,81.73390190569008
1e-06,82,p6,E2,149590.0770107839,40000.0,2.7397519252695974,0.36322328806374765,81.73390190569008
1e-06,82,p7,"K_ads,3",75055.85829973187,17197.0,3.3644739372990564,0.36322328806374765,81.73390190569008
1e-06,82,p8,"K_ads,4",16231.260523509924,124119.0,-0.8692282364222245,0.36322328806374765,81.73390190569008
1e-06,82,p9,Inhibition / adsorption,87551.72133130948,98084.0,-0.10738019114932626,0.36322328806374765,81.73390190569008
1e-06,86,p1,A1,98626.47262835664,15672.02,5.2931563785878675,0.3666768713337302,81.92470418450687
1e-06,86,p2,E1,9885.281166702916,3453.38,1.8624944740233962,0.3666768713337302,81.92470418450687
1e-06,86,p3,"K_ads,1",160.2774795005858,30.836,4.19773899016039,0.3666768713337302,81.92470418450687
1e-06,86,p4,"K_ads,2",58.120592709945704,558.532,-0.8959404426067876,0.3666768713337302,81.92470418450687
1e-06,86,p5,A2,0.10000178517067629,0.7439,-0.8655709300031237,0.3666768713337302,81.92470418450687
1e-06,86,p6,E2,149590.10271979624,40000.0,2.739752567994906,0.3666768713337302,81.92470418450687
1e-06,86,p7,"K_ads,3",75171.33526915486,17197.0,3.371188885803039,0.3666768713337302,81.92470418450687
1e-06,86,p8,"K_ads,4",15623.265483008045,124119.0,-0.8741267212674285,0.3666768713337302,81.92470418450687
1e-06,86,p9,Inhibition / adsorption,86318.12387964799,98084.0,-0.11995714000603576,0.3666768713337302,81.92470418450687
1e-06,90,p1,A1,98625.99573783462,15672.02,5.293125949165112,0.33153457129302033,82.23076255980865
1e-06,90,p2,E1,9885.298484635636,3453.38,1.8624994888010111,0.33153457129302033,82.23076255980865
1e-06,90,p3,"K_ads,1",158.70315143467633,30.836,4.14668411709289,0.33153457129302033,82.23076255980865
1e-06,90,p4,"K_ads,2",65.57752342475862,558.532,-0.8825894963497909,0.33153457129302033,82.23076255980865
1e-06,90,p5,A2,0.10000188208873743,0.7439,-0.8655707997194013,0.33153457129302033,82.23076255980865
1e-06,90,p6,E2,149590.42904582148,40000.0,2.739760726145537,0.33153457129302033,82.23076255980865
1e-06,90,p7,"K_ads,3",74475.89360689776,17197.0,3.3307491775831695,0.33153457129302033,82.23076255980865
1e-06,90,p8,"K_ads,4",24740.379032954857,124119.0,-0.8006721047305017,0.33153457129302033,82.23076255980865
1e-06,90,p9,Inhibition / adsorption,67477.61411221733,98084.0,-0.31204259499798814,0.33153457129302033,82.23076255980865
1e-06,94,p1,A1,98625.74421614203,15672.02,5.293109900072998,0.3251425784087024,82.4352210905008
1e-06,94,p2,E1,9885.365790541091,3453.38,1.8625189786646967,0.3251425784087024,82.4352210905008
1e-06,94,p3,"K_ads,1",158.23281840259665,30.836,4.1314313919638295,0.3251425784087024,82.4352210905008
1e-06,94,p4,"K_ads,2",68.35114633925468,558.532,-0.8776235804944843,0.3251425784087024,82.4352210905008
1e-06,94,p5,A2,0.10000188094034587,0.7439,-0.8655708012631457,0.3251425784087024,82.4352210905008
1e-06,94,p6,E2,149591.3858060874,40000.0,2.7397846451521852,0.3251425784087024,82.4352210905008
1e-06,94,p7,"K_ads,3",73699.83023340727,17197.0,3.2856213428741796,0.3251425784087024,82.4352210905008
1e-06,94,p8,"K_ads,4",26601.501699741177,124119.0,-0.7856774410062829,0.3251425784087024,82.4352210905008
1e-06,94,p9,Inhibition / adsorption,68463.37825451302,98084.0,-0.30199239167944797,0.3251425784087024,82.4352210905008
1e-06,98,p1,A1,98622.65241648024,15672.02,5.2929126185699245,0.3136303340634082,82.60093374346683
1e-06,98,p2,E1,9885.388375657461,3453.38,1.8625255186679315,0.3136303340634082,82.60093374346683
1e-06,98,p3,"K_ads,1",158.80287137936273,30.836,4.149917997774119,0.3136303340634082,82.60093374346683
1e-06,98,p4,"K_ads,2",70.52848915913304,558.532,-0.8737252491188812,0.3136303340634082,82.60093374346683
1e-06,98,p5,A2,0.10000215667906229,0.7439,-0.8655704305967706,0.3136303340634082,82.60093374346683
1e-06,98,p6,E2,149591.60447362092,40000.0,2.739790111840523,0.3136303340634082,82.60093374346683
1e-06,98,p7,"K_ads,3",72278.14788467549,17197.0,3.202950973115979,0.3136303340634082,82.60093374346683
1e-06,98,p8,"K_ads,4",30518.27757701619,124119.0,-0.7541208229439798,0.3136303340634082,82.60093374346683
1e-06,98,p9,Inhibition / adsorption,70498.12949303557,98084.0,-0.28124740535627046,0.3136303340634082,82.60093374346683
1e-06,102,p1,A1,98625.60890018898,15672.02,5.293101265834843,0.3173402138442622,83.03719476943593
1e-06,102,p2,E1,9885.413673194844,3453.38,1.8625328441106521,0.3173402138442622,83.03719476943593
1e-06,102,p3,"K_ads,1",161.93560326044658,30.836,4.2515113263862565,0.3173402138442622,83.03719476943593
1e-06,102,p4,"K_ads,2",61.07778744180131,558.532,-0.89064585835404,0.3173402138442622,83.03719476943593
1e-06,102,p5,A2,0.10000183911110548,0.7439,-0.8655708574928008,0.3173402138442622,83.03719476943593
1e-06,102,p6,E2,149592.2560285496,40000.0,2.73980640071374,0.3173402138442622,83.03719476943593
1e-06,102,p7,"K_ads,3",70346.25532513829,17197.0,3.090612044259946,0.3173402138442622,83.03719476943593
1e-06,102,p8,"K_ads,4",27472.650876871954,124119.0,-0.7786587800669361,0.3173402138442622,83.03719476943593
1e-06,102,p9,Inhibition / adsorption,89488.21854448035,98084.0,-0.08763693829288827,0.3173402138442622,83.03719476943593
1e-06,106,p1,A1,98625.84396363782,15672.02,5.293116264759604,0.3332466001131892,83.20305563472921
1e-06,106,p2,E1,9885.419994317772,3453.38,1.862534674526919,0.3332466001131892,83.20305563472921
1e-06,106,p3,"K_ads,1",164.2458322443989,30.836,4.326431192255769,0.3332466001131892,83.20305563472921
1e-06,106,p4,"K_ads,2",54.13521219496192,558.532,-0.9030758986146507,0.3332466001131892,83.20305563472921
1e-06,106,p5,A2,0.10000180069715292,0.7439,-0.8655709091313981,0.3332466001131892,83.20305563472921
1e-06,106,p6,E2,149592.33590268518,40000.0,2.7398083975671295,0.3332466001131892,83.20305563472921
1e-06,106,p7,"K_ads,3",70180.15365900907,17197.0,3.08095328598064,0.3332466001131892,83.20305563472921
1e-06,106,p8,"K_ads,4",22294.90796386559,124119.0,-0.8203747374385422,0.3332466001131892,83.20305563472921
1e-06,106,p9,Inhibition / adsorption,94100.48500255952,98084.0,-0.04061330081807917,0.3332466001131892,83.20305563472921
1e-06,110,p1,A1,98626.69601375003,15672.02,5.2931706323594545,0.3329242208319581,83.42853725983262
1e-06,110,p2,E1,9885.428100001353,3453.38,1.8625370217008705,0.3329242208319581,83.42853725983262
1e-06,110,p3,"K_ads,1",164.29598252321264,30.836,4.328057547127146,0.3329242208319581,83.42853725983262
1e-06,110,p4,"K_ads,2",53.19637723136135,558.532,-0.9047567959734423,0.3329242208319581,83.42853725983262
1e-06,110,p5,A2,0.1000016688782645,0.7439,-0.8655710863311405,0.3329242208319581,83.42853725983262
1e-06,110,p6,E2,149592.47795776775,40000.0,2.739811948944194,0.3329242208319581,83.42853725983262
1e-06,110,p7,"K_ads,3",70499.28135860778,17197.0,3.0995104587199966,0.3329242208319581,83.42853725983262
1e-06,110,p8,"K_ads,4",22570.169130739498,124119.0,-0.8181570176142291,0.3329242208319581,83.42853725983262
1e-06,110,p9,Inhibition / adsorption,87304.23063673206,98084.0,-0.10990344361229093,0.3329242208319581,83.42853725983262
1e-06,114,p1,A1,1095.1106946416678,15672.02,-0.9301231944164398,0.25373374211666794,83.55375290997584
1e-06,114,p2,E1,107.11789040618972,3453.38,-0.9689817250328113,0.25373374211666794,83.55375290997584
1e-06,114,p3,"K_ads,1",38.725225181874556,30.836,0.2558446355517758,0.25373374211666794,83.55375290997584
1e-06,114,p4,"K_ads,2",393.2585462481804,558.532,-0.2959068661273117,0.25373374211666794,83.55375290997584
1e-06,114,p5,A2,1.394634723217487,0.7439,0.8747610205907876,0.25373374211666794,83.55375290997584
1e-06,114,p6,E2,49188.40425272704,40000.0,0.22971010631817607,0.25373374211666794,83.55375290997584
1e-06,114,p7,"K_ads,3",44901.40205374549,17197.0,1.6110020383639874,0.25373374211666794,83.55375290997584
1e-06,114,p8,"K_ads,4",34172.466965584514,124119.0,-0.7246798075589996,0.25373374211666794,83.55375290997584
1e-06,114,p9,Inhibition / adsorption,43518.39288670531,98084.0,-0.5563150678326199,0.25373374211666794,83.55375290997584
1e-06,118,p1,A1,98626.93535193225,15672.02,5.293185904046335,0.33851437122222344,83.72692283067425
1e-06,118,p2,E1,9885.431897430382,3453.38,1.8625381213276218,0.33851437122222344,83.72692283067425
1e-06,118,p3,"K_ads,1",165.3727984637319,30.836,4.3629782871880884,0.33851437122222344,83.72692283067425
1e-06,118,p4,"K_ads,2",53.50528044900344,558.532,-0.9042037332704241,0.33851437122222344,83.72692283067425
1e-06,118,p5,A2,0.10000162395483672,0.7439,-0.8655711467202087,0.33851437122222344,83.72692283067425
1e-06,118,p6,E2,149592.5301595252,40000.0,2.73981325398813,0.33851437122222344,83.72692283067425
1e-06,118,p7,"K_ads,3",71496.98261397307,17197.0,3.1575264647306547,0.33851437122222344,83.72692283067425
1e-06,118,p8,"K_ads,4",21245.568821180208,124119.0,-0.8288290364796671,0.33851437122222344,83.72692283067425
1e-06,118,p9,Inhibition / adsorption,87991.65135997607,98084.0,-0.10289495371338786,0.33851437122222344,83.72692283067425
1e-06,122,p1,A1,98627.84786602475,15672.02,5.293244129730867,0.3490708983409738,83.95886353259026
1e-06,122,p2,E1,9885.51411591232,3453.38,1.8625619294466058,0.3490708983409738,83.95886353259026
1e-06,122,p3,"K_ads,1",166.5066592570144,30.836,4.399748970586795,0.3490708983409738,83.95886353259026
1e-06,122,p4,"K_ads,2",50.832528893025255,558.532,-0.9089890482675563,0.3490708983409738,83.95886353259026
1e-06,122,p5,A2,0.10000139941200316,0.7439,-0.8655714485656631,0.3490708983409738,83.95886353259026
1e-06,122,p6,E2,149594.02159871894,40000.0,2.7398505399679736,0.3490708983409738,83.95886353259026
1e-06,122,p7,"K_ads,3",71534.04981576587,17197.0,3.159681910552182,0.3490708983409738,83.95886353259026
1e-06,122,p8,"K_ads,4",18649.983890741252,124119.0,-0.8497411041763046,0.3490708983409738,83.95886353259026
1e-06,122,p9,Inhibition / adsorption,102756.02488558859,98084.0,0.047632895126509804,0.3490708983409738,83.95886353259026
1e-06,126,p1,A1,98627.32663680238,15672.02,5.293210871145033,0.3513968575670829,84.15729412982013
1e-06,126,p2,E1,9885.440922045702,3453.38,1.8625407345979017,0.3513968575670829,84.15729412982013
1e-06,126,p3,"K_ads,1",166.40103491541905,30.836,4.396323612511969,0.3513968575670829,84.15729412982013
1e-06,126,p4,"K_ads,2",53.03494812506038,558.532,-0.9050458198902473,0.3513968575670829,84.15729412982013
1e-06,126,p5,A2,0.10000154078990775,0.7439,-0.8655712585160535,0.3513968575670829,84.15729412982013
1e-06,126,p6,E2,149592.72119495232,40000.0,2.739818029873808,0.3513968575670829,84.15729412982013
1e-06,126,p7,"K_ads,3",71608.78551012375,17197.0,3.164027767059589,0.3513968575670829,84.15729412982013
1e-06,126,p8,"K_ads,4",18164.75814443379,124119.0,-0.8536504633099382,0.3513968575670829,84.15729412982013
1e-06,126,p9,Inhibition / adsorption,110377.59665624333,98084.0,0.12533743175485637,0.3513968575670829,84.15729412982013
1e-06,130,p1,A1,98627.35457489503,15672.02,5.293212653818399,0.34406589864836246,84.33856824125543
1e-06,130,p2,E1,9885.446021339687,3453.38,1.8625422112074799,0.34406589864836246,84.33856824125543
1e-06,130,p3,"K_ads,1",166.44467956139766,30.836,4.3977389921324965,0.34406589864836246,84.33856824125543
1e-06,130,p4,"K_ads,2",52.716328723577824,558.532,-0.9056162785237412,0.34406589864836246,84.33856824125543
1e-06,130,p5,A2,0.10000153278470486,0.7439,-0.8655712692771813,0.34406589864836246,84.33856824125543
1e-06,130,p6,E2,149592.8165966958,40000.0,2.739820414917395,0.34406589864836246,84.33856824125543
1e-06,130,p7,"K_ads,3",71600.52864279748,17197.0,3.163547632889311,0.34406589864836246,84.33856824125543
1e-06,130,p8,"K_ads,4",19832.41626180583,124119.0,-0.840214501713631,0.34406589864836246,84.33856824125543
1e-06,130,p9,Inhibition / adsorption,106331.80300172303,98084.0,0.08408917868075358,0.34406589864836246,84.33856824125543
1e-06,134,p1,A1,98627.33163834913,15672.02,5.293211190283647,0.3470718942655888,84.53294633041763
1e-06,134,p2,E1,9885.447710529017,3453.38,1.8625427003483592,0.3470718942655888,84.53294633041763
1e-06,134,p3,"K_ads,1",168.09049965217767,30.836,4.451112324950632,0.3470718942655888,84.53294633041763
1e-06,134,p4,"K_ads,2",53.02774960892639,558.532,-0.905058708169046,0.3470718942655888,84.53294633041763
1e-06,134,p5,A2,0.10000153704782741,0.7439,-0.8655712635464076,0.3470718942655888,84.53294633041763
1e-06,134,p6,E2,149592.8380837935,40000.0,2.7398209520948376,0.3470718942655888,84.53294633041763
1e-06,134,p7,"K_ads,3",72583.93384446157,17197.0,3.22073232799102,0.3470718942655888,84.53294633041763
1e-06,134,p8,"K_ads,4",19312.748677434894,124119.0,-0.8444013513045151,0.3470718942655888,84.53294633041763
1e-06,134,p9,Inhibition / adsorption,106142.27858847292,98084.0,0.08215691232487382,0.3470718942655888,84.53294633041763
1e-06,138,p1,A1,1072.7371888068294,15672.02,-0.9315508027167634,0.256098886177527,84.6276849830633
1e-06,138,p2,E1,109.98681628074594,3453.38,-0.9681509662183871,0.256098886177527,84.6276849830633
1e-06,138,p3,"K_ads,1",34.54006565934073,30.836,0.12012147033794056,0.256098886177527,84.6276849830633
1e-06,138,p4,"K_ads,2",433.9583589569732,558.532,-0.22303760759101865,0.256098886177527,84.6276849830633
1e-06,138,p5,A2,1.4575855462141056,0.7439,0.9593837158409808,0.256098886177527,84.6276849830633
1e-06,138,p6,E2,50126.912183042274,40000.0,0.25317280457605684,0.256098886177527,84.6276849830633
1e-06,138,p7,"K_ads,3",45623.05513139442,17197.0,1.6529659319296635,0.256098886177527,84.6276849830633
1e-06,138,p8,"K_ads,4",31370.445060956263,124119.0,-0.7472550934107086,0.256098886177527,84.6276849830633
1e-06,138,p9,Inhibition / adsorption,49044.647355588524,98084.0,-0.4999730093023477,0.256098886177527,84.6276849830633
1e-06,142,p1,A1,98627.2455448056,15672.02,5.293205696828207,0.337455320331516,84.76319678815395
1e-06,142,p2,E1,9885.452082026344,3453.38,1.8625439662088574,0.337455320331516,84.76319678815395
1e-06,142,p3,"K_ads,1",164.9998847478141,30.836,4.350884834213715,0.337455320331516,84.76319678815395
1e-06,142,p4,"K_ads,2",59.363343182446904,558.532,-0.8937154125771721,0.337455320331516,84.76319678815395
1e-06,142,p5,A2,0.10000155262959798,0.7439,-0.8655712426003522,0.337455320331516,84.76319678815395
1e-06,142,p6,E2,149592.9405112975,40000.0,2.7398235127824373,0.337455320331516,84.76319678815395
1e-06,142,p7,"K_ads,3",73231.02791606766,17197.0,3.2583606394177855,0.337455320331516,84.76319678815395
1e-06,142,p8,"K_ads,4",21810.80971473836,124119.0,-0.8242750125706912,0.337455320331516,84.76319678815395
1e-06,142,p9,Inhibition / adsorption,106167.15743344423,98084.0,0.08241056067701386,0.337455320331516,84.76319678815395
1e-06,146,p1,A1,1527.9844955760652,15672.02,-0.9025023898912797,0.24966666650479982,84.86375245012691
1e-06,146,p2,E1,114.77633012586239,3453.38,-0.9667640601017373,0.24966666650479982,84.86375245012691
1e-06,146,p3,"K_ads,1",27.936243965984954,30.836,-0.09403800862676888,0.24966666650479982,84.86375245012691
1e-06,146,p4,"K_ads,2",292.84711574536004,558.532,-0.47568426563677635,0.24966666650479982,84.86375245012691
1e-06,146,p5,A2,1.0206434185061113,0.7439,0.37201696263760087,0.24966666650479982,84.86375245012691
1e-06,146,p6,E2,50368.417065631096,40000.0,0.2592104266407774,0.24966666650479982,84.86375245012691
1e-06,146,p7,"K_ads,3",45965.66720428918,17197.0,1.6728887133970565,0.24966666650479982,84.86375245012691
1e-06,146,p8,"K_ads,4",33203.82191060819,124119.0,-0.7324839717480146,0.24966666650479982,84.86375245012691
1e-06,146,p9,Inhibition / adsorption,48841.147956325796,98084.0,-0.502047755430796,0.24966666650479982,84.86375245012691
1e-06,150,p1,A1,98627.38155567815,15672.02,5.293214375407774,0.31651211978496124,85.00018996545371
1e-06,150,p2,E1,9885.459482668655,3453.38,1.862546109223038,0.31651211978496124,85.00018996545371
1e-06,150,p3,"K_ads,1",163.6406463036231,30.836,4.30680523750237,0.31651211978496124,85.00018996545371
1e-06,150,p4,"K_ads,2",65.52291409140679,558.532,-0.8826872693213517,0.31651211978496124,85.00018996545371
1e-06,150,p5,A2,0.10000152146696224,0.7439,-0.8655712844912458,0.31651211978496124,85.00018996545371
1e-06,150,p6,E2,149593.02441442737,40000.0,2.7398256103606844,0.31651211978496124,85.00018996545371
1e-06,150,p7,"K_ads,3",72724.93494683296,17197.0,3.2289314965885305,0.31651211978496124,85.00018996545371
1e-06,150,p8,"K_ads,4",28534.85722629973,124119.0,-0.7701008127176361,0.31651211978496124,85.00018996545371
1e-06,150,p9,Inhibition / adsorption,102956.47985418416,98084.0,0.04967660224077484,0.31651211978496124,85.00018996545371
1e-07,10,p1,A1,37257.16803156135,15672.02,1.3773047782966936,0.1294850918741138,86.08296413065794
1e-07,10,p2,E1,9861.65153014407,3453.38,1.8556520076400715,0.1294850918741138,86.08296413065794
1e-07,10,p3,"K_ads,1",94.01444240536055,30.836,2.048853366369197,0.1294850918741138,86.08296413065794
1e-07,10,p4,"K_ads,2",117.61721432194453,558.532,-0.7894172324558942,0.1294850918741138,86.08296413065794
1e-07,10,p5,A2,0.10023035354223023,0.7439,-0.8652636731519959,0.1294850918741138,86.08296413065794
1e-07,10,p6,E2,63587.161623759166,40000.0,0.5896790405939791,0.1294850918741138,86.08296413065794
1e-07,10,p7,"K_ads,3",10002.564935986109,17197.0,-0.4183540771072798,0.1294850918741138,86.08296413065794
1e-07,10,p8,"K_ads,4",149593.07192103151,124119.0,0.20523910054892092,0.1294850918741138,86.08296413065794
1e-07,10,p9,Inhibition / adsorption,149591.76402535132,98084.0,0.5251393094220396,0.1294850918741138,86.08296413065794
1e-07,14,p1,A1,98602.54822026564,15672.02,5.291629810341337,0.30137174273534467,90.2209747884671
1e-07,14,p2,E1,9877.151524510557,3453.38,1.86014036234372,0.30137174273534467,90.2209747884671
1e-07,14,p3,"K_ads,1",127.69104971504724,30.836,3.1409732038866016,0.30137174273534467,90.2209747884671
1e-07,14,p4,"K_ads,2",168.02797090533878,558.532,-0.6991614251191718,0.30137174273534467,90.2209747884671
1e-07,14,p5,A2,0.10000913955805153,0.7439,-0.8655610437450577,0.30137174273534467,90.2209747884671
1e-07,14,p6,E2,42760.64396563226,40000.0,0.06901609914080654,0.30137174273534467,90.2209747884671
1e-07,14,p7,"K_ads,3",10004.208621581854,17197.0,-0.418258497320355,0.30137174273534467,90.2209747884671
1e-07,14,p8,"K_ads,4",134576.56260982304,124119.0,0.08425432536374804,0.30137174273534467,90.2209747884671
1e-07,14,p9,Inhibition / adsorption,10004.014072378965,98084.0,-0.8980056474819648,0.30137174273534467,90.2209747884671
1e-07,18,p1,A1,1618.368920459819,15672.02,-0.8967351419625664,0.23335505671433562,93.44265143176902
1e-07,18,p2,E1,163.4300367217958,3453.38,-0.9526753393134275,0.23335505671433562,93.44265143176902
1e-07,18,p3,"K_ads,1",54.83023981515341,30.836,0.7781242643388706,0.23335505671433562,93.44265143176902
1e-07,18,p4,"K_ads,2",277.5130558452867,558.532,-0.5031384847326802,0.23335505671433562,93.44265143176902
1e-07,18,p5,A2,1.3956976117854953,0.7439,0.8761898263012439,0.23335505671433562,93.44265143176902
1e-07,18,p6,E2,39785.63032157015,40000.0,-0.005359241960746294,0.23335505671433562,93.44265143176902
1e-07,18,p7,"K_ads,3",25738.067948308766,17197.0,0.4966603447292415,0.23335505671433562,93.44265143176902
1e-07,18,p8,"K_ads,4",53576.82226585389,124119.0,-0.5683431040706589,0.23335505671433562,93.44265143176902
1e-07,18,p9,Inhibition / adsorption,24136.060116831257,98084.0,-0.7539245940537574,0.23335505671433562,93.44265143176902
1e-07,22,p1,A1,98625.44159496437,15672.02,5.293090590425763,0.301697008253146,95.10332165673275
1e-07,22,p2,E1,9880.89425395219,3453.38,1.8612241496598088,0.301697008253146,95.10332165673275
1e-07,22,p3,"K_ads,1",108.7826461362275,30.836,2.5277807152752465,0.301697008253146,95.10332165673275
1e-07,22,p4,"K_ads,2",265.5304598713906,558.532,-0.5245922169698592,0.301697008253146,95.10332165673275
1e-07,22,p5,A2,0.10000220360902011,0.7439,-0.8655703675103911,0.301697008253146,95.10332165673275
1e-07,22,p6,E2,50992.93876825969,40000.0,0.2748234692064923,0.301697008253146,95.10332165673275
1e-07,22,p7,"K_ads,3",10000.558185337382,17197.0,-0.4184707690098632,0.301697008253146,95.10332165673275
1e-07,22,p8,"K_ads,4",110442.13228262523,124119.0,-0.11019157193801732,0.301697008253146,95.10332165673275
1e-07,22,p9,Inhibition / adsorption,10000.552824170833,98084.0,-0.8980409360938498,0.301697008253146,95.10332165673275
1e-07,26,p1,A1,983.9297868583841,15672.02,-0.9372174239913946,0.2456481887152605,96.03619236032371
1e-07,26,p2,E1,81.4987180842504,3453.38,-0.9764003040255488,0.2456481887152605,96.03619236032371
1e-07,26,p3,"K_ads,1",23.045261361728134,30.836,-0.25265075360850514,0.2456481887152605,96.03619236032371
1e-07,26,p4,"K_ads,2",1850.9613500710157,558.532,2.3139754751223123,0.2456481887152605,96.03619236032371
1e-07,26,p5,A2,0.6986607946427084,0.7439,-0.060813557409990115,0.2456481887152605,96.03619236032371
1e-07,26,p6,E2,41220.21522665755,40000.0,0.03050538066643876,0.2456481887152605,96.03619236032371
1e-07,26,p7,"K_ads,3",30407.489752670575,17197.0,0.768185715687072,0.2456481887152605,96.03619236032371
1e-07,26,p8,"K_ads,4",46505.90963455809,124119.0,-0.6253119213451761,0.2456481887152605,96.03619236032371
1e-07,26,p9,Inhibition / adsorption,28087.235065916037,98084.0,-0.7136410111137798,0.2456481887152605,96.03619236032371
1e-07,30,p1,A1,98626.76460792267,15672.02,5.293175009215319,0.30457063190644634,96.71859910993615
1e-07,30,p2,E1,9883.951951501986,3453.38,1.8621095713480664,0.30457063190644634,96.71859910993615
1e-07,30,p3,"K_ads,1",110.33967964590165,30.836,2.578274732322664,0.30457063190644634,96.71859910993615
1e-07,30,p4,"K_ads,2",245.32087805781242,558.532,-0.5607756080979919,0.30457063190644634,96.71859910993615
1e-07,30,p5,A2,0.10000176210785401,0.7439,-0.8655709610057077,0.30457063190644634,96.71859910993615
1e-07,30,p6,E2,61019.25213447823,40000.0,0.5254813033619558,0.30457063190644634,96.71859910993615
1e-07,30,p7,"K_ads,3",10000.332647968282,17197.0,-0.41848388393508856,0.30457063190644634,96.71859910993615
1e-07,30,p8,"K_ads,4",117598.50739671734,124119.0,-0.05253420188111943,0.30457063190644634,96.71859910993615
1e-07,30,p9,Inhibition / adsorption,10000.325510640274,98084.0,-0.8980432536332095,0.30457063190644634,96.71859910993615
1e-07,34,p1,A1,98627.32057919998,15672.02,5.293210484621636,0.19914130078151082,98.20449492633698
1e-07,34,p2,E1,9884.549668140511,3453.38,1.8622826529778105,0.19914130078151082,98.20449492633698
1e-07,34,p3,"K_ads,1",106.45529589711366,30.836,2.4523056134749535,0.19914130078151082,98.20449492633698
1e-07,34,p4,"K_ads,2",252.53514124353745,558.532,-0.5478591356564396,0.19914130078151082,98.20449492633698
1e-07,34,p5,A2,0.10000157980783232,0.7439,-0.8655712060655568,0.19914130078151082,98.20449492633698
1e-07,34,p6,E2,145776.33983912453,40000.0,2.644408495978113,0.19914130078151082,98.20449492633698
1e-07,34,p7,"K_ads,3",34237.062825565336,17197.0,0.9908741539550698,0.19914130078151082,98.20449492633698
1e-07,34,p8,"K_ads,4",149587.0517006611,124119.0,0.20519059693246888,0.19914130078151082,98.20449492633698
1e-07,34,p9,Inhibition / adsorption,106657.55987268667,98084.0,0.08741038163907135,0.19914130078151082,98.20449492633698
1e-07,38,p1,A1,98627.29615687746,15672.02,5.293208926282474,0.2820242570831298,98.99024190824707
1e-07,38,p2,E1,9884.606677621354,3453.38,1.8622991612916486,0.2820242570831298,98.99024190824707
1e-07,38,p3,"K_ads,1",141.15557769178736,30.836,3.5776228334345364,0.2820242570831298,98.99024190824707
1e-07,38,p4,"K_ads,2",127.409259679595,558.532,-0.771885478934788,0.2820242570831298,98.99024190824707
1e-07,38,p5,A2,0.10000158731815091,0.7439,-0.8655711959696856,0.2820242570831298,98.99024190824707
1e-07,38,p6,E2,149576.40416678926,40000.0,2.7394101041697314,0.2820242570831298,98.99024190824707
1e-07,38,p7,"K_ads,3",71457.02948789782,17197.0,3.1552032033434796,0.2820242570831298,98.99024190824707
1e-07,38,p8,"K_ads,4",46628.93036799314,124119.0,-0.6243207698419007,0.2820242570831298,98.99024190824707
1e-07,38,p9,Inhibition / adsorption,104512.70234998516,98084.0,0.0655428240078419,0.2820242570831298,98.99024190824707
1e-07,42,p1,A1,98627.39577833631,15672.02,5.2932152829269175,0.28620343258425895,99.57396341973445
1e-07,42,p2,E1,9884.750968667247,3453.38,1.8623409438484173,0.28620343258425895,99.57396341973445
1e-07,42,p3,"K_ads,1",142.85945856114367,30.836,3.63287905568633,0.28620343258425895,99.57396341973445
1e-07,42,p4,"K_ads,2",117.07495231151415,558.532,-0.7903881025411004,0.28620343258425895,99.57396341973445
1e-07,42,p5,A2,0.10000155444502606,0.7439,-0.8655712401599326,0.28620343258425895,99.57396341973445
1e-07,42,p6,E2,149579.09076329175,40000.0,2.7394772690822937,0.28620343258425895,99.57396341973445
1e-07,42,p7,"K_ads,3",72141.91691054759,17197.0,3.1950291859363604,0.28620343258425895,99.57396341973445
1e-07,42,p8,"K_ads,4",43891.57855489777,124119.0,-0.6463750227209552,0.28620343258425895,99.57396341973445
1e-07,42,p9,Inhibition / adsorption,98733.09133729461,98084.0,0.006617708671084059,0.28620343258425895,99.57396341973445
1e-07,46,p1,A1,98627.29641013271,15672.02,5.29320894244218,0.29001708836163315,99.80162291210064
1e-07,46,p2,E1,9884.8376522974,3453.38,1.862366044946516,0.29001708836163315,99.80162291210064
1e-07,46,p3,"K_ads,1",143.84151325925507,30.836,3.664726723934851,0.29001708836163315,99.80162291210064
1e-07,46,p4,"K_ads,2",123.1407924312389,558.532,-0.779527775613145,0.29001708836163315,99.80162291210064
1e-07,46,p5,A2,0.1000015854468567,0.7439,-0.8655711984852041,0.29001708836163315,99.80162291210064
1e-07,46,p6,E2,149581.01797855258,40000.0,2.7395254494638146,0.29001708836163315,99.80162291210064
1e-07,46,p7,"K_ads,3",75448.5540113574,17197.0,3.3873090661951153,0.29001708836163315,99.80162291210064
1e-07,46,p8,"K_ads,4",43879.20824877766,124119.0,-0.6464746876080402,0.29001708836163315,99.80162291210064
1e-07,46,p9,Inhibition / adsorption,85426.9099550253,98084.0,-0.12904337144666508,0.29001708836163315,99.80162291210064
1e-07,50,p1,A1,98627.3958883664,15672.02,5.293215289947716,0.20921693387629847,100.29598784004847
1e-07,50,p2,E1,9884.922441435203,3453.38,1.8623905974538575,0.20921693387629847,100.29598784004847
1e-07,50,p3,"K_ads,1",106.07116253066721,30.836,2.439848311410923,0.20921693387629847,100.29598784004847
1e-07,50,p4,"K_ads,2",260.71630325121805,558.532,-0.5332115201076787,0.20921693387629847,100.29598784004847
1e-07,50,p5,A2,0.10000155318414695,0.7439,-0.8655712418548905,0.20921693387629847,100.29598784004847
1e-07,50,p6,E2,149581.98493478933,40000.0,2.7395496233697334,0.20921693387629847,100.29598784004847
1e-07,50,p7,"K_ads,3",39315.2252621049,17197.0,1.2861676607608825,0.20921693387629847,100.29598784004847
1e-07,50,p8,"K_ads,4",141185.62968321668,124119.0,0.13750215263752275,0.20921693387629847,100.29598784004847
1e-07,50,p9,Inhibition / adsorption,84519.21715539877,98084.0,-0.13829761066638013,0.20921693387629847,100.29598784004847
1e-07,54,p1,A1,98627.42316864847,15672.02,5.293217030647515,0.21686496109660006,100.75847097431773
1e-07,54,p2,E1,9885.099828262615,3453.38,1.8624419636016352,0.21686496109660006,100.75847097431773
1e-07,54,p3,"K_ads,1",115.1388690316626,30.836,2.733910657402471,0.21686496109660006,100.75847097431773
1e-07,54,p4,"K_ads,2",250.50525822929185,558.532,-0.5514934538588804,0.21686496109660006,100.75847097431773
1e-07,54,p5,A2,0.1000015424060092,0.7439,-0.8655712563435821,0.21686496109660006,100.75847097431773
1e-07,54,p6,E2,149584.22691903645,40000.0,2.739605672975911,0.21686496109660006,100.75847097431773
1e-07,54,p7,"K_ads,3",43891.49619676882,17197.0,1.552276338708427,0.21686496109660006,100.75847097431773
1e-07,54,p8,"K_ads,4",137378.40666197112,124119.0,0.10682817829640202,0.21686496109660006,100.75847097431773
1e-07,54,p9,Inhibition / adsorption,80542.20678511415,98084.0,-0.17884459458103108,0.21686496109660006,100.75847097431773
1e-07,58,p1,A1,1116.6144559118457,15672.02,-0.9287510827633039,0.2118667336648101,101.06788435624149
1e-07,58,p2,E1,121.92024471904259,3453.38,-0.964695386919759,0.2118667336648101,101.06788435624149
1e-07,58,p3,"K_ads,1",35.7206844945783,30.836,0.1584084996295986,0.2118667336648101,101.06788435624149
1e-07,58,p4,"K_ads,2",955.5421811146658,558.532,0.7108100898689167,0.2118667336648101,101.06788435624149
1e-07,58,p5,A2,1.7044457367080674,0.7439,1.291229650098222,0.2118667336648101,101.06788435624149
1e-07,58,p6,E2,50865.70268122783,40000.0,0.27164256703069567,0.2118667336648101,101.06788435624149
1e-07,58,p7,"K_ads,3",42598.81652322917,17197.0,1.477107432879524,0.2118667336648101,101.06788435624149
1e-07,58,p8,"K_ads,4",53215.10124170127,124119.0,-0.571257412308339,0.2118667336648101,101.06788435624149
1e-07,58,p9,Inhibition / adsorption,50532.85487556653,98084.0,-0.48480022352711416,0.2118667336648101,101.06788435624149
1e-07,62,p1,A1,98627.85847581047,15672.02,5.293244806719904,0.21320622809202472,101.38763984933738
1e-07,62,p2,E1,9885.474825613946,3453.38,1.8625505521008248,0.21320622809202472,101.38763984933738
1e-07,62,p3,"K_ads,1",110.05572975434089,30.836,2.569066343051657,0.21320622809202472,101.38763984933738
1e-07,62,p4,"K_ads,2",252.10186533033513,558.532,-0.5486348761927067,0.21320622809202472,101.38763984933738
1e-07,62,p5,A2,0.10000140073332783,0.7439,-0.8655714467894504,0.21320622809202472,101.38763984933738
1e-07,62,p6,E2,149593.00804618746,40000.0,2.7398252011546864,0.21320622809202472,101.38763984933738
1e-07,62,p7,"K_ads,3",40916.541719332265,17197.0,1.3792836959546586,0.21320622809202472,101.38763984933738
1e-07,62,p8,"K_ads,4",146650.9615180275,124119.0,0.18153515189477437,0.21320622809202472,101.38763984933738
1e-07,62,p9,Inhibition / adsorption,78648.35872338305,98084.0,-0.1981530247198009,0.21320622809202472,101.38763984933738
1e-07,66,p1,A1,98627.15294522636,15672.02,5.293199788235745,0.20330543064292106,101.70032375598385
1e-07,66,p2,E1,9885.23915020955,3453.38,1.8624823072495789,0.20330543064292106,101.70032375598385
1e-07,66,p3,"K_ads,1",106.51513136986301,30.836,2.4542460555799397,0.20330543064292106,101.70032375598385
1e-07,66,p4,"K_ads,2",258.93015970534026,558.532,-0.5364094452863216,0.20330543064292106,101.70032375598385
1e-07,66,p5,A2,0.1000016174230972,0.7439,-0.8655711555006087,0.20330543064292106,101.70032375598385
1e-07,66,p6,E2,145041.97861948764,40000.0,2.626049465487191,0.20330543064292106,101.70032375598385
1e-07,66,p7,"K_ads,3",37292.30040907756,17197.0,1.1685352334173145,0.20330543064292106,101.70032375598385
1e-07,66,p8,"K_ads,4",149592.08600984915,124119.0,0.20523115727526933,0.20330543064292106,101.70032375598385
1e-07,66,p9,Inhibition / adsorption,90172.72305572494,98084.0,-0.0806581801749017,0.20330543064292106,101.70032375598385
1e-07,70,p1,A1,98627.06287038913,15672.02,5.293194040741979,0.19633335060281445,101.95194422051807
1e-07,70,p2,E1,9885.233815496445,3453.38,1.862480762469362,0.19633335060281445,101.95194422051807
1e-07,70,p3,"K_ads,1",104.96445617441952,30.836,2.4039582362958725,0.19633335060281445,101.95194422051807
1e-07,70,p4,"K_ads,2",269.4218277272815,558.532,-0.5176250819518282,0.19633335060281445,101.95194422051807
1e-07,70,p5,A2,0.10000164301067417,0.7439,-0.865571121104081,0.19633335060281445,101.95194422051807
1e-07,70,p6,E2,140428.828503631,40000.0,2.510720712590775,0.19633335060281445,101.95194422051807
1e-07,70,p7,"K_ads,3",34860.14462429751,17197.0,1.027106159463715,0.19633335060281445,101.95194422051807
1e-07,70,p8,"K_ads,4",149591.9733235115,124119.0,0.20523024938576295,0.19633335060281445,101.95194422051807
1e-07,70,p9,Inhibition / adsorption,89238.51334252524,98084.0,-0.09018276841762936,0.19633335060281445,101.95194422051807
1e-07,74,p1,A1,98627.24999495337,15672.02,5.2932059807831635,0.1875138569344619,102.48781361896604
1e-07,74,p2,E1,9885.224190270515,3453.38,1.8624779752794407,0.1875138569344619,102.48781361896604
1e-07,74,p3,"K_ads,1",101.54991224592,30.836,2.293225847902452,0.1875138569344619,102.48781361896604
1e-07,74,p4,"K_ads,2",277.603991866711,558.532,-0.5029756721786559,0.1875138569344619,102.48781361896604
1e-07,74,p5,A2,0.1000015906711689,0.7439,-0.8655711914623352,0.1875138569344619,102.48781361896604
1e-07,74,p6,E2,135875.04312944482,40000.0,2.3968760782361205,0.1875138569344619,102.48781361896604
1e-07,74,p7,"K_ads,3",30462.128717181644,17197.0,0.7713629538397188,0.1875138569344619,102.48781361896604
1e-07,74,p8,"K_ads,4",149591.8931035177,124119.0,0.20522960307058313,0.1875138569344619,102.48781361896604
1e-07,74,p9,Inhibition / adsorption,121066.20062021445,98084.0,0.23431141287278714,0.1875138569344619,102.48781361896604
1e-07,78,p1,A1,98627.23785041097,15672.02,5.293205205864398,0.18765269952326447,102.76870220261164
1e-07,78,p2,E1,9885.270063737602,3453.38,1.8624912589224474,0.18765269952326447,102.76870220261164
1e-07,78,p3,"K_ads,1",100.40358005125118,30.836,2.256050721599792,0.18765269952326447,102.76870220261164
1e-07,78,p4,"K_ads,2",280.18055330482144,558.532,-0.4983625767103381,0.18765269952326447,102.76870220261164
1e-07,78,p5,A2,0.1000015912584297,0.7439,-0.8655711906729,0.18765269952326447,102.76870220261164
1e-07,78,p6,E2,136984.43843609947,40000.0,2.424610960902487,0.18765269952326447,102.76870220261164
1e-07,78,p7,"K_ads,3",29776.49304416276,17197.0,0.7314934607293574,0.18765269952326447,102.76870220261164
1e-07,78,p8,"K_ads,4",149592.25765580233,124119.0,0.20523254018967546,0.18765269952326447,102.76870220261164
1e-07,78,p9,Inhibition / adsorption,123965.50533904169,98084.0,0.26387081826844017,0.18765269952326447,102.76870220261164
1e-07,82,p1,A1,98626.94242496612,15672.02,5.293186355362367,0.18765021544099933,102.9739939132364
1e-07,82,p2,E1,9885.276750559186,3453.38,1.8624931952345776,0.18765021544099933,102.9739939132364
1e-07,82,p3,"K_ads,1",102.39361358151385,30.836,2.3205867681123964,0.18765021544099933,102.9739939132364
1e-07,82,p4,"K_ads,2",274.04842864760883,558.532,-0.5093415799853745,0.18765021544099933,102.9739939132364
1e-07,82,p5,A2,0.10000167068819835,0.7439,-0.8655710838981069,0.18765021544099933,102.9739939132364
1e-07,82,p6,E2,135582.64145439505,40000.0,2.3895660363598763,0.18765021544099933,102.9739939132364
1e-07,82,p7,"K_ads,3",30227.639242780468,17197.0,0.7577274665802447,0.18765021544099933,102.9739939132364
1e-07,82,p8,"K_ads,4",149592.32551355948,124119.0,0.20523308690498215,0.18765021544099933,102.9739939132364
1e-07,82,p9,Inhibition / adsorption,125377.50081362855,98084.0,0.2782665961179045,0.18765021544099933,102.9739939132364
1e-07,86,p1,A1,98627.74555711314,15672.02,5.293237601605481,0.39667731544243917,103.28627158674917
1e-07,86,p2,E1,9885.494749699967,3453.38,1.862556321545838,0.39667731544243917,103.28627158674917
1e-07,86,p3,"K_ads,1",157.27092547457644,30.836,4.100237562413298,0.39667731544243917,103.28627158674917
1e-07,86,p4,"K_ads,2",62.065587194363125,558.532,-0.8888772940594932,0.39667731544243917,103.28627158674917
1e-07,86,p5,A2,0.10000142868618309,0.7439,-0.8655714092133578,0.39667731544243917,103.28627158674917
1e-07,86,p6,E2,149593.60625665175,40000.0,2.7398401564162937,0.39667731544243917,103.28627158674917
1e-07,86,p7,"K_ads,3",76491.7758715902,17197.0,3.4479720806879226,0.39667731544243917,103.28627158674917
1e-07,86,p8,"K_ads,4",11313.008013097588,124119.0,-0.9088535356142284,0.39667731544243917,103.28627158674917
1e-07,86,p9,Inhibition / adsorption,121969.65805685768,98084.0,0.24352247111514289,0.39667731544243917,103.28627158674917
1e-07,90,p1,A1,98605.66701209794,15672.02,5.291828814160391,0.3739334032628321,103.45400021299693
1e-07,90,p2,E1,9885.336358586921,3453.38,1.8625104560132162,0.3739334032628321,103.45400021299693
1e-07,90,p3,"K_ads,1",156.11081991485247,30.836,4.0626157710096145,0.3739334032628321,103.45400021299693
1e-07,90,p4,"K_ads,2",67.59041618259717,558.532,-0.8789855976334442,0.3739334032628321,103.45400021299693
1e-07,90,p5,A2,0.1000028876506977,0.7439,-0.8655694479759406,0.3739334032628321,103.45400021299693
1e-07,90,p6,E2,149590.61228841197,40000.0,2.739765307210299,0.3739334032628321,103.45400021299693
1e-07,90,p7,"K_ads,3",77303.41879799185,17197.0,3.495168854916081,0.3739334032628321,103.45400021299693
1e-07,90,p8,"K_ads,4",14685.870550276748,124119.0,-0.8816791099648181,0.3739334032628321,103.45400021299693
1e-07,90,p9,Inhibition / adsorption,124311.52210430232,98084.0,0.2673985777935476,0.3739334032628321,103.45400021299693
1e-07,94,p1,A1,98623.48087533543,15672.02,5.292965480859227,0.35807542136277887,103.58526442138206
1e-07,94,p2,E1,9885.344999669223,3453.38,1.8625129582233126,0.35807542136277887,103.58526442138206
1e-07,94,p3,"K_ads,1",155.87876154657147,30.836,4.055090204519765,0.35807542136277887,103.58526442138206
1e-07,94,p4,"K_ads,2",70.01420161866805,558.532,-0.8746460334973323,0.35807542136277887,103.58526442138206
1e-07,94,p5,A2,0.10000219440632074,0.7439,-0.8655703798812734,0.35807542136277887,103.58526442138206
1e-07,94,p6,E2,149590.74177585522,40000.0,2.7397685443963806,0.35807542136277887,103.58526442138206
1e-07,94,p7,"K_ads,3",76605.79623216421,17197.0,3.454602327857429,0.35807542136277887,103.58526442138206
1e-07,94,p8,"K_ads,4",17562.005057277158,124119.0,-0.8585067148681736,0.35807542136277887,103.58526442138206
1e-07,94,p9,Inhibition / adsorption,123866.31156639749,98084.0,0.2628595037559387,0.35807542136277887,103.58526442138206
1e-07,98,p1,A1,31682.92199000523,15672.02,1.021623376565703,0.33679902425466307,103.85818210205292
1e-07,98,p2,E1,9865.986027977475,3453.38,1.8569071541439037,0.33679902425466307,103.85818210205292
1e-07,98,p3,"K_ads,1",106.16452887521935,30.836,2.442876147205194,0.33679902425466307,103.85818210205292
1e-07,98,p4,"K_ads,2",50.43572995522965,558.532,-0.9096994801457577,0.33679902425466307,103.85818210205292
1e-07,98,p5,A2,0.10021176874525088,0.7439,-0.8652886560757483,0.33679902425466307,103.85818210205292
1e-07,98,p6,E2,148265.12301331628,40000.0,2.706628075332907,0.33679902425466307,103.85818210205292
1e-07,98,p7,"K_ads,3",74847.91248106622,17197.0,3.35238195505415,0.33679902425466307,103.85818210205292
1e-07,98,p8,"K_ads,4",21419.989521032807,124119.0,-0.8274237665382994,0.33679902425466307,103.85818210205292
1e-07,98,p9,Inhibition / adsorption,105511.1588345751,98084.0,0.07572243010659326,0.33679902425466307,103.85818210205292
1e-07,102,p1,A1,2016.4304930171586,15672.02,-0.8713356355455673,0.33489086451080635,104.09354138085925
1e-07,102,p2,E1,52.97714193869764,3453.38,-0.9846593360884995,0.33489086451080635,104.09354138085925
1e-07,102,p3,"K_ads,1",3422.28648411302,30.836,109.983476589474,0.33489086451080635,104.09354138085925
1e-07,102,p4,"K_ads,2",79874.5692206755,558.532,142.0080446969475,0.33489086451080635,104.09354138085925
1e-07,102,p5,A2,0.8838190800727851,0.7439,0.18808856038820418,0.33489086451080635,104.09354138085925
1e-07,102,p6,E2,40901.54263506466,40000.0,0.022538565876616484,0.33489086451080635,104.09354138085925
1e-07,102,p7,"K_ads,3",35331.63595724769,17197.0,1.0545232283100359,0.33489086451080635,104.09354138085925
1e-07,102,p8,"K_ads,4",28514.763157925518,124119.0,-0.7702627062905316,0.33489086451080635,104.09354138085925
1e-07,102,p9,Inhibition / adsorption,25704.43905740375,98084.0,-0.7379344331654117,0.33489086451080635,104.09354138085925
1e-07,106,p1,A1,1788.0418103638478,15672.02,-0.8859086569335767,0.3120654014433069,104.23331229150942
1e-07,106,p2,E1,52.072225825389374,3453.38,-0.9849213738930006,0.3120654014433069,104.23331229150942
1e-07,106,p3,"K_ads,1",1388.0017204180588,30.836,44.01237905104614,0.3120654014433069,104.23331229150942
1e-07,106,p4,"K_ads,2",7274.204383610547,558.532,12.023791624491606,0.3120654014433069,104.23331229150942
1e-07,106,p5,A2,3.153003503457562,0.7439,3.2384776226072884,0.3120654014433069,104.23331229150942
1e-07,106,p6,E2,40826.36530086593,40000.0,0.02065913252164828,0.3120654014433069,104.23331229150942
1e-07,106,p7,"K_ads,3",35903.52171683189,17197.0,1.087778200664761,0.3120654014433069,104.23331229150942
1e-07,106,p8,"K_ads,4",28928.403617690838,124119.0,-0.7669300943635475,0.3120654014433069,104.23331229150942
1e-07,106,p9,Inhibition / adsorption,26429.898427476444,98084.0,-0.7305381262236814,0.3120654014433069,104.23331229150942
1e-07,110,p1,A1,98622.35833491303,15672.02,5.292893853818017,0.17535664159129558,104.53830305160979
1e-07,110,p2,E1,9885.354354016557,3453.38,1.8625156669745457,0.17535664159129558,104.53830305160979
1e-07,110,p3,"K_ads,1",103.73588531483313,30.836,2.3641161407067433,0.17535664159129558,104.53830305160979
1e-07,110,p4,"K_ads,2",260.60810901778984,558.532,-0.533405231897564,0.17535664159129558,104.53830305160979
1e-07,110,p5,A2,0.10000227541796727,0.7439,-0.8655702709800145,0.17535664159129558,104.53830305160979
1e-07,110,p6,E2,124559.0555982686,40000.0,2.113976389956715,0.17535664159129558,104.53830305160979
1e-07,110,p7,"K_ads,3",25698.34487230443,17197.0,0.4943504606794459,0.17535664159129558,104.53830305160979
1e-07,110,p8,"K_ads,4",149592.98787308676,124119.0,0.20523842339276632,0.17535664159129558,104.53830305160979
1e-07,110,p9,Inhibition / adsorption,138345.11835178878,98084.0,0.41047590179630505,0.17535664159129558,104.53830305160979
1e-07,114,p1,A1,73308.20004327965,15672.02,3.6776484488457544,0.17270992345814995,104.66055728185361
1e-07,114,p2,E1,9885.371472975221,3453.38,1.8625206241349694,0.17270992345814995,104.66055728185361
1e-07,114,p3,"K_ads,1",93.9204542931481,30.836,2.045805366881181,0.17270992345814995,104.66055728185361
1e-07,114,p4,"K_ads,2",235.81394966927422,558.532,-0.5777968859988788,0.17270992345814995,104.66055728185361
1e-07,114,p5,A2,0.10000294260407126,0.7439,-0.8655693741039504,0.17270992345814995,104.66055728185361
1e-07,114,p6,E2,124680.30832766919,40000.0,2.11700770819173,0.17270992345814995,104.66055728185361
1e-07,114,p7,"K_ads,3",25704.694336863155,17197.0,0.49471967999436844,0.17270992345814995,104.66055728185361
1e-07,114,p8,"K_ads,4",149593.1181975012,124119.0,0.20523947338845142,0.17270992345814995,104.66055728185361
1e-07,114,p9,Inhibition / adsorption,133766.16314089837,98084.0,0.3637918839045957,0.17270992345814995,104.66055728185361
1e-07,118,p1,A1,98607.15379848603,15672.02,5.29192368300232,0.18529809595320476,104.79720073848569
1e-07,118,p2,E1,9885.372251247965,3453.38,1.8625208495004792,0.18529809595320476,104.79720073848569
1e-07,118,p3,"K_ads,1",102.33264592688772,30.836,2.318609609770649,0.18529809595320476,104.79720073848569
1e-07,118,p4,"K_ads,2",266.2147404122228,558.532,-0.5233670758126253,0.18529809595320476,104.79720073848569
1e-07,118,p5,A2,0.10000264924763638,0.7439,-0.8655697684532379,0.18529809595320476,104.79720073848569
1e-07,118,p6,E2,133409.55824878867,40000.0,2.3352389562197167,0.18529809595320476,104.79720073848569
1e-07,118,p7,"K_ads,3",28953.546449684556,17197.0,0.6836393818505877,0.18529809595320476,104.79720073848569
1e-07,118,p8,"K_ads,4",149593.1557346035,124119.0,0.20523977581678468,0.18529809595320476,104.79720073848569
1e-07,118,p9,Inhibition / adsorption,131677.04900229,98084.0,0.3424926491812121,0.18529809595320476,104.79720073848569
1e-07,122,p1,A1,98625.57083373478,15672.02,5.293098836891145,0.18892683611542846,105.03691224583781
1e-07,122,p2,E1,9885.376618269396,3453.38,1.862522114064886,0.18892683611542846,105.03691224583781
1e-07,122,p3,"K_ads,1",101.5699511164915,30.836,2.293875701014772,0.18892683611542846,105.03691224583781
1e-07,122,p4,"K_ads,2",267.3205241839214,558.532,-0.5213872720203652,0.18892683611542846,105.03691224583781
1e-07,122,p5,A2,0.10000189595958656,0.7439,-0.8655707810732807,0.18892683611542846,105.03691224583781
1e-07,122,p6,E2,136834.2304586704,40000.0,2.4208557614667603,0.18892683611542846,105.03691224583781
1e-07,122,p7,"K_ads,3",29886.886189229815,17197.0,0.7379127864877487,0.18892683611542846,105.03691224583781
1e-07,122,p8,"K_ads,4",149593.18545086557,124119.0,0.20524001523429586,0.18892683611542846,105.03691224583781
1e-07,122,p9,Inhibition / adsorption,130491.7950264158,98084.0,0.33040857863072265,0.18892683611542846,105.03691224583781
1e-07,126,p1,A1,98623.60250762726,15672.02,5.2929732419705475,0.18861312340192185,105.19404222265186
1e-07,126,p2,E1,9885.380404705958,3453.38,1.8625232105085332,0.18861312340192185,105.19404222265186
1e-07,126,p3,"K_ads,1",103.03284847361185,30.836,2.3413169176810174,0.18861312340192185,105.19404222265186
1e-07,126,p4,"K_ads,2",261.1956370442454,558.532,-0.5323533171881908,0.18861312340192185,105.19404222265186
1e-07,126,p5,A2,0.10000210796735322,0.7439,-0.8655704960782993,0.18861312340192185,105.19404222265186
1e-07,126,p6,E2,135870.7981784342,40000.0,2.3967699544608547,0.18861312340192185,105.19404222265186
1e-07,126,p7,"K_ads,3",30010.744108054856,17197.0,0.7451150844946709,0.18861312340192185,105.19404222265186
1e-07,126,p8,"K_ads,4",149593.19564400543,124119.0,0.20524009735822424,0.18861312340192185,105.19404222265186
1e-07,126,p9,Inhibition / adsorption,131009.5811288892,98084.0,0.3356875854256474,0.18861312340192185,105.19404222265186
1e-07,130,p1,A1,76535.17221886688,15672.02,3.883555037504219,0.20199030251257033,105.40871556740858
1e-07,130,p2,E1,9885.406930746978,3453.38,1.8625308916907428,0.20199030251257033,105.40871556740858
1e-07,130,p3,"K_ads,1",95.51104823661161,30.836,2.097387736302102,0.20199030251257033,105.40871556740858
1e-07,130,p4,"K_ads,2",239.16548947210447,558.532,-0.5717962632900094,0.20199030251257033,105.40871556740858
1e-07,130,p5,A2,0.10000259491152244,0.7439,-0.8655698414954666,0.20199030251257033,105.40871556740858
1e-07,130,p6,E2,147671.25855750317,40000.0,2.691781463937579,0.20199030251257033,105.40871556740858
1e-07,130,p7,"K_ads,3",36149.361566533575,17197.0,1.1020737085848447,0.20199030251257033,105.40871556740858
1e-07,130,p8,"K_ads,4",149593.42490444324,124119.0,0.2052419444601007,0.20199030251257033,105.40871556740858
1e-07,130,p9,Inhibition / adsorption,108864.61988973207,98084.0,0.10991211502112548,0.20199030251257033,105.40871556740858
1e-07,134,p1,A1,20978.612749653592,15672.02,0.33860298478776774,0.20009261624619612,105.55898770987251
1e-07,134,p2,E1,9885.455068109955,3453.38,1.8625448308931989,0.20009261624619612,105.55898770987251
1e-07,134,p3,"K_ads,1",62.46414453191659,30.836,1.0256889522608832,0.20009261624619612,105.55898770987251
1e-07,134,p4,"K_ads,2",154.05940652058362,558.532,-0.7241708505142345,0.20009261624619612,105.55898770987251
1e-07,134,p5,A2,0.10000212280577586,0.7439,-0.8655704761315016,0.20009261624619612,105.55898770987251
1e-07,134,p6,E2,148732.04881511882,40000.0,2.7183012203779704,0.20009261624619612,105.55898770987251
1e-07,134,p7,"K_ads,3",36753.913832799364,17197.0,1.137228227760619,0.20009261624619612,105.55898770987251
1e-07,134,p8,"K_ads,4",149593.79298078732,124119.0,0.20524490997177963,0.20009261624619612,105.55898770987251
1e-07,134,p9,Inhibition / adsorption,92019.90776277847,98084.0,-0.06182549893174757,0.20009261624619612,105.55898770987251
1e-07,138,p1,A1,31787.839988433636,15672.02,1.028317982521311,0.20021125690332411,105.62258396572517
1e-07,138,p2,E1,9885.446283590562,3453.38,1.8625422871478265,0.20021125690332411,105.62258396572517
1e-07,138,p3,"K_ads,1",70.94175542413117,30.836,1.300614717347619,0.20021125690332411,105.62258396572517
1e-07,138,p4,"K_ads,2",179.25785631098614,558.532,-0.6790553516880212,0.20021125690332411,105.62258396572517
1e-07,138,p5,A2,0.10000220865644782,0.7439,-0.865570360725302,0.20021125690332411,105.62258396572517
1e-07,138,p6,E2,149114.4966850005,40000.0,2.7278624171250123,0.20021125690332411,105.62258396572517
1e-07,138,p7,"K_ads,3",36534.10351425545,17197.0,1.12444632867683,0.20021125690332411,105.62258396572517
1e-07,138,p8,"K_ads,4",149593.72509618747,124119.0,0.20524436304020713,0.20021125690332411,105.62258396572517
1e-07,138,p9,Inhibition / adsorption,96817.88958704051,98084.0,-0.012908429641526544,0.20021125690332411,105.62258396572517
1e-07,142,p1,A1,24087.78787526031,15672.02,0.5369931811764093,0.19942283255486115,105.71106847622588
1e-07,142,p2,E1,9885.457512584879,3453.38,1.862545538743167,0.19942283255486115,105.71106847622588
1e-07,142,p3,"K_ads,1",64.31228539441277,30.836,1.0856234723833431,0.19942283255486115,105.71106847622588
1e-07,142,p4,"K_ads,2",164.77297024243737,558.532,-0.704989203407437,0.19942283255486115,105.71106847622588
1e-07,142,p5,A2,0.10000209839015259,0.7439,-0.8655705089526111,0.19942283255486115,105.71106847622588
1e-07,142,p6,E2,148735.1120832008,40000.0,2.71837780208002,0.19942283255486115,105.71106847622588
1e-07,142,p7,"K_ads,3",36357.95761025024,17197.0,1.1142035012066198,0.19942283255486115,105.71106847622588
1e-07,142,p8,"K_ads,4",149593.81256199072,124119.0,0.20524506773331014,0.19942283255486115,105.71106847622588
1e-07,142,p9,Inhibition / adsorption,92274.01038777876,98084.0,-0.05923483557176744,0.19942283255486115,105.71106847622588
1e-07,146,p1,A1,18825.11841359974,15672.02,0.20119285284218236,0.20043261480912142,105.82225305707365
1e-07,146,p2,E1,9885.464325803492,3453.38,1.862547511656259,0.20043261480912142,105.82225305707365
1e-07,146,p3,"K_ads,1",59.41379674876264,30.836,0.9267673092736621,0.20043261480912142,105.82225305707365
1e-07,146,p4,"K_ads,2",151.06145421861717,558.532,-0.7295384074348162,0.20043261480912142,105.82225305707365
1e-07,146,p5,A2,0.10000203143986909,0.7439,-0.865570598951648,0.20043261480912142,105.82225305707365
1e-07,146,p6,E2,149123.71583297895,40000.0,2.728092895824474,0.20043261480912142,105.82225305707365
1e-07,146,p7,"K_ads,3",36663.08855515811,17197.0,1.1319467671778862,0.20043261480912142,105.82225305707365
1e-07,146,p8,"K_ads,4",149593.85866031973,124119.0,0.20524543913759966,0.20043261480912142,105.82225305707365
1e-07,146,p9,Inhibition / adsorption,87695.15412343042,98084.0,-0.10591784466956469,0.20043261480912142,105.82225305707365
1e-07,150,p1,A1,44139.01299640928,15672.02,1.8164214310860551,0.19361473363623657,105.94798438428026
1e-07,150,p2,E1,9885.441521038822,3453.38,1.8625409080491637,0.19361473363623657,105.94798438428026
1e-07,150,p3,"K_ads,1",79.07932623367857,30.836,1.5645131091477031,0.19361473363623657,105.94798438428026
1e-07,150,p4,"K_ads,2",200.95000282200425,558.532,-0.6402175652925809,0.19361473363623657,105.94798438428026
1e-07,150,p5,A2,0.10000225485117352,0.7439,-0.8655702986272704,0.19361473363623657,105.94798438428026
1e-07,150,p6,E2,142975.61839676357,40000.0,2.574390459919089,0.19361473363623657,105.94798438428026
1e-07,150,p7,"K_ads,3",34420.91174125772,17197.0,1.001564909068891,0.19361473363623657,105.94798438428026
1e-07,150,p8,"K_ads,4",149593.69011589693,124119.0,0.20524408121155446,0.19361473363623657,105.94798438428026
1e-07,150,p9,Inhibition / adsorption,104407.8942466461,98084.0,0.06447426946949657,0.19361473363623657,105.94798438428026
