noise,n_experiments,parameter,name,estimate,true_value,relative_error,rms_normalized_error,seconds
1e-05,10,p1,A1,98623.98090592326,15672.02,5.29299738680293,0.38996594648229044,363.9336714744568
1e-05,10,p2,E1,8184.550366146399,3453.38,1.3700115151377488,0.38996594648229044,363.9336714744568
1e-05,10,p3,"K_ads,1",77.7392220159683,30.836,1.5210540282776073,0.38996594648229044,363.9336714744568
1e-05,10,p4,"K_ads,2",368.40635731117857,558.532,-0.3404024168513558,0.38996594648229044,363.9336714744568
1e-05,10,p5,A2,0.10000271324348498,0.7439,-0.8655696824257495,0.38996594648229044,363.9336714744568
1e-05,10,p6,E2,10006.481550975608,40000.0,-0.7498379612256098,0.38996594648229044,363.9336714744568
1e-05,10,p7,"K_ads,3",50925.90891482488,17197.0,1.9613251680423842,0.38996594648229044,363.9336714744568
1e-05,10,p8,"K_ads,4",38654.713122043766,124119.0,-0.6885673174772294,0.38996594648229044,363.9336714744568
1e-05,10,p9,Inhibition / adsorption,10002.178083779898,98084.0,-0.8980243660150493,0.38996594648229044,363.9336714744568
1e-06,10,p1,A1,98623.99256566593,15672.02,5.292998130787603,0.39669472534254474,537.8513793945312
1e-06,10,p2,E1,251.8827201215614,3453.38,-0.9270619740307868,0.39669472534254474,537.8513793945312
1e-06,10,p3,"K_ads,1",78.52047795966084,30.836,1.54638986767612,0.39669472534254474,537.8513793945312
1e-06,10,p4,"K_ads,2",365.46196747297813,558.532,-0.34567407512375636,0.39669472534254474,537.8513793945312
1e-06,10,p5,A2,0.100002709395623,0.7439,-0.8655696875983021,0.39669472534254474,537.8513793945312
1e-06,10,p6,E2,10006.470858570978,40000.0,-0.7498382285357256,0.39669472534254474,537.8513793945312
1e-06,10,p7,"K_ads,3",50713.879260355934,17197.0,1.9489957120634955,0.39669472534254474,537.8513793945312
1e-06,10,p8,"K_ads,4",38336.220321358865,124119.0,-0.6911333452464259,0.39669472534254474,537.8513793945312
1e-06,10,p9,Inhibition / adsorption,10002.175209667033,98084.0,-0.8980243953176151,0.39669472534254474,537.8513793945312
1e-07,10,p1,A1,98623.99133919577,15672.02,5.292998052529014,0.40186109539574466,541.4037442207336
1e-07,10,p2,E1,111.86903437143175,3453.38,-0.967605929735091,0.40186109539574466,541.4037442207336
1e-07,10,p3,"K_ads,1",78.5317014992866,30.836,1.546753842887748,0.40186109539574466,541.4037442207336
1e-07,10,p4,"K_ads,2",365.42565730226625,558.532,-0.34573908513341006,0.40186109539574466,541.4037442207336
1e-07,10,p5,A2,0.10000270981043093,0.7439,-0.8655696870406897,0.40186109539574466,541.4037442207336
1e-07,10,p6,E2,10006.47377020175,40000.0,-0.7498381557449562,0.40186109539574466,541.4037442207336
1e-07,10,p7,"K_ads,3",50723.70291510446,17197.0,1.9495669544167276,0.40186109539574466,541.4037442207336
1e-07,10,p8,"K_ads,4",38331.631757891766,124119.0,-0.6911703143121378,0.40186109539574466,541.4037442207336
1e-07,10,p9,Inhibition / adsorption,10002.176455310797,98084.0,-0.8980243826178501,0.40186109539574466,541.4037442207336
1e-05,11,p1,A1,98627.44958871973,15672.02,5.2932187164589966,0.47541765228582866,584.265426158905
1e-05,11,p2,E1,1.6013989199211793,3453.38,-0.9995362807105151,0.47541765228582866,584.265426158905
1e-05,11,p3,"K_ads,1",84.07442049264178,30.836,1.7265021563316183,0.47541765228582866,584.265426158905
1e-05,11,p4,"K_ads,2",340.867772990907,558.532,-0.38970771058613124,0.47541765228582866,584.265426158905
1e-05,11,p5,A2,0.10000154099074814,0.7439,-0.8655712582460706,0.47541765228582866,584.265426158905
1e-05,11,p6,E2,10000.647775900847,40000.0,-0.7499838056024788,0.47541765228582866,584.265426158905
1e-05,11,p7,"K_ads,3",53173.68693708766,17197.0,2.0920327346099703,0.47541765228582866,584.265426158905
1e-05,11,p8,"K_ads,4",22502.201673679065,124119.0,-0.8187046167494173,0.47541765228582866,584.265426158905
1e-05,11,p9,Inhibition / adsorption,10000.233795366235,98084.0,-0.8980441887018654,0.47541765228582866,584.265426158905
1e-06,11,p1,A1,98625.14196063721,15672.02,5.293071471363437,0.4402961431075055,570.7842581272125
1e-06,11,p2,E1,35.76452935185415,3453.38,-0.989643616007548,0.4402961431075055,570.7842581272125
1e-06,11,p3,"K_ads,1",83.70203557010166,30.836,1.7144258519296167,0.4402961431075055,570.7842581272125
1e-06,11,p4,"K_ads,2",342.04665521299887,558.532,-0.3875970307645778,0.4402961431075055,570.7842581272125
1e-06,11,p5,A2,0.10000232092572944,0.7439,-0.865570209805445,0.4402961431075055,570.7842581272125
1e-06,11,p6,E2,10003.451313896061,40000.0,-0.7499137171525985,0.4402961431075055,570.7842581272125
1e-06,11,p7,"K_ads,3",53374.7499372344,17197.0,2.103724483179299,0.4402961431075055,570.7842581272125
1e-06,11,p8,"K_ads,4",22667.819061156,124119.0,-0.8173702731962391,0.4402961431075055,570.7842581272125
1e-06,11,p9,Inhibition / adsorption,10001.168422493689,98084.0,-0.8980346598579413,0.4402961431075055,570.7842581272125
1e-07,11,p1,A1,98627.44933265455,15672.02,5.2932187001199935,0.4391479604068454,572.2964053153992
1e-07,11,p2,E1,40.93649505851568,3453.38,-0.988145962778925,0.4391479604068454,572.2964053153992
1e-07,11,p3,"K_ads,1",83.67876229711052,30.836,1.7136711083509706,0.4391479604068454,572.2964053153992
1e-07,11,p4,"K_ads,2",342.0967517265639,558.532,-0.38750733758036443,0.4391479604068454,572.2964053153992
1e-07,11,p5,A2,0.10000154107725374,0.7439,-0.8655712581297839,0.4391479604068454,572.2964053153992
1e-07,11,p6,E2,10000.649782457207,40000.0,-0.7499837554385699,0.4391479604068454,572.2964053153992
1e-07,11,p7,"K_ads,3",53378.78718136006,17197.0,2.1039592476222633,0.4391479604068454,572.2964053153992
1e-07,11,p8,"K_ads,4",22672.508076222148,124119.0,-0.8173324948136695,0.4391479604068454,572.2964053153992
1e-07,11,p9,Inhibition / adsorption,10000.23445862359,98084.0,-0.8980441819397293,0.4391479604068454,572.2964053153992
1e-05,12,p1,A1,98626.48146183351,15672.02,5.2931569422342175,0.31619028596989524,620.9976193904877
1e-05,12,p2,E1,26.162987841125798,3453.38,-0.9924239475988377,0.31619028596989524,620.9976193904877
1e-05,12,p3,"K_ads,1",81.83694653213288,30.836,1.6539417087862527,0.31619028596989524,620.9976193904877
1e-05,12,p4,"K_ads,2",355.44405467946257,558.532,-0.3636102234438447,0.31619028596989524,620.9976193904877
1e-05,12,p5,A2,0.10000186818740574,0.7439,-0.8655708184064985,0.31619028596989524,620.9976193904877
1e-05,12,p6,E2,145873.22901505762,40000.0,2.6468307253764403,0.31619028596989524,620.9976193904877
1e-05,12,p7,"K_ads,3",94510.80069927925,17197.0,4.495772559125386,0.31619028596989524,620.9976193904877
1e-05,12,p8,"K_ads,4",79144.98075532091,124119.0,-0.3623459683423093,0.31619028596989524,620.9976193904877
1e-05,12,p9,Inhibition / adsorption,148185.86772716153,98084.0,0.5108057147665422,0.31619028596989524,620.9976193904877
1e-06,12,p1,A1,98626.48363964958,15672.02,5.29315708119627,0.3162417960690222,619.1120843887329
1e-06,12,p2,E1,26.606367915235,3453.38,-0.9922955574204881,0.3162417960690222,619.1120843887329
1e-06,12,p3,"K_ads,1",81.59659311619609,30.836,1.6461471369891068,0.3162417960690222,619.1120843887329
1e-06,12,p4,"K_ads,2",357.06119475286516,558.532,-0.36071488338561597,0.3162417960690222,619.1120843887329
1e-06,12,p5,A2,0.10000186745068476,0.7439,-0.8655708193968481,0.3162417960690222,619.1120843887329
1e-06,12,p6,E2,146112.27759870916,40000.0,2.652806939967729,0.3162417960690222,619.1120843887329
1e-06,12,p7,"K_ads,3",94759.80581807725,17197.0,4.51025212642189,0.3162417960690222,619.1120843887329
1e-06,12,p8,"K_ads,4",79338.62341485327,124119.0,-0.36078583121960967,0.3162417960690222,619.1120843887329
1e-06,12,p9,Inhibition / adsorption,148288.29136681833,98084.0,0.5118499588803305,0.3162417960690222,619.1120843887329
1e-07,12,p1,A1,98627.6934711724,15672.02,5.293234278106612,0.3225841810082426,643.8992869853973
1e-07,12,p2,E1,17.35335795081776,3453.38,-0.9949749642521768,0.3225841810082426,643.8992869853973
1e-07,12,p3,"K_ads,1",81.59844673481763,30.836,1.6462072491509157,0.3225841810082426,643.8992869853973
1e-07,12,p4,"K_ads,2",357.0587223428064,558.532,-0.36071931000765156,0.3225841810082426,643.8992869853973
1e-07,12,p5,A2,0.10000145856286458,0.7439,-0.8655713690511297,0.3225841810082426,643.8992869853973
1e-07,12,p6,E2,147245.56741841283,40000.0,2.681139185460321,0.3225841810082426,643.8992869853973
1e-07,12,p7,"K_ads,3",95131.99143705418,17197.0,4.531894600049671,0.3225841810082426,643.8992869853973
1e-07,12,p8,"K_ads,4",79717.99977558358,124119.0,-0.3577292777448773,0.3225841810082426,643.8992869853973
1e-07,12,p9,Inhibition / adsorption,147923.5423679845,98084.0,0.508131217813145,0.3225841810082426,643.8992869853973
1e-05,13,p1,A1,98625.82587513814,15672.02,5.293115110568907,0.3193743447761163,672.4328534603119
1e-05,13,p2,E1,12.025895043653701,3453.38,-0.996517645019183,0.3193743447761163,672.4328534603119
1e-05,13,p3,"K_ads,1",78.18728620638842,30.836,1.535584583162162,0.3193743447761163,672.4328534603119
1e-05,13,p4,"K_ads,2",362.46275152346647,558.532,-0.35104389448864803,0.3193743447761163,672.4328534603119
1e-05,13,p5,A2,0.10000208978124407,0.7439,-0.8655705205252803,0.3193743447761163,672.4328534603119
1e-05,13,p6,E2,124290.77762824715,40000.0,2.1072694407061787,0.3193743447761163,672.4328534603119
1e-05,13,p7,"K_ads,3",92602.86937189003,17197.0,4.384826968185732,0.3193743447761163,672.4328534603119
1e-05,13,p8,"K_ads,4",66864.60058557418,124119.0,-0.46128634144994574,0.3193743447761163,672.4328534603119
1e-05,13,p9,Inhibition / adsorption,141066.488451887,98084.0,0.438221202763825,0.3193743447761163,672.4328534603119
1e-06,13,p1,A1,98625.82679898324,15672.02,5.293115169517601,0.31892143119258837,650.0502123832703
1e-06,13,p2,E1,12.359105098329284,3453.38,-0.9964211569250042,0.31892143119258837,650.0502123832703
1e-06,13,p3,"K_ads,1",78.3177978778196,30.836,1.5398170280782075,0.31892143119258837,650.0502123832703
1e-06,13,p4,"K_ads,2",361.5302155824967,558.532,-0.3527135140287456,0.31892143119258837,650.0502123832703
1e-06,13,p5,A2,0.10000208946913741,0.7439,-0.8655705209448349,0.31892143119258837,650.0502123832703
1e-06,13,p6,E2,124315.68936504165,40000.0,2.1078922341260413,0.31892143119258837,650.0502123832703
1e-06,13,p7,"K_ads,3",92504.41500208878,17197.0,4.379101878356037,0.31892143119258837,650.0502123832703
1e-06,13,p8,"K_ads,4",66796.04062150254,124119.0,-0.46183871428626927,0.31892143119258837,650.0502123832703
1e-06,13,p9,Inhibition / adsorption,140997.84939199573,98084.0,0.4375214040209996,0.31892143119258837,650.0502123832703
1e-07,13,p1,A1,98627.07455572435,15672.02,5.293194786359662,0.3146495459975823,681.7908577919006
1e-07,13,p2,E1,20.128889449687787,3453.38,-0.9941712497756725,0.3146495459975823,681.7908577919006
1e-07,13,p3,"K_ads,1",78.27508196891044,30.836,1.53843176705508,0.3146495459975823,681.7908577919006
1e-07,13,p4,"K_ads,2",361.66879157077113,558.532,-0.3524654065106903,0.3146495459975823,681.7908577919006
1e-07,13,p5,A2,0.10000166774169736,0.7439,-0.86557108785899,0.3146495459975823,681.7908577919006
1e-07,13,p6,E2,129227.23377490949,40000.0,2.230680844372737,0.3146495459975823,681.7908577919006
1e-07,13,p7,"K_ads,3",94177.1808165145,17197.0,4.476372670611997,0.3146495459975823,681.7908577919006
1e-07,13,p8,"K_ads,4",68440.17603169808,124119.0,-0.4485922700658394,0.3146495459975823,681.7908577919006
1e-07,13,p9,Inhibition / adsorption,139389.12165932692,98084.0,0.42111987336698053,0.3146495459975823,681.7908577919006
1e-05,14,p1,A1,98627.04922644414,15672.02,5.293193170149357,0.3304198647159543,375.97061371803284
1e-05,14,p2,E1,7.976504865860233,3453.38,-0.997690232506744,0.3304198647159543,375.97061371803284
1e-05,14,p3,"K_ads,1",75.70592311109338,30.836,1.4551149017736862,0.3304198647159543,375.97061371803284
1e-05,14,p4,"K_ads,2",373.110843402792,558.532,-0.3319794686736087,0.3304198647159543,375.97061371803284
1e-05,14,p5,A2,0.10000167630346048,0.7439,-0.8655710763496969,0.3304198647159543,375.97061371803284
1e-05,14,p6,E2,131991.054198389,40000.0,2.299776354959725,0.3304198647159543,375.97061371803284
1e-05,14,p7,"K_ads,3",96466.64554095853,17197.0,4.609504305457843,0.3304198647159543,375.97061371803284
1e-05,14,p8,"K_ads,4",70378.00767612211,124119.0,-0.43297957866142883,0.3304198647159543,375.97061371803284
1e-05,14,p9,Inhibition / adsorption,139488.63908051664,98084.0,0.4221344875873399,0.3304198647159543,375.97061371803284
1e-06,14,p1,A1,98625.77534144369,15672.02,5.293111886115745,0.3208843574750901,683.4185607433319
1e-06,14,p2,E1,13.200239546951545,3453.38,-0.9961775884649382,0.3208843574750901,683.4185607433319
1e-06,14,p3,"K_ads,1",75.62454441494346,30.836,1.452475820954192,0.3208843574750901,683.4185607433319
1e-06,14,p4,"K_ads,2",373.60700339924483,558.532,-0.33109113998975026,0.3208843574750901,683.4185607433319
1e-06,14,p5,A2,0.10000210685707232,0.7439,-0.8655704975708128,0.3208843574750901,683.4185607433319
1e-06,14,p6,E2,128085.44393449613,40000.0,2.2021360983624034,0.3208843574750901,683.4185607433319
1e-06,14,p7,"K_ads,3",95236.46330662619,17197.0,4.537969605549002,0.3208843574750901,683.4185607433319
1e-06,14,p8,"K_ads,4",69106.62160506808,124119.0,-0.44322286189005644,0.3208843574750901,683.4185607433319
1e-06,14,p9,Inhibition / adsorption,141144.753589951,98084.0,0.4390191426731271,0.3208843574750901,683.4185607433319
1e-07,14,p1,A1,98625.77561964677,15672.02,5.293111903867323,0.3208849239069578,682.0172998905182
1e-07,14,p2,E1,13.208195589611071,3453.38,-0.9961752846227142,0.3208849239069578,682.0172998905182
1e-07,14,p3,"K_ads,1",75.6340877587757,30.836,1.4527853080417599,0.3208849239069578,682.0172998905182
1e-07,14,p4,"K_ads,2",373.577700548106,558.532,-0.3311436040404024,0.3208849239069578,682.0172998905182
1e-07,14,p5,A2,0.10000210676282789,0.7439,-0.8655704976975026,0.3208849239069578,682.0172998905182
1e-07,14,p6,E2,128078.37131528028,40000.0,2.201959282882007,0.3208849239069578,682.0172998905182
1e-07,14,p7,"K_ads,3",95243.67117860478,17197.0,4.538388740978355,0.3208849239069578,682.0172998905182
1e-07,14,p8,"K_ads,4",69098.08122055384,124119.0,-0.44329166992520214,0.3208849239069578,682.0172998905182
1e-07,14,p9,Inhibition / adsorption,141165.8276773848,98084.0,0.4392340002180254,0.3208849239069578,682.0172998905182
1e-05,15,p1,A1,98627.55769887647,15672.02,5.293225614750138,0.32859446426245115,740.1746454238892
1e-05,15,p2,E1,9.321532945845261,3453.38,-0.9973007508742607,0.32859446426245115,740.1746454238892
1e-05,15,p3,"K_ads,1",73.44937556904807,30.836,1.3819359050800388,0.32859446426245115,740.1746454238892
1e-05,15,p4,"K_ads,2",383.7238375850261,558.532,-0.3129778820461029,0.32859446426245115,740.1746454238892
1e-05,15,p5,A2,0.10000150445449883,0.7439,-0.8655713073605339,0.32859446426245115,740.1746454238892
1e-05,15,p6,E2,131492.60183202798,40000.0,2.2873150458006997,0.32859446426245115,740.1746454238892
1e-05,15,p7,"K_ads,3",97588.52597430589,17197.0,4.674741290591724,0.32859446426245115,740.1746454238892
1e-05,15,p8,"K_ads,4",71183.92390663149,124119.0,-0.426486485496729,0.32859446426245115,740.1746454238892
1e-05,15,p9,Inhibition / adsorption,141178.05060967884,98084.0,0.43935861720238617,0.32859446426245115,740.1746454238892
1e-06,15,p1,A1,98625.72919035332,15672.02,5.293108941307714,0.32222343121614283,723.5616941452026
1e-06,15,p2,E1,13.939474796975976,3453.38,-0.9959635270960694,0.32222343121614283,723.5616941452026
1e-06,15,p3,"K_ads,1",73.51490655306331,30.836,1.3840610504949837,0.32222343121614283,723.5616941452026
1e-06,15,p4,"K_ads,2",383.4439396201784,558.532,-0.3134790135208397,0.32222343121614283,723.5616941452026
1e-06,15,p5,A2,0.10000212245252202,0.7439,-0.8655704766063691,0.32222343121614283,723.5616941452026
1e-06,15,p6,E2,130695.98378179171,40000.0,2.2673995945447927,0.32222343121614283,723.5616941452026
1e-06,15,p7,"K_ads,3",97261.40080393307,17197.0,4.655719067507883,0.32222343121614283,723.5616941452026
1e-06,15,p8,"K_ads,4",70864.13621912728,124119.0,-0.42906294588961175,0.32222343121614283,723.5616941452026
1e-06,15,p9,Inhibition / adsorption,141509.1512866375,98084.0,0.4427343020945057,0.32222343121614283,723.5616941452026
1e-07,15,p1,A1,98625.72905971236,15672.02,5.293108932971777,0.32220504948303313,737.73983502388
1e-07,15,p2,E1,13.934446490977654,3453.38,-0.9959649831495585,0.32220504948303313,737.73983502388
1e-07,15,p3,"K_ads,1",73.52840312896888,30.836,1.3844987394269321,0.32220504948303313,737.73983502388
1e-07,15,p4,"K_ads,2",383.4194975606583,558.532,-0.31352277477269297,0.32220504948303313,737.73983502388
1e-07,15,p5,A2,0.10000212249670304,0.7439,-0.865570476546978,0.32220504948303313,737.73983502388
1e-07,15,p6,E2,130673.33227455882,40000.0,2.2668333068639708,0.32220504948303313,737.73983502388
1e-07,15,p7,"K_ads,3",97240.16903652053,17197.0,4.654484447084988,0.32220504948303313,737.73983502388
1e-07,15,p8,"K_ads,4",70856.365408759,124119.0,-0.42912555363192584,0.32220504948303313,737.73983502388
1e-07,15,p9,Inhibition / adsorption,141514.5479879161,98084.0,0.44278932331385445,0.32220504948303313,737.73983502388
1e-05,16,p1,A1,98625.68800073773,15672.02,5.293106313081385,0.3240387875022806,766.3693718910217
1e-05,16,p2,E1,14.52410070846128,3453.38,-0.995794236166173,0.3240387875022806,766.3693718910217
1e-05,16,p3,"K_ads,1",71.28472247308954,30.836,1.311737011061407,0.3240387875022806,766.3693718910217
1e-05,16,p4,"K_ads,2",394.1504820416964,558.532,-0.29430993740430916,0.3240387875022806,766.3693718910217
1e-05,16,p5,A2,0.10000213637311739,0.7439,-0.8655704578933763,0.3240387875022806,766.3693718910217
1e-05,16,p6,E2,133058.0655118639,40000.0,2.326451637796598,0.3240387875022806,766.3693718910217
1e-05,16,p7,"K_ads,3",99710.51886703017,17197.0,4.798134492471371,0.3240387875022806,766.3693718910217
1e-05,16,p8,"K_ads,4",72534.69827466064,124119.0,-0.41560358789016477,0.3240387875022806,766.3693718910217
1e-05,16,p9,Inhibition / adsorption,141746.23491830373,98084.0,0.4451514509838886,0.3240387875022806,766.3693718910217
1e-06,16,p1,A1,98625.68537137988,15672.02,5.293106145307362,0.32401122036247426,761.9149587154388
1e-06,16,p2,E1,14.460800220277958,3453.38,-0.9958125661756662,0.32401122036247426,761.9149587154388
1e-06,16,p3,"K_ads,1",71.01955837768973,30.836,1.303137838166096,0.32401122036247426,761.9149587154388
1e-06,16,p4,"K_ads,2",395.7502789230837,558.532,-0.29144564873080914,0.32401122036247426,761.9149587154388
1e-06,16,p5,A2,0.10000213726137781,0.7439,-0.8655704566993173,0.32401122036247426,761.9149587154388
1e-06,16,p6,E2,133149.4631647686,40000.0,2.328736579119215,0.32401122036247426,761.9149587154388
1e-06,16,p7,"K_ads,3",99672.7299618505,17197.0,4.795937079830813,0.32401122036247426,761.9149587154388
1e-06,16,p8,"K_ads,4",72791.49058476962,124119.0,-0.41353466765950725,0.32401122036247426,761.9149587154388
1e-06,16,p9,Inhibition / adsorption,141743.96775362195,98084.0,0.4451283364628477,0.32401122036247426,761.9149587154388
1e-07,16,p1,A1,98625.68505173133,15672.02,5.2931061249112314,0.32415515770214803,760.7377388477325
1e-07,16,p2,E1,14.3024453839831,3453.38,-0.9958584212035794,0.32415515770214803,760.7377388477325
1e-07,16,p3,"K_ads,1",71.0123515781942,30.836,1.3029041243414905,0.32415515770214803,760.7377388477325
1e-07,16,p4,"K_ads,2",395.7522334309818,558.532,-0.291442149364796,0.32415515770214803,760.7377388477325
1e-07,16,p5,A2,0.1000021372643562,0.7439,-0.8655704566953135,0.32415515770214803,760.7377388477325
1e-07,16,p6,E2,133107.15857787195,40000.0,2.3276789644467986,0.32415515770214803,760.7377388477325
1e-07,16,p7,"K_ads,3",99669.3388049749,17197.0,4.795739885152928,0.32415515770214803,760.7377388477325
1e-07,16,p8,"K_ads,4",72771.62722377967,124119.0,-0.4136947024727909,0.32415515770214803,760.7377388477325
1e-07,16,p9,Inhibition / adsorption,141759.0379790943,98084.0,0.44528198257712076,0.32415515770214803,760.7377388477325
1e-05,17,p1,A1,98625.65614514661,15672.02,5.293104280440339,0.32405859185252833,838.8219442367554
1e-05,17,p2,E1,15.033008310734997,3453.38,-0.9956468710912975,0.32405859185252833,838.8219442367554
1e-05,17,p3,"K_ads,1",70.53481580911601,30.836,1.2874178171330917,0.32405859185252833,838.8219442367554
1e-05,17,p4,"K_ads,2",396.94909185385967,558.532,-0.2892992848147293,0.32405859185252833,838.8219442367554
1e-05,17,p5,A2,0.10000214713760262,0.7439,-0.8655704434230372,0.32405859185252833,838.8219442367554
1e-05,17,p6,E2,133925.20338288994,40000.0,2.3481300845722486,0.32405859185252833,838.8219442367554
1e-05,17,p7,"K_ads,3",100017.1108953977,17197.0,4.81596271997428,0.32405859185252833,838.8219442367554
1e-05,17,p8,"K_ads,4",73068.9403609918,124119.0,-0.411299314681944,0.32405859185252833,838.8219442367554
1e-05,17,p9,Inhibition / adsorption,142487.48518381966,98084.0,0.45270875151726747,0.32405859185252833,838.8219442367554
1e-06,17,p1,A1,98625.6500176279,15672.02,5.293103889455724,0.32394630386275164,822.2522830963135
1e-06,17,p2,E1,14.881720937563031,3453.38,-0.9956906795841862,0.32394630386275164,822.2522830963135
1e-06,17,p3,"K_ads,1",70.83481460893181,30.836,1.2971466665239269,0.32394630386275164,822.2522830963135
1e-06,17,p4,"K_ads,2",396.27616172375997,558.532,-0.2905041041090574,0.32394630386275164,822.2522830963135
1e-06,17,p5,A2,0.10000214920899123,0.7439,-0.8655704406385385,0.32394630386275164,822.2522830963135
1e-06,17,p6,E2,133886.36205108446,40000.0,2.3471590512771114,0.32394630386275164,822.2522830963135
1e-06,17,p7,"K_ads,3",99738.43096180484,17197.0,4.799757571774428,0.32394630386275164,822.2522830963135
1e-06,17,p8,"K_ads,4",73110.2776269023,124119.0,-0.4109662692504588,0.32394630386275164,822.2522830963135
1e-06,17,p9,Inhibition / adsorption,142470.04615879818,98084.0,0.4525309546796438,0.32394630386275164,822.2522830963135
1e-07,17,p1,A1,98625.64866770623,15672.02,5.293103803319944,0.32387829385759487,793.7404928207397
1e-07,17,p2,E1,14.921953420208148,3453.38,-0.9956790294088088,0.32387829385759487,793.7404928207397
1e-07,17,p3,"K_ads,1",70.86693740976074,30.836,1.2981883969957433,0.32387829385759487,793.7404928207397
1e-07,17,p4,"K_ads,2",396.2083936002468,558.532,-0.29062543667999907,0.32387829385759487,793.7404928207397
1e-07,17,p5,A2,0.10000214966512642,0.7439,-0.8655704400253711,0.32387829385759487,793.7404928207397
1e-07,17,p6,E2,133874.25805956405,40000.0,2.346856451489101,0.32387829385759487,793.7404928207397
1e-07,17,p7,"K_ads,3",99705.09441842779,17197.0,4.797819062535779,0.32387829385759487,793.7404928207397
1e-07,17,p8,"K_ads,4",73101.74856561421,124119.0,-0.41103498605681477,0.32387829385759487,793.7404928207397
1e-07,17,p9,Inhibition / adsorption,142461.559307516,98084.0,0.4524444283218058,0.32387829385759487,793.7404928207397
1e-05,18,p1,A1,98625.63906496196,15672.02,5.293103190588192,0.3228537267103209,470.8009374141693
1e-05,18,p2,E1,16.276228437908447,3453.38,-0.9952868701278433,0.3228537267103209,470.8009374141693
1e-05,18,p3,"K_ads,1",73.07457650056635,30.836,1.3697813108239187,0.3228537267103209,470.8009374141693
1e-05,18,p4,"K_ads,2",388.22306230264644,558.532,-0.3049224354152557,0.3228537267103209,470.8009374141693
1e-05,18,p5,A2,0.1000021529092204,0.7439,-0.8655704356644436,0.3228537267103209,470.8009374141693
1e-05,18,p6,E2,134160.08701538504,40000.0,2.354002175384626,0.3228537267103209,470.8009374141693
1e-05,18,p7,"K_ads,3",99317.79430654757,17197.0,4.775297686023584,0.3228537267103209,470.8009374141693
1e-05,18,p8,"K_ads,4",72458.68288603259,124119.0,-0.4162160274733716,0.3228537267103209,470.8009374141693
1e-05,18,p9,Inhibition / adsorption,143355.18170698028,98084.0,0.4615552149889919,0.3228537267103209,470.8009374141693
1e-06,18,p1,A1,98625.6212288371,15672.02,5.293102052501024,0.321501917921382,878.3310236930847
1e-06,18,p2,E1,18.456377369331953,3453.38,-0.994655561400908,0.321501917921382,878.3310236930847
1e-06,18,p3,"K_ads,1",73.16134381194905,30.836,1.3725951424292728,0.321501917921382,878.3310236930847
1e-06,18,p4,"K_ads,2",387.6397125818629,558.532,-0.30596686925393196,0.321501917921382,878.3310236930847
1e-06,18,p5,A2,0.10000215879391046,0.7439,-0.8655704277538506,0.321501917921382,878.3310236930847
1e-06,18,p6,E2,135205.8194640518,40000.0,2.380145486601295,0.321501917921382,878.3310236930847
1e-06,18,p7,"K_ads,3",99472.3930681771,17197.0,4.784287554118573,0.321501917921382,878.3310236930847
1e-06,18,p8,"K_ads,4",72840.03036439077,124119.0,-0.4131435931292488,0.321501917921382,878.3310236930847
1e-06,18,p9,Inhibition / adsorption,142852.79693122592,98084.0,0.45643322999904085,0.321501917921382,878.3310236930847
1e-07,18,p1,A1,98625.62225699725,15672.02,5.29310211810585,0.32247153380834964,849.2650780677795
1e-07,18,p2,E1,16.462804606332924,3453.38,-0.9952328430099401,0.32247153380834964,849.2650780677795
1e-07,18,p3,"K_ads,1",73.1559403543717,30.836,1.3724199103117039,0.32247153380834964,849.2650780677795
1e-07,18,p4,"K_ads,2",387.6897845587676,558.532,-0.3058772200003445,0.32247153380834964,849.2650780677795
1e-07,18,p5,A2,0.10000215858936343,0.7439,-0.8655704280288165,0.32247153380834964,849.2650780677795
1e-07,18,p6,E2,134086.7256747627,40000.0,2.352168141869068,0.32247153380834964,849.2650780677795
1e-07,18,p7,"K_ads,3",99103.82056293655,17197.0,4.762855181888501,0.32247153380834964,849.2650780677795
1e-07,18,p8,"K_ads,4",72465.88539045157,124119.0,-0.4161579984494592,0.32247153380834964,849.2650780677795
1e-07,18,p9,Inhibition / adsorption,143232.11777575122,98084.0,0.46030053602780496,0.32247153380834964,849.2650780677795
1e-05,19,p1,A1,98627.53301671728,15672.02,5.293224039831322,0.29312404746875453,958.3173675537109
1e-05,19,p2,E1,9860.796960583222,3453.38,1.8554045487560655,0.29312404746875453,958.3173675537109
1e-05,19,p3,"K_ads,1",67.8335591619718,30.836,1.1998170697227855,0.29312404746875453,958.3173675537109
1e-05,19,p4,"K_ads,2",424.1823284748406,558.532,-0.24054068795549666,0.29312404746875453,958.3173675537109
1e-05,19,p5,A2,0.10000151270533539,0.7439,-0.865571296269209,0.29312404746875453,958.3173675537109
1e-05,19,p6,E2,149149.28569391667,40000.0,2.7287321423479165,0.29312404746875453,958.3173675537109
1e-05,19,p7,"K_ads,3",105048.21512050458,17197.0,5.108519806972413,0.29312404746875453,958.3173675537109
1e-05,19,p8,"K_ads,4",82034.10636603089,124119.0,-0.3390689067263603,0.29312404746875453,958.3173675537109
1e-05,19,p9,Inhibition / adsorption,138706.25204099968,98084.0,0.41415778354267446,0.29312404746875453,958.3173675537109
1e-06,19,p1,A1,98627.48083206508,15672.02,5.293220710033874,0.1955990275046726,872.876232624054
1e-06,19,p2,E1,9870.559316668143,3453.38,1.8582314476449573,0.1955990275046726,872.876232624054
1e-06,19,p3,"K_ads,1",53.32349706594894,30.836,0.7292611579306312,0.1955990275046726,872.876232624054
1e-06,19,p4,"K_ads,2",488.1943039480455,558.532,-0.12593315343069786,0.1955990275046726,872.876232624054
1e-06,19,p5,A2,0.10000153025185737,0.7439,-0.8655712726820038,0.1955990275046726,872.876232624054
1e-06,19,p6,E2,149592.44992894673,40000.0,2.7398112482236683,0.1955990275046726,872.876232624054
1e-06,19,p7,"K_ads,3",10000.660562394782,17197.0,-0.41846481581701567,0.1955990275046726,872.876232624054
1e-06,19,p8,"K_ads,4",144611.01260493876,124119.0,0.16509972369209197,0.1955990275046726,872.876232624054
1e-06,19,p9,Inhibition / adsorption,136685.6532384619,98084.0,0.3935570861553557,0.1955990275046726,872.876232624054
1e-07,19,p1,A1,98625.31372257101,15672.02,5.293082431146145,0.19555174885098311,878.7498602867126
1e-07,19,p2,E1,9803.085829673253,3453.38,1.8386930571420617,0.19555174885098311,878.7498602867126
1e-07,19,p3,"K_ads,1",53.33507821494789,30.836,0.7296367302810965,0.19555174885098311,878.7498602867126
1e-07,19,p4,"K_ads,2",488.12335391536783,558.532,-0.12606018291634535,0.19555174885098311,878.7498602867126
1e-07,19,p5,A2,0.10000226188960175,0.7439,-0.8655702891657457,0.19555174885098311,878.7498602867126
1e-07,19,p6,E2,149584.05845265035,40000.0,2.739601461316259,0.19555174885098311,878.7498602867126
1e-07,19,p7,"K_ads,3",10003.463348631038,17197.0,-0.41830183470192256,0.19555174885098311,878.7498602867126
1e-07,19,p8,"K_ads,4",144610.68717300557,124119.0,0.16509710175722953,0.19555174885098311,878.7498602867126
1e-07,19,p9,Inhibition / adsorption,136689.75785554815,98084.0,0.3935989341334789,0.19555174885098311,878.7498602867126
1e-05,20,p1,A1,98627.5612629079,15672.02,5.293225842163798,0.2918250758077728,935.4331967830658
1e-05,20,p2,E1,9873.819770632039,3453.38,1.8591755817871298,0.2918250758077728,935.4331967830658
1e-05,20,p3,"K_ads,1",64.79321984345427,30.836,1.1012199975176504,0.2918250758077728,935.4331967830658
1e-05,20,p4,"K_ads,2",449.7269286530209,558.532,-0.19480543880561751,0.2918250758077728,935.4331967830658
1e-05,20,p5,A2,0.10000150308577703,0.7439,-0.865571309200461,0.2918250758077728,935.4331967830658
1e-05,20,p6,E2,149131.0868689336,40000.0,2.7282771717233403,0.2918250758077728,935.4331967830658
1e-05,20,p7,"K_ads,3",104532.2415654895,17197.0,5.078516111268797,0.2918250758077728,935.4331967830658
1e-05,20,p8,"K_ads,4",85285.26786054127,124119.0,-0.3128750001164909,0.2918250758077728,935.4331967830658
1e-05,20,p9,Inhibition / adsorption,139164.34163933955,98084.0,0.41882816401594086,0.2918250758077728,935.4331967830658
1e-06,20,p1,A1,98625.50720284863,15672.02,5.293094776732586,0.19552721779260737,907.7620129585266
1e-06,20,p2,E1,9824.858584849153,3453.38,1.844997823827425,0.19552721779260737,907.7620129585266
1e-06,20,p3,"K_ads,1",51.962682696406084,30.836,0.6851304545468312,0.19552721779260737,907.7620129585266
1e-06,20,p4,"K_ads,2",502.34384921852296,558.532,-0.10059969846217777,0.19552721779260737,907.7620129585266
1e-06,20,p5,A2,0.10000219632788378,0.7439,-0.8655703772981802,0.19552721779260737,907.7620129585266
1e-06,20,p6,E2,149587.4673901161,40000.0,2.7396866847529027,0.19552721779260737,907.7620129585266
1e-06,20,p7,"K_ads,3",10002.32332940966,17197.0,-0.41836812645172644,0.19552721779260737,907.7620129585266
1e-06,20,p8,"K_ads,4",143445.0157930678,124119.0,0.15570553898329675,0.19552721779260737,907.7620129585266
1e-06,20,p9,Inhibition / adsorption,137237.6760945935,98084.0,0.39918514838906966,0.19552721779260737,907.7620129585266
1e-07,20,p1,A1,98625.50667796642,15672.02,5.293094743240911,0.19553103776112804,897.9476027488708
1e-07,20,p2,E1,9824.81298083241,3453.38,1.844984618209525,0.19553103776112804,897.9476027488708
1e-07,20,p3,"K_ads,1",51.98280503726824,30.836,0.6857830145696019,0.19553103776112804,897.9476027488708
1e-07,20,p4,"K_ads,2",502.21870495251073,558.532,-0.1008237577211141,0.19553103776112804,897.9476027488708
1e-07,20,p5,A2,0.10000219650610956,0.7439,-0.8655703770585972,0.19553103776112804,897.9476027488708
1e-07,20,p6,E2,149587.49336078716,40000.0,2.739687334019679,0.19553103776112804,897.9476027488708
1e-07,20,p7,"K_ads,3",10002.315104898564,17197.0,-0.4183686047043924,0.19553103776112804,897.9476027488708
1e-07,20,p8,"K_ads,4",143470.98138820662,124119.0,0.15591473818034807,0.19553103776112804,897.9476027488708
1e-07,20,p9,Inhibition / adsorption,137243.35572381923,98084.0,0.3992430541558178,0.19553103776112804,897.9476027488708
1e-05,21,p1,A1,97874.10906518769,15672.02,5.245149576454579,0.2779190378307909,929.0210967063904
1e-05,21,p2,E1,9847.131264228427,3453.38,1.851447354252479,0.2779190378307909,929.0210967063904
1e-05,21,p3,"K_ads,1",79.99092129046167,30.836,1.5940757974595172,0.2779190378307909,929.0210967063904
1e-05,21,p4,"K_ads,2",397.768281807554,558.532,-0.2878326008043336,0.2779190378307909,929.0210967063904
1e-05,21,p5,A2,0.10244174383329885,0.7439,-0.8622909748174501,0.2779190378307909,929.0210967063904
1e-05,21,p6,E2,141288.2879543392,40000.0,2.53220719885848,0.2779190378307909,929.0210967063904
1e-05,21,p7,"K_ads,3",91922.17455756449,17197.0,4.345244784413821,0.2779190378307909,929.0210967063904
1e-05,21,p8,"K_ads,4",81161.86363722596,124119.0,-0.3460963781755737,0.2779190378307909,929.0210967063904
1e-05,21,p9,Inhibition / adsorption,141692.9026433712,98084.0,0.444607710160385,0.2779190378307909,929.0210967063904
1e-06,21,p1,A1,98625.52755036496,15672.02,5.293096075066581,0.19006572618635686,964.290333032608
1e-06,21,p2,E1,9855.988381334613,3453.38,1.8540121218442838,0.19006572618635686,964.290333032608
1e-06,21,p3,"K_ads,1",72.27952313816067,30.836,1.343998026273209,0.19006572618635686,964.290333032608
1e-06,21,p4,"K_ads,2",429.10241089659854,558.532,-0.23173173444565662,0.19006572618635686,964.290333032608
1e-06,21,p5,A2,0.1000021882669045,0.7439,-0.8655703881342861,0.19006572618635686,964.290333032608
1e-06,21,p6,E2,148763.66398752367,40000.0,2.7190915996880918,0.19006572618635686,964.290333032608
1e-06,21,p7,"K_ads,3",25388.77119179585,17197.0,0.47634885106680536,0.19006572618635686,964.290333032608
1e-06,21,p8,"K_ads,4",143556.81492695527,124119.0,0.15660628048046848,0.19006572618635686,964.290333032608
1e-06,21,p9,Inhibition / adsorption,136663.82022000532,98084.0,0.3933344910485433,0.19006572618635686,964.290333032608
1e-07,21,p1,A1,98625.81858953333,15672.02,5.293114645689153,0.28264376620170456,950.8173804283142
1e-07,21,p2,E1,9843.268668294097,3453.38,1.8503288570311105,0.28264376620170456,950.8173804283142
1e-07,21,p3,"K_ads,1",79.77998284524413,30.836,1.587235142211835,0.28264376620170456,950.8173804283142
1e-07,21,p4,"K_ads,2",398.8218628131792,558.532,-0.28594626124702044,0.28264376620170456,950.8173804283142
1e-07,21,p5,A2,0.10000209093374157,0.7439,-0.8655705189760162,0.28264376620170456,950.8173804283142
1e-07,21,p6,E2,148221.35365326487,40000.0,2.7055338413316217,0.28264376620170456,950.8173804283142
1e-07,21,p7,"K_ads,3",94198.36114079967,17197.0,4.477604299633637,0.28264376620170456,950.8173804283142
1e-07,21,p8,"K_ads,4",83700.70015339427,124119.0,-0.32564152020726667,0.28264376620170456,950.8173804283142
1e-07,21,p9,Inhibition / adsorption,139696.4532987268,98084.0,0.4242532247739365,0.28264376620170456,950.8173804283142
1e-05,22,p1,A1,98627.67596552781,15672.02,5.293233161106724,0.2820183691491005,578.6599013805389
1e-05,22,p2,E1,9879.6320017244,3453.38,1.860858637544782,0.2820183691491005,578.6599013805389
1e-05,22,p3,"K_ads,1",77.35513179680015,30.836,1.5085981254637486,0.2820183691491005,578.6599013805389
1e-05,22,p4,"K_ads,2",419.08295147248,558.532,-0.24967065186510362,0.2820183691491005,578.6599013805389
1e-05,22,p5,A2,0.10000146431594331,0.7439,-0.8655713613174576,0.2820183691491005,578.6599013805389
1e-05,22,p6,E2,149317.95196776712,40000.0,2.732948799194178,0.2820183691491005,578.6599013805389
1e-05,22,p7,"K_ads,3",93877.94894050197,17197.0,4.458972433593183,0.2820183691491005,578.6599013805389
1e-05,22,p8,"K_ads,4",86095.06375548744,124119.0,-0.3063506493325966,0.2820183691491005,578.6599013805389
1e-05,22,p9,Inhibition / adsorption,138363.27791137408,98084.0,0.41066104473078263,0.2820183691491005,578.6599013805389
1e-06,22,p1,A1,98627.67634034969,15672.02,5.293233185023353,0.2820866138123658,988.8735382556915
1e-06,22,p2,E1,9879.69777912483,3453.38,1.8608776847971638,0.2820866138123658,988.8735382556915
1e-06,22,p3,"K_ads,1",77.2451026617705,30.836,1.5050299215777179,0.2820866138123658,988.8735382556915
1e-06,22,p4,"K_ads,2",419.2397250792171,558.532,-0.24938996319061918,0.2820866138123658,988.8735382556915
1e-06,22,p5,A2,0.10000146418783117,0.7439,-0.8655713614896744,0.2820866138123658,988.8735382556915
1e-06,22,p6,E2,149317.59462477773,40000.0,2.7329398656194432,0.2820866138123658,988.8735382556915
1e-06,22,p7,"K_ads,3",93924.772227051,17197.0,4.461695192594696,0.2820866138123658,988.8735382556915
1e-06,22,p8,"K_ads,4",86066.91122328215,124119.0,-0.3065774682096847,0.2820866138123658,988.8735382556915
1e-06,22,p9,Inhibition / adsorption,138508.49259615334,98084.0,0.4121415582169706,0.2820866138123658,988.8735382556915
1e-07,22,p1,A1,98626.39063733273,15672.02,5.293151146905934,0.28125101613062825,956.7281258106232
1e-07,22,p2,E1,9853.344388300346,3453.38,1.8532464971420306,0.28125101613062825,956.7281258106232
1e-07,22,p3,"K_ads,1",77.23984631002477,30.836,1.5048594600475023,0.28125101613062825,956.7281258106232
1e-07,22,p4,"K_ads,2",419.28250409535923,558.532,-0.2493133713102218,0.28125101613062825,956.7281258106232
1e-07,22,p5,A2,0.10000189798256874,0.7439,-0.865570778353853,0.28125101613062825,956.7281258106232
1e-07,22,p6,E2,148090.2193969924,40000.0,2.70225548492481,0.28125101613062825,956.7281258106232
1e-07,22,p7,"K_ads,3",93518.61540207447,17197.0,4.438077304301592,0.28125101613062825,956.7281258106232
1e-07,22,p8,"K_ads,4",85656.46771209604,124119.0,-0.30988432301181895,0.28125101613062825,956.7281258106232
1e-07,22,p9,Inhibition / adsorption,138928.72483676177,98084.0,0.41642596995189607,0.28125101613062825,956.7281258106232
1e-05,23,p1,A1,98626.01381478824,15672.02,5.293127102619077,0.281531138119594,992.4440236091614
1e-05,23,p2,E1,9858.108013137748,3453.38,1.8546259065430817,0.281531138119594,992.4440236091614
1e-05,23,p3,"K_ads,1",77.65791307570571,30.836,1.51841720961557,0.281531138119594,992.4440236091614
1e-05,23,p4,"K_ads,2",419.8025702725894,558.532,-0.24838224081594368,0.281531138119594,992.4440236091614
1e-05,23,p5,A2,0.1000020246105486,0.7439,-0.8655706081320761,0.281531138119594,992.4440236091614
1e-05,23,p6,E2,148394.78564684698,40000.0,2.7098696411711747,0.281531138119594,992.4440236091614
1e-05,23,p7,"K_ads,3",93170.80952049176,17197.0,4.417852504535196,0.281531138119594,992.4440236091614
1e-05,23,p8,"K_ads,4",85575.82446998708,124119.0,-0.3105340482119008,0.281531138119594,992.4440236091614
1e-05,23,p9,Inhibition / adsorption,142156.3292619072,98084.0,0.4493325033839077,0.281531138119594,992.4440236091614
1e-06,23,p1,A1,98626.0144488753,15672.02,5.293127143078895,0.2813347847414775,998.5099325180054
1e-06,23,p2,E1,9858.052467128333,3453.38,1.8546098220086793,0.2813347847414775,998.5099325180054
1e-06,23,p3,"K_ads,1",77.72572705500346,30.836,1.5206163917175854,0.2813347847414775,998.5099325180054
1e-06,23,p4,"K_ads,2",419.78236511767557,558.532,-0.24841841628111633,0.2813347847414775,998.5099325180054
1e-06,23,p5,A2,0.10000202440085809,0.7439,-0.8655706084139559,0.2813347847414775,998.5099325180054
1e-06,23,p6,E2,148418.02308606502,40000.0,2.7104505771516254,0.2813347847414775,998.5099325180054
1e-06,23,p7,"K_ads,3",92995.35324972055,17197.0,4.407649779014976,0.2813347847414775,998.5099325180054
1e-06,23,p8,"K_ads,4",85671.44966105685,124119.0,-0.30976361668191943,0.2813347847414775,998.5099325180054
1e-06,23,p9,Inhibition / adsorption,142046.73878763107,98084.0,0.448215190934618,0.2813347847414775,998.5099325180054
1e-07,23,p1,A1,98627.60817863703,15672.02,5.293228835761888,0.28200262349919175,1012.8065505027771
1e-07,23,p2,E1,9880.552606412313,3453.38,1.8611252183114262,0.28200262349919175,1012.8065505027771
1e-07,23,p3,"K_ads,1",77.72362129049425,30.836,1.5205481025585112,0.28200262349919175,1012.8065505027771
1e-07,23,p4,"K_ads,2",419.79186441303295,558.532,-0.24840140866945326,0.28200262349919175,1012.8065505027771
1e-07,23,p5,A2,0.10000148709262727,0.7439,-0.8655713306995197,0.28200262349919175,1012.8065505027771
1e-07,23,p6,E2,149375.01635066053,40000.0,2.734375408766513,0.28200262349919175,1012.8065505027771
1e-07,23,p7,"K_ads,3",93325.12510893683,17197.0,4.426825906200897,0.28200262349919175,1012.8065505027771
1e-07,23,p8,"K_ads,4",85987.22076083247,124119.0,-0.3072195170696471,0.28200262349919175,1012.8065505027771
1e-07,23,p9,Inhibition / adsorption,141743.65428382854,98084.0,0.4451251405308566,0.28200262349919175,1012.8065505027771
1e-05,24,p1,A1,98622.11480562207,15672.02,5.292878314704937,0.2840975606641126,1023.0232923030853
1e-05,24,p2,E1,9863.961109557775,3453.38,1.8563207957299153,0.2840975606641126,1023.0232923030853
1e-05,24,p3,"K_ads,1",77.76885645589417,30.836,1.5220150621317348,0.2840975606641126,1023.0232923030853
1e-05,24,p4,"K_ads,2",420.0920082368538,558.532,-0.24786402885268205,0.2840975606641126,1023.0232923030853
1e-05,24,p5,A2,0.10000332545228567,0.7439,-0.8655688594538438,0.2840975606641126,1023.0232923030853
1e-05,24,p6,E2,149590.19009796157,40000.0,2.7397547524490395,0.2840975606641126,1023.0232923030853
1e-05,24,p7,"K_ads,3",93925.56252159082,17197.0,4.461741147967135,0.2840975606641126,1023.0232923030853
1e-05,24,p8,"K_ads,4",84807.77366330182,124119.0,-0.3167220678276346,0.2840975606641126,1023.0232923030853
1e-05,24,p9,Inhibition / adsorption,149592.95324226053,98084.0,0.5251514338960537,0.2840975606641126,1023.0232923030853
1e-06,24,p1,A1,98621.97830334253,15672.02,5.29286960476968,0.2839045443001228,1008.7272424697876
1e-06,24,p2,E1,9864.350688252465,3453.38,1.8564336065687717,0.2839045443001228,1008.7272424697876
1e-06,24,p3,"K_ads,1",77.74813064096112,30.836,1.5213429316695137,0.2839045443001228,1008.7272424697876
1e-06,24,p4,"K_ads,2",420.4649746411854,558.532,-0.24719626692618263,0.2839045443001228,1008.7272424697876
1e-06,24,p5,A2,0.10000337036150381,0.7439,-0.8655687990838772,0.2839045443001228,1008.7272424697876
1e-06,24,p6,E2,149590.27706446793,40000.0,2.7397569266116983,0.2839045443001228,1008.7272424697876
1e-06,24,p7,"K_ads,3",93760.20189417666,17197.0,4.452125480849954,0.2839045443001228,1008.7272424697876
1e-06,24,p8,"K_ads,4",84944.39923559851,124119.0,-0.315621305073369,0.2839045443001228,1008.7272424697876
1e-06,24,p9,Inhibition / adsorption,149592.98241747284,98084.0,0.5251517313473435,0.2839045443001228,1008.7272424697876
1e-07,24,p1,A1,98621.97682410781,15672.02,5.292869510382695,0.28390307198439646,1014.0701682567596
1e-07,24,p2,E1,9864.34462535909,3453.38,1.856431850928392,0.28390307198439646,1014.0701682567596
1e-07,24,p3,"K_ads,1",77.76641651285749,30.836,1.521935935687427,0.28390307198439646,1014.0701682567596
1e-07,24,p4,"K_ads,2",420.39022893052913,558.532,-0.2473300922229539,0.28390307198439646,1014.0701682567596
1e-07,24,p5,A2,0.10000337086433979,0.7439,-0.8655687984079316,0.28390307198439646,1014.0701682567596
1e-07,24,p6,E2,149590.27844987068,40000.0,2.739756961246767,0.28390307198439646,1014.0701682567596
1e-07,24,p7,"K_ads,3",93758.20337433957,17197.0,4.452009267566411,0.28390307198439646,1014.0701682567596
1e-07,24,p8,"K_ads,4",84944.78254437687,124119.0,-0.31561821683725405,0.28390307198439646,1014.0701682567596
1e-07,24,p9,Inhibition / adsorption,149592.98289407144,98084.0,0.5251517362064295,0.28390307198439646,1014.0701682567596
1e-05,25,p1,A1,98627.41905244824,15672.02,5.293216768001077,0.286996169089871,1075.1075155735016
1e-05,25,p2,E1,9882.809595676368,3453.38,1.8617787777992483,0.286996169089871,1075.1075155735016
1e-05,25,p3,"K_ads,1",77.11238971348816,30.836,1.500726090072907,0.286996169089871,1075.1075155735016
1e-05,25,p4,"K_ads,2",420.0282280995129,558.532,-0.24797822130242697,0.286996169089871,1075.1075155735016
1e-05,25,p5,A2,0.10000155004049201,0.7439,-0.8655712460808012,0.286996169089871,1075.1075155735016
1e-05,25,p6,E2,149528.13699484177,40000.0,2.738203424871044,0.286996169089871,1075.1075155735016
1e-05,25,p7,"K_ads,3",96298.8488667731,17197.0,4.5997469830071,0.286996169089871,1075.1075155735016
1e-05,25,p8,"K_ads,4",80983.54121092305,124119.0,-0.347533083485018,0.286996169089871,1075.1075155735016
1e-05,25,p9,Inhibition / adsorption,147460.79202385555,98084.0,0.5034133194390069,0.286996169089871,1075.1075155735016
1e-06,25,p1,A1,98627.41549209719,15672.02,5.293216540822255,0.28706429192502664,1069.5560719966888
1e-06,25,p2,E1,9882.804703338967,3453.38,1.8617773611183728,0.28706429192502664,1069.5560719966888
1e-06,25,p3,"K_ads,1",77.06002317911151,30.836,1.4990278628587208,0.28706429192502664,1069.5560719966888
1e-06,25,p4,"K_ads,2",420.3486859501184,558.532,-0.24740447109544594,0.28706429192502664,1069.5560719966888
1e-06,25,p5,A2,0.10000155123013846,0.7439,-0.8655712444815991,0.28706429192502664,1069.5560719966888
1e-06,25,p6,E2,149527.68582343854,40000.0,2.7381921455859635,0.28706429192502664,1069.5560719966888
1e-06,25,p7,"K_ads,3",96406.3870004291,17197.0,4.606000290773338,0.28706429192502664,1069.5560719966888
1e-06,25,p8,"K_ads,4",81005.03040828563,124119.0,-0.347359949658911,0.28706429192502664,1069.5560719966888
1e-06,25,p9,Inhibition / adsorption,147285.8672481949,98084.0,0.5016299013926319,0.28706429192502664,1069.5560719966888
1e-07,25,p1,A1,98624.95529737027,15672.02,5.293059560756703,0.2868900366148123,1068.8854434490204
1e-07,25,p2,E1,9870.497836334063,3453.38,1.8582136446999933,0.2868900366148123,1068.8854434490204
1e-07,25,p3,"K_ads,1",77.0612418684342,30.836,1.499067384499747,0.2868900366148123,1068.8854434490204
1e-07,25,p4,"K_ads,2",420.2917296614763,558.532,-0.24750644607385738,0.2868900366148123,1068.8854434490204
1e-07,25,p5,A2,0.10000237696547327,0.7439,-0.8655701344730833,0.2868900366148123,1068.8854434490204
1e-07,25,p6,E2,149241.2538460616,40000.0,2.7310313461515396,0.2868900366148123,1068.8854434490204
1e-07,25,p7,"K_ads,3",96321.59894134596,17197.0,4.601069892501364,0.2868900366148123,1068.8854434490204
1e-07,25,p8,"K_ads,4",80896.51601949445,124119.0,-0.34823422667364023,0.2868900366148123,1068.8854434490204
1e-07,25,p9,Inhibition / adsorption,147373.5544343065,98084.0,0.5025239023113506,0.2868900366148123,1068.8854434490204
1e-05,26,p1,A1,98626.93153165246,15672.02,5.293185660281984,0.29340934028884824,680.4113485813141
1e-05,26,p2,E1,9883.975327553078,3453.38,1.8621163403833572,0.29340934028884824,680.4113485813141
1e-05,26,p3,"K_ads,1",83.88428501113414,30.836,1.7203361334522682,0.29340934028884824,680.4113485813141
1e-05,26,p4,"K_ads,2",373.26239112453146,558.532,-0.3317081364639243,0.29340934028884824,680.4113485813141
1e-05,26,p5,A2,0.10000170816799651,0.7439,-0.8655710335152622,0.29340934028884824,680.4113485813141
1e-05,26,p6,E2,149570.22383190136,40000.0,2.739255595797534,0.29340934028884824,680.4113485813141
1e-05,26,p7,"K_ads,3",99606.62948828848,17197.0,4.792093358625835,0.29340934028884824,680.4113485813141
1e-05,26,p8,"K_ads,4",68184.94038088269,124119.0,-0.4506486486284719,0.29340934028884824,680.4113485813141
1e-05,26,p9,Inhibition / adsorption,136214.40395837225,98084.0,0.3887525382159399,0.29340934028884824,680.4113485813141
1e-06,26,p1,A1,98626.91845755409,15672.02,5.293184826050125,0.2934024448814333,1103.8481242656708
1e-06,26,p2,E1,9883.96804303793,3453.38,1.862114230996279,0.2934024448814333,1103.8481242656708
1e-06,26,p3,"K_ads,1",83.60992872821896,30.836,1.711438861338013,0.2934024448814333,1103.8481242656708
1e-06,26,p4,"K_ads,2",374.98318527322743,558.532,-0.328627213349947,0.2934024448814333,1103.8481242656708
1e-06,26,p5,A2,0.10000171242473484,0.7439,-0.8655710277930705,0.2934024448814333,1103.8481242656708
1e-06,26,p6,E2,149570.18119246748,40000.0,2.7392545298116873,0.2934024448814333,1103.8481242656708
1e-06,26,p7,"K_ads,3",99710.27220803194,17197.0,4.798120149330228,0.2934024448814333,1103.8481242656708
1e-06,26,p8,"K_ads,4",68401.16920623112,124119.0,-0.44890653964154464,0.2934024448814333,1103.8481242656708
1e-06,26,p9,Inhibition / adsorption,136267.39580982,98084.0,0.3892928083053302,0.2934024448814333,1103.8481242656708
1e-07,26,p1,A1,98626.91730900596,15672.02,5.293184752763585,0.2933824133591476,1092.09237742424
1e-07,26,p2,E1,9883.96857371197,3453.38,1.8621143846642914,0.2933824133591476,1092.09237742424
1e-07,26,p3,"K_ads,1",83.6200664983999,30.836,1.7117676254507685,0.2933824133591476,1092.09237742424
1e-07,26,p4,"K_ads,2",375.00355832818946,558.532,-0.32859073727523325,0.2933824133591476,1092.09237742424
1e-07,26,p5,A2,0.10000171279220188,0.7439,-0.8655710272990967,0.2933824133591476,1092.09237742424
1e-07,26,p6,E2,149570.19584470987,40000.0,2.739254896117747,0.2933824133591476,1092.09237742424
1e-07,26,p7,"K_ads,3",99695.44999834355,17197.0,4.797258242620431,0.2933824133591476,1092.09237742424
1e-07,26,p8,"K_ads,4",68413.38155108172,124119.0,-0.44880814741432234,0.2933824133591476,1092.09237742424
1e-07,26,p9,Inhibition / adsorption,136257.3583547343,98084.0,0.38919047301021864,0.2933824133591476,1092.09237742424
1e-05,27,p1,A1,98626.0748380254,15672.02,5.293130996388812,0.1841946815961676,1121.1464071273804
1e-05,27,p2,E1,9882.659624237715,3453.38,1.8617353503633294,0.1841946815961676,1121.1464071273804
1e-05,27,p3,"K_ads,1",67.09083476356882,30.836,1.175730793993022,0.1841946815961676,1121.1464071273804
1e-05,27,p4,"K_ads,2",454.4720413010666,558.532,-0.1863097525279365,0.1841946815961676,1121.1464071273804
1e-05,27,p5,A2,0.10000199129137856,0.7439,-0.8655706529219269,0.1841946815961676,1121.1464071273804
1e-05,27,p6,E2,149519.33765008964,40000.0,2.7379834412522412,0.1841946815961676,1121.1464071273804
1e-05,27,p7,"K_ads,3",18125.624292517616,17197.0,0.053999202914323176,0.1841946815961676,1121.1464071273804
1e-05,27,p8,"K_ads,4",145952.6637830382,124119.0,0.1759091177260388,0.1841946815961676,1121.1464071273804
1e-05,27,p9,Inhibition / adsorption,134769.1659524078,98084.0,0.37401784136462435,0.1841946815961676,1121.1464071273804
1e-06,27,p1,A1,98626.8844889447,15672.02,5.293182658581644,0.2927059668884746,1126.6362600326538
1e-06,27,p2,E1,9883.971219979718,3453.38,1.8621151509476852,0.2927059668884746,1126.6362600326538
1e-06,27,p3,"K_ads,1",83.63455228074635,30.836,1.7122373939793214,0.2927059668884746,1126.6362600326538
1e-06,27,p4,"K_ads,2",375.77452909414546,558.532,-0.32721038527041346,0.2927059668884746,1126.6362600326538
1e-06,27,p5,A2,0.10000172336080282,0.7439,-0.8655710130920785,0.2927059668884746,1126.6362600326538
1e-06,27,p6,E2,149570.42077502457,40000.0,2.7392605193756143,0.2927059668884746,1126.6362600326538
1e-06,27,p7,"K_ads,3",99098.21009827111,17197.0,4.762528935178875,0.2927059668884746,1126.6362600326538
1e-06,27,p8,"K_ads,4",68775.82069175561,124119.0,-0.44588805346678906,0.2927059668884746,1126.6362600326538
1e-06,27,p9,Inhibition / adsorption,136511.4746225738,98084.0,0.3917812754636209,0.2927059668884746,1126.6362600326538
1e-07,27,p1,A1,98622.04443362051,15672.02,5.292873824409393,0.2926377939978085,1130.948740720749
1e-07,27,p2,E1,9876.935434809702,3453.38,1.8600777889516074,0.2926377939978085,1130.948740720749
1e-07,27,p3,"K_ads,1",83.64795913882908,30.836,1.7126721733956767,0.2926377939978085,1130.948740720749
1e-07,27,p4,"K_ads,2",375.7232052461252,558.532,-0.3273022758837002,0.2926377939978085,1130.948740720749
1e-07,27,p5,A2,0.10000332068228537,0.7439,-0.8655688658659964,0.2926377939978085,1130.948740720749
1e-07,27,p6,E2,149462.7187741007,40000.0,2.736567969352518,0.2926377939978085,1130.948740720749
1e-07,27,p7,"K_ads,3",99055.39786523372,17197.0,4.760039417644573,0.2926377939978085,1130.948740720749
1e-07,27,p8,"K_ads,4",68737.50728726437,124119.0,-0.4461967362993227,0.2926377939978085,1130.948740720749
1e-07,27,p9,Inhibition / adsorption,136552.07180144486,98084.0,0.3921951776176019,0.2926377939978085,1130.948740720749
1e-05,28,p1,A1,98617.45061667285,15672.02,5.292580702211511,0.18409060348104747,1157.5167627334595
1e-05,28,p2,E1,9869.389128831823,3453.38,1.8578925947424907,0.18409060348104747,1157.5167627334595
1e-05,28,p3,"K_ads,1",67.82527833228215,30.836,1.1995485254988376,0.18409060348104747,1157.5167627334595
1e-05,28,p4,"K_ads,2",451.02404314521027,558.532,-0.1924830750159163,0.18409060348104747,1157.5167627334595
1e-05,28,p5,A2,0.10000484151865048,0.7439,-0.8655668214563106,0.18409060348104747,1157.5167627334595
1e-05,28,p6,E2,149166.77381199657,40000.0,2.729169345299914,0.18409060348104747,1157.5167627334595
1e-05,28,p7,"K_ads,3",18428.452843200226,17197.0,0.07160858540444416,0.18409060348104747,1157.5167627334595
1e-05,28,p8,"K_ads,4",145913.47375939976,124119.0,0.17559337216219723,0.18409060348104747,1157.5167627334595
1e-05,28,p9,Inhibition / adsorption,135013.6167674278,98084.0,0.3765101012135292,0.18409060348104747,1157.5167627334595
1e-06,28,p1,A1,98626.87001551525,15672.02,5.29318173506129,0.29368001591171417,1162.2571620941162
1e-06,28,p2,E1,9883.98244505632,3453.38,1.8621184014085674,0.29368001591171417,1162.2571620941162
1e-06,28,p3,"K_ads,1",81.4485526030309,30.836,1.6413462382614772,0.29368001591171417,1162.2571620941162
1e-06,28,p4,"K_ads,2",386.62924045070383,558.532,-0.3077760263499606,0.29368001591171417,1162.2571620941162
1e-06,28,p5,A2,0.10000172794935923,0.7439,-0.8655710069238348,0.29368001591171417,1162.2571620941162
1e-06,28,p6,E2,149571.00645814897,40000.0,2.7392751614537243,0.29368001591171417,1162.2571620941162
1e-06,28,p7,"K_ads,3",100580.8618216828,17197.0,4.848744654398023,0.29368001591171417,1162.2571620941162
1e-06,28,p8,"K_ads,4",69562.28482943673,124119.0,-0.43955168161653957,0.29368001591171417,1162.2571620941162
1e-06,28,p9,Inhibition / adsorption,136838.04393626397,98084.0,0.39511076155401464,0.29368001591171417,1162.2571620941162
1e-07,28,p1,A1,98621.95370211621,15672.02,5.292868035015027,0.2936085604681977,1140.8033783435822
1e-07,28,p2,E1,9877.002945985916,3453.38,1.8600973382558292,0.2936085604681977,1140.8033783435822
1e-07,28,p3,"K_ads,1",81.44977782551055,30.836,1.6413859717703514,0.2936085604681977,1140.8033783435822
1e-07,28,p4,"K_ads,2",386.6231030988462,558.532,-0.3077870147120556,0.2936085604681977,1140.8033783435822
1e-07,28,p5,A2,0.10000334947780563,0.7439,-0.8655688271571372,0.2936085604681977,1140.8033783435822
1e-07,28,p6,E2,149466.0224034781,40000.0,2.7366505600869524,0.2936085604681977,1140.8033783435822
1e-07,28,p7,"K_ads,3",100537.94979727079,17197.0,4.846249334027493,0.2936085604681977,1140.8033783435822
1e-07,28,p8,"K_ads,4",69530.8558441005,124119.0,-0.4398048981694946,0.2936085604681977,1140.8033783435822
1e-07,28,p9,Inhibition / adsorption,136870.02886369743,98084.0,0.3954368588525899,0.2936085604681977,1140.8033783435822
1e-05,29,p1,A1,98621.90800689269,15672.02,5.292865119294939,0.2939604739827685,1186.7272970676422
1e-05,29,p2,E1,9876.964608740887,3453.38,1.860086236887017,0.2939604739827685,1186.7272970676422
1e-05,29,p3,"K_ads,1",80.6184556882545,30.836,1.6144265043538235,0.2939604739827685,1186.7272970676422
1e-05,29,p4,"K_ads,2",390.79391953112025,558.532,-0.3003195528078602,0.2939604739827685,1186.7272970676422
1e-05,29,p5,A2,0.1000033643899348,0.7439,-0.8655688071112584,0.2939604739827685,1186.7272970676422
1e-05,29,p6,E2,149466.4695550957,40000.0,2.736661738877393,0.2939604739827685,1186.7272970676422
1e-05,29,p7,"K_ads,3",101073.09202543477,17197.0,4.877367681888398,0.2939604739827685,1186.7272970676422
1e-05,29,p8,"K_ads,4",69851.64639002409,124119.0,-0.43722035796272857,0.2939604739827685,1186.7272970676422
1e-05,29,p9,Inhibition / adsorption,137123.783207949,98084.0,0.3980239713709574,0.2939604739827685,1186.7272970676422
1e-06,29,p1,A1,98621.8345883243,15672.02,5.292860434604109,0.29394135221505996,1199.8729012012482
1e-06,29,p2,E1,9876.99438575571,3453.38,1.8600948594581859,0.29394135221505996,1199.8729012012482
1e-06,29,p3,"K_ads,1",80.76147046411211,30.836,1.619064420291611,0.29394135221505996,1199.8729012012482
1e-06,29,p4,"K_ads,2",390.16336606021156,558.532,-0.30144850060477907,0.29394135221505996,1199.8729012012482
1e-06,29,p5,A2,0.10000338783911898,0.7439,-0.865568775589301,0.29394135221505996,1199.8729012012482
1e-06,29,p6,E2,149466.74863939785,40000.0,2.7366687159849463,0.29394135221505996,1199.8729012012482
1e-06,29,p7,"K_ads,3",101014.96607602012,17197.0,4.873987676688964,0.29394135221505996,1199.8729012012482
1e-06,29,p8,"K_ads,4",69793.46262182588,124119.0,-0.4376891320279258,0.29394135221505996,1199.8729012012482
1e-06,29,p9,Inhibition / adsorption,137155.70341305723,98084.0,0.39834940880324243,0.29394135221505996,1199.8729012012482
1e-07,29,p1,A1,98626.84788611694,15672.02,5.2931803230289995,0.29399179936292813,1204.8007791042328
1e-07,29,p2,E1,9883.981078687513,3453.38,1.8621180057472717,0.29399179936292813,1204.8007791042328
1e-07,29,p3,"K_ads,1",80.7751601762473,30.836,1.619508372559583,0.29399179936292813,1204.8007791042328
1e-07,29,p4,"K_ads,2",390.1847326935107,558.532,-0.30141024561974844,0.29399179936292813,1204.8007791042328
1e-07,29,p5,A2,0.1000017350730488,0.7439,-0.8655709973476963,0.29399179936292813,1204.8007791042328
1e-07,29,p6,E2,149571.14636517162,40000.0,2.7392786591292904,0.29399179936292813,1204.8007791042328
1e-07,29,p7,"K_ads,3",101040.08536708288,17197.0,4.875448355357498,0.29399179936292813,1204.8007791042328
1e-07,29,p8,"K_ads,4",69832.37467738392,124119.0,-0.4373756259929268,0.29399179936292813,1204.8007791042328
1e-07,29,p9,Inhibition / adsorption,137109.51180939426,98084.0,0.39787846957092143,0.29399179936292813,1204.8007791042328
1e-05,30,p1,A1,98621.64399703617,15672.02,5.2928482733582625,0.29410603639815497,782.991975069046
1e-05,30,p2,E1,9877.015239391143,3453.38,1.860100898074102,0.29410603639815497,782.991975069046
1e-05,30,p3,"K_ads,1",79.68971316692414,30.836,1.5843077301506077,0.29410603639815497,782.991975069046
1e-05,30,p4,"K_ads,2",396.1298340907812,558.532,-0.2907660902315693,0.29410603639815497,782.991975069046
1e-05,30,p5,A2,0.10000344894522702,0.7439,-0.8655686934463946,0.29410603639815497,782.991975069046
1e-05,30,p6,E2,149468.93682186288,40000.0,2.736723420546572,0.29410603639815497,782.991975069046
1e-05,30,p7,"K_ads,3",101486.78077097237,17197.0,4.901423548931347,0.29410603639815497,782.991975069046
1e-05,30,p8,"K_ads,4",70396.19785246522,124119.0,-0.4328330243357969,0.29410603639815497,782.991975069046
1e-05,30,p9,Inhibition / adsorption,137369.84577306613,98084.0,0.40053266356455824,0.29410603639815497,782.991975069046
1e-06,30,p1,A1,98626.82998255071,15672.02,5.293179180638533,0.29424371988863973,1234.2519669532776
1e-06,30,p2,E1,9883.978156024856,3453.38,1.862117159427823,0.29424371988863973,1234.2519669532776
1e-06,30,p3,"K_ads,1",79.85498573599926,30.836,1.589667458036038,0.29424371988863973,1234.2519669532776
1e-06,30,p4,"K_ads,2",395.44092128750106,558.532,-0.2919995250272124,0.29424371988863973,1234.2519669532776
1e-06,30,p5,A2,0.1000017408428831,0.7439,-0.8655709895915001,0.29424371988863973,1234.2519669532776
1e-06,30,p6,E2,149571.45687151293,40000.0,2.7392864217878232,0.29424371988863973,1234.2519669532776
1e-06,30,p7,"K_ads,3",101548.63639529159,17197.0,4.905020433522799,0.29424371988863973,1234.2519669532776
1e-06,30,p8,"K_ads,4",70320.43866681804,124119.0,-0.4334433997468716,0.29424371988863973,1234.2519669532776
1e-06,30,p9,Inhibition / adsorption,137341.88006919227,98084.0,0.40024754362783194,0.29424371988863973,1234.2519669532776
1e-07,30,p1,A1,98625.78059107343,15672.02,5.293112221084035,0.18532981850527494,1245.5299696922302
1e-07,30,p2,E1,9882.728977954805,3453.38,1.8617554332146489,0.18532981850527494,1245.5299696922302
1e-07,30,p3,"K_ads,1",69.92006517840633,30.836,1.267481683045996,0.18532981850527494,1245.5299696922302
1e-07,30,p4,"K_ads,2",440.47716989195914,558.532,-0.21136627822226997,0.18532981850527494,1245.5299696922302
1e-07,30,p5,A2,0.10000208554725985,0.7439,-0.8655705262168841,0.18532981850527494,1245.5299696922302
1e-07,30,p6,E2,149522.76868924487,40000.0,2.738069217231122,0.18532981850527494,1245.5299696922302
1e-07,30,p7,"K_ads,3",20265.594318528085,17197.0,0.17843776929278857,0.18532981850527494,1245.5299696922302
1e-07,30,p8,"K_ads,4",145180.66219598544,124119.0,0.16968926752540253,0.18532981850527494,1245.5299696922302
1e-07,30,p9,Inhibition / adsorption,135203.82335076228,98084.0,0.3784493225272448,0.18532981850527494,1245.5299696922302
1e-05,31,p1,A1,98626.81647376016,15672.02,5.293178318669844,0.29425127064238404,1302.3058607578278
1e-05,31,p2,E1,9883.973069506537,3453.38,1.8621156865177122,0.29425127064238404,1302.3058607578278
1e-05,31,p3,"K_ads,1",79.788404939429,30.836,1.5875082675907706,0.29425127064238404,1302.3058607578278
1e-05,31,p4,"K_ads,2",395.8263306697473,558.532,-0.29130948509709875,0.29425127064238404,1302.3058607578278
1e-05,31,p5,A2,0.100001745213811,0.7439,-0.8655709837158072,0.29425127064238404,1302.3058607578278
1e-05,31,p6,E2,149571.36812924573,40000.0,2.7392842032311435,0.29425127064238404,1302.3058607578278
1e-05,31,p7,"K_ads,3",101506.51419982185,17197.0,4.9025710414503605,0.29425127064238404,1302.3058607578278
1e-05,31,p8,"K_ads,4",70309.13479587015,124119.0,-0.43353447259589467,0.29425127064238404,1302.3058607578278
1e-05,31,p9,Inhibition / adsorption,137682.1814350558,98084.0,0.40371703269703313,0.29425127064238404,1302.3058607578278
1e-06,31,p1,A1,98621.69181414357,15672.02,5.292851324471483,0.29418328239970226,1256.625239610672
1e-06,31,p2,E1,9876.966488329375,3453.38,1.8600867811620427,0.29418328239970226,1256.625239610672
1e-06,31,p3,"K_ads,1",79.8509910975338,30.836,1.5895379133977752,0.29418328239970226,1256.625239610672
1e-06,31,p4,"K_ads,2",395.43954239498953,558.532,-0.29200199380699854,0.29418328239970226,1256.625239610672
1e-06,31,p5,A2,0.10000343387772774,0.7439,-0.8655687137011323,0.29418328239970226,1256.625239610672
1e-06,31,p6,E2,149467.8959982037,40000.0,2.736697399955092,0.29418328239970226,1256.625239610672
1e-06,31,p7,"K_ads,3",101476.73047745258,17197.0,4.90083912760671,0.29418328239970226,1256.625239610672
1e-06,31,p8,"K_ads,4",70280.06716679549,124119.0,-0.4337686642109952,0.29418328239970226,1256.625239610672
1e-06,31,p9,Inhibition / adsorption,137634.54010409283,98084.0,0.4032313129979694,0.29418328239970226,1256.625239610672
1e-07,31,p1,A1,52.77892160023561,15672.02,-0.9966322834197356,0.289033855887786,1259.7588918209076
1e-07,31,p2,E1,9.498927826537125,3453.38,-0.9972493823944839,0.289033855887786,1259.7588918209076
1e-07,31,p3,"K_ads,1",1.2665251654154694,30.836,-0.9589270604029229,0.289033855887786,1259.7588918209076
1e-07,31,p4,"K_ads,2",1013.5648765843902,558.532,0.814694371288288,0.289033855887786,1259.7588918209076
1e-07,31,p5,A2,2.767747728800212,0.7439,2.7205911127842617,0.289033855887786,1259.7588918209076
1e-07,31,p6,E2,29091.798433231426,40000.0,-0.27270503916921435,0.289033855887786,1259.7588918209076
1e-07,31,p7,"K_ads,3",10001.631709754844,17197.0,-0.41840834391144716,0.289033855887786,1259.7588918209076
1e-07,31,p8,"K_ads,4",43623.45319946811,124119.0,-0.6485352508522618,0.289033855887786,1259.7588918209076
1e-07,31,p9,Inhibition / adsorption,52739.37011950347,98084.0,-0.4623040442936313,0.289033855887786,1259.7588918209076
1e-05,32,p1,A1,98625.67669181373,15672.02,5.293105591481744,0.188356613544035,1324.7197551727295
1e-05,32,p2,E1,9883.194780924085,3453.38,1.8618903164216172,0.188356613544035,1324.7197551727295
1e-05,32,p3,"K_ads,1",75.08769243250259,30.836,1.4350659110294006,0.188356613544035,1324.7197551727295
1e-05,32,p4,"K_ads,2",411.16014610928136,558.532,-0.26385570368522965,0.188356613544035,1324.7197551727295
1e-05,32,p5,A2,0.10000211473150056,0.7439,-0.8655704869854812,0.188356613544035,1324.7197551727295
1e-05,32,p6,E2,149527.01334829483,40000.0,2.7381753337073707,0.188356613544035,1324.7197551727295
1e-05,32,p7,"K_ads,3",23415.979419829695,17197.0,0.3616316462074603,0.188356613544035,1324.7197551727295
1e-05,32,p8,"K_ads,4",144763.3370332305,124119.0,0.16632696874153427,0.188356613544035,1324.7197551727295
1e-05,32,p9,Inhibition / adsorption,135418.14940383247,98084.0,0.3806344501022845,0.188356613544035,1324.7197551727295
1e-06,32,p1,A1,98615.39331953424,15672.02,5.292449430228792,0.18811981153098087,1296.8879239559174
1e-06,32,p2,E1,9872.570471241641,3453.38,1.858813820443056,0.18811981153098087,1296.8879239559174
1e-06,32,p3,"K_ads,1",75.23278960710314,30.836,1.4397713583831608,0.18811981153098087,1296.8879239559174
1e-06,32,p4,"K_ads,2",410.33438908005604,558.532,-0.265334145438299,0.18811981153098087,1296.8879239559174
1e-06,32,p5,A2,0.10000547721979615,0.7439,-0.8655659669044279,0.18811981153098087,1296.8879239559174
1e-06,32,p6,E2,149217.24552227766,40000.0,2.7304311380569417,0.18811981153098087,1296.8879239559174
1e-06,32,p7,"K_ads,3",23387.225709177557,17197.0,0.35995962721274394,0.18811981153098087,1296.8879239559174
1e-06,32,p8,"K_ads,4",144693.0713729603,124119.0,0.1657608534790023,0.18811981153098087,1296.8879239559174
1e-06,32,p9,Inhibition / adsorption,135513.0066988319,98084.0,0.38160155273879415,0.18811981153098087,1296.8879239559174
1e-07,32,p1,A1,98625.66598959932,15672.02,5.293104908595019,0.18843159449517996,1300.861747264862
1e-07,32,p2,E1,9883.179016117067,3453.38,1.8618857513847495,0.18843159449517996,1300.861747264862
1e-07,32,p3,"K_ads,1",75.21466262376913,30.836,1.439183507062172,0.18843159449517996,1300.861747264862
1e-07,32,p4,"K_ads,2",410.45167252823614,558.532,-0.2651241602482291,0.18843159449517996,1300.861747264862
1e-07,32,p5,A2,0.10000211828216132,0.7439,-0.8655704822124461,0.18843159449517996,1300.861747264862
1e-07,32,p6,E2,149526.88762527241,40000.0,2.7381721906318104,0.18843159449517996,1300.861747264862
1e-07,32,p7,"K_ads,3",23477.479582296695,17197.0,0.36520786080692536,0.18843159449517996,1300.861747264862
1e-07,32,p8,"K_ads,4",144782.4460679535,124119.0,0.1664809261108574,0.18843159449517996,1300.861747264862
1e-07,32,p9,Inhibition / adsorption,135427.36092883474,98084.0,0.38072836475709326,0.18843159449517996,1300.861747264862
1e-05,33,p1,A1,98622.06314106347,15672.02,5.292875018093612,0.2954665486662584,1338.7550146579742
1e-05,33,p2,E1,9877.482636529365,3453.38,1.8602362429067651,0.2954665486662584,1338.7550146579742
1e-05,33,p3,"K_ads,1",80.63933364999112,30.836,1.6151035688802413,0.2954665486662584,1338.7550146579742
1e-05,33,p4,"K_ads,2",384.77036866950385,558.532,-0.31110416472197866,0.2954665486662584,1338.7550146579742
1e-05,33,p5,A2,0.10000331142257476,0.7439,-0.8655688783135169,0.2954665486662584,1338.7550146579742
1e-05,33,p6,E2,149460.70085542166,40000.0,2.7365175213855415,0.2954665486662584,1338.7550146579742
1e-05,33,p7,"K_ads,3",101928.35632629818,17197.0,4.927101024963551,0.2954665486662584,1338.7550146579742
1e-05,33,p8,"K_ads,4",68435.25184243833,124119.0,-0.44863194319613975,0.2954665486662584,1338.7550146579742
1e-05,33,p9,Inhibition / adsorption,138006.39800345543,98084.0,0.4070225317427453,0.2954665486662584,1338.7550146579742
1e-06,33,p1,A1,98626.88599772722,15672.02,5.293182754854015,0.2955303700943624,1334.595196723938
1e-06,33,p2,E1,9884.076973926538,3453.38,1.862145774263631,0.2955303700943624,1334.595196723938
1e-06,33,p3,"K_ads,1",80.73055373761376,30.836,1.6180618023613234,0.2955303700943624,1334.595196723938
1e-06,33,p4,"K_ads,2",384.51342112309254,558.532,-0.31156420559056147,0.2955303700943624,1334.595196723938
1e-06,33,p5,A2,0.10000172224281188,0.7439,-0.8655710145949564,0.2955303700943624,1334.595196723938
1e-06,33,p6,E2,149570.09845509578,40000.0,2.7392524613773945,0.2955303700943624,1334.595196723938
1e-06,33,p7,"K_ads,3",101943.12015881759,17197.0,4.927959537059812,0.2955303700943624,1334.595196723938
1e-06,33,p8,"K_ads,4",68473.09825890382,124119.0,-0.4483270227853607,0.2955303700943624,1334.595196723938
1e-06,33,p9,Inhibition / adsorption,138109.94595114104,98084.0,0.40807823856226333,0.2955303700943624,1334.595196723938
1e-07,33,p1,A1,98622.0236906325,15672.02,5.292872500841148,0.29546963838048906,1347.86514210701
1e-07,33,p2,E1,9877.525543964439,3453.38,1.8602486676717993,0.29546963838048906,1347.86514210701
1e-07,33,p3,"K_ads,1",80.74641126756555,30.836,1.618576056154026,0.29546963838048906,1347.86514210701
1e-07,33,p4,"K_ads,2",384.44388191089575,558.532,-0.31168870913234026,0.29546963838048906,1347.86514210701
1e-07,33,p5,A2,0.1000033238312553,0.7439,-0.8655688616329408,0.29546963838048906,1347.86514210701
1e-07,33,p6,E2,149461.11404602384,40000.0,2.736527851150596,0.29546963838048906,1347.86514210701
1e-07,33,p7,"K_ads,3",101905.55610666175,17197.0,4.925775199550023,0.29546963838048906,1347.86514210701
1e-07,33,p8,"K_ads,4",68433.17271570659,124119.0,-0.44864869427157333,0.29546963838048906,1347.86514210701
1e-07,33,p9,Inhibition / adsorption,138157.86323198894,98084.0,0.40856677166499067,0.29546963838048906,1347.86514210701
1e-05,34,p1,A1,98618.95395075723,15672.02,5.2926766269285785,0.29703775842780483,886.617826461792
1e-05,34,p2,E1,9878.760868877474,3453.38,1.8606063824072283,0.29703775842780483,886.617826461792
1e-05,34,p3,"K_ads,1",88.71262482771486,30.836,1.8769173961510852,0.29703775842780483,886.617826461792
1e-05,34,p4,"K_ads,2",340.618985051201,558.532,-0.3901531424319449,0.29703775842780483,886.617826461792
1e-05,34,p5,A2,0.10000427666788828,0.7439,-0.8655675807663823,0.29703775842780483,886.617826461792
1e-05,34,p6,E2,149465.96811169625,40000.0,2.7366492027924063,0.29703775842780483,886.617826461792
1e-05,34,p7,"K_ads,3",100528.1971894935,17197.0,4.845682223032709,0.29703775842780483,886.617826461792
1e-05,34,p8,"K_ads,4",63347.77652475274,124119.0,-0.4896206340306259,0.29703775842780483,886.617826461792
1e-05,34,p9,Inhibition / adsorption,138202.7916753823,98084.0,0.4090248325453927,0.29703775842780483,886.617826461792
1e-06,34,p1,A1,98618.9525822916,15672.02,5.292676539609546,0.29685744486598137,1347.5337829589844
1e-06,34,p2,E1,9878.737024537406,3453.38,1.8605994777688541,0.29685744486598137,1347.5337829589844
1e-06,34,p3,"K_ads,1",88.78795468801508,30.836,1.8793603154759073,0.29685744486598137,1347.5337829589844
1e-06,34,p4,"K_ads,2",340.2716152468871,558.532,-0.39077507600838074,0.29685744486598137,1347.5337829589844
1e-06,34,p5,A2,0.10000427753627299,0.7439,-0.8655675795990416,0.29685744486598137,1347.5337829589844
1e-06,34,p6,E2,149465.7650761866,40000.0,2.736644126904665,0.29685744486598137,1347.5337829589844
1e-06,34,p7,"K_ads,3",100332.95866329744,17197.0,4.834329165743876,0.29685744486598137,1347.5337829589844
1e-06,34,p8,"K_ads,4",63386.1580261052,124119.0,-0.48931140255637573,0.29685744486598137,1347.5337829589844
1e-06,34,p9,Inhibition / adsorption,138304.26549853425,98084.0,0.41005939295434785,0.29685744486598137,1347.5337829589844
1e-07,34,p1,A1,98618.95666909729,15672.02,5.292676800380377,0.2968484887595536,1368.1727805137634
1e-07,34,p2,E1,9878.737567125143,3453.38,1.860599634886732,0.2968484887595536,1368.1727805137634
1e-07,34,p3,"K_ads,1",88.79395385534079,30.836,1.8795548662388375,0.2968484887595536,1368.1727805137634
1e-07,34,p4,"K_ads,2",340.28248699408914,558.532,-0.39075561114835117,0.2968484887595536,1368.1727805137634
1e-07,34,p5,A2,0.10000427630298188,0.7439,-0.8655675812569137,0.2968484887595536,1368.1727805137634
1e-07,34,p6,E2,149465.79009911593,40000.0,2.7366447524778983,0.2968484887595536,1368.1727805137634
1e-07,34,p7,"K_ads,3",100328.60578607951,17197.0,4.834076047338461,0.2968484887595536,1368.1727805137634
1e-07,34,p8,"K_ads,4",63396.28548430853,124119.0,-0.4892298078109836,0.2968484887595536,1368.1727805137634
1e-07,34,p9,Inhibition / adsorption,138306.69068926614,98084.0,0.4100841186051358,0.2968484887595536,1368.1727805137634
1e-05,35,p1,A1,72021.08238999965,15672.02,3.5955200663347573,0.20398793951030747,1450.789540052414
1e-05,35,p2,E1,9881.945926188311,3453.38,1.861528683836795,0.20398793951030747,1450.789540052414
1e-05,35,p3,"K_ads,1",90.78248766557007,30.836,1.9440422773890933,0.20398793951030747,1450.789540052414
1e-05,35,p4,"K_ads,2",273.2268421978234,558.532,-0.5108125547008526,0.20398793951030747,1450.789540052414
1e-05,35,p5,A2,0.10003606559010965,0.7439,-0.8655248479767311,0.20398793951030747,1450.789540052414
1e-05,35,p6,E2,149429.70882207842,40000.0,2.7357427205519604,0.20398793951030747,1450.789540052414
1e-05,35,p7,"K_ads,3",35547.39089039437,17197.0,1.0670693080417728,0.20398793951030747,1450.789540052414
1e-05,35,p8,"K_ads,4",149025.54726629984,124119.0,0.2006666768689712,0.20398793951030747,1450.789540052414
1e-05,35,p9,Inhibition / adsorption,129935.61933740701,98084.0,0.32473817684236994,0.20398793951030747,1450.789540052414
1e-06,35,p1,A1,72448.62412541508,15672.02,3.622800642509075,0.20409880237152692,1451.0787291526794
1e-06,35,p2,E1,9882.78783901138,3453.38,1.8617724776918207,0.20409880237152692,1451.0787291526794
1e-06,35,p3,"K_ads,1",90.94598847426148,30.836,1.9493445477448919,0.20409880237152692,1451.0787291526794
1e-06,35,p4,"K_ads,2",273.9120092014329,558.532,-0.5095858264138261,0.20409880237152692,1451.0787291526794
1e-06,35,p5,A2,0.10002710681341077,0.7439,-0.8655368909619428,0.20409880237152692,1451.0787291526794
1e-06,35,p6,E2,149480.68266826545,40000.0,2.7370170667066365,0.20409880237152692,1451.0787291526794
1e-06,35,p7,"K_ads,3",35553.30863454018,17197.0,1.0674134229540142,0.20409880237152692,1451.0787291526794
1e-06,35,p8,"K_ads,4",149006.7858010877,124119.0,0.2005155197921971,0.20409880237152692,1451.0787291526794
1e-06,35,p9,Inhibition / adsorption,130202.99952919739,98084.0,0.32746420954689237,0.20409880237152692,1451.0787291526794
1e-07,35,p1,A1,19.69374768518389,15672.02,-0.9987433816645727,0.30994482821042496,1385.9014916419983
1e-07,35,p2,E1,7.162042082922212,3453.38,-0.9979260776158656,0.30994482821042496,1385.9014916419983
1e-07,35,p3,"K_ads,1",2.2963667279429165,30.836,-0.9255296819320626,0.30994482821042496,1385.9014916419983
1e-07,35,p4,"K_ads,2",135.1156867099058,558.532,-0.758087832550497,0.30994482821042496,1385.9014916419983
1e-07,35,p5,A2,0.40962662967937263,0.7439,-0.44935256125907697,0.30994482821042496,1385.9014916419983
1e-07,35,p6,E2,27223.419402226486,40000.0,-0.31941451494433787,0.30994482821042496,1385.9014916419983
1e-07,35,p7,"K_ads,3",10000.944089386501,17197.0,-0.41844832881395005,0.30994482821042496,1385.9014916419983
1e-07,35,p8,"K_ads,4",67293.99257828834,124119.0,-0.4578268228209353,0.30994482821042496,1385.9014916419983
1e-07,35,p9,Inhibition / adsorption,30722.505405195505,98084.0,-0.6867735267200001,0.30994482821042496,1385.9014916419983
1e-05,36,p1,A1,26418.999484167114,15672.02,0.6857430940087565,0.17085168542175513,1467.42067694664
1e-05,36,p2,E1,9141.294782980136,3453.38,1.6470573128297887,0.17085168542175513,1467.42067694664
1e-05,36,p3,"K_ads,1",64.77373194065527,30.836,1.1005880120850717,0.17085168542175513,1467.42067694664
1e-05,36,p4,"K_ads,2",196.6999818898273,558.532,-0.6478268355441993,0.17085168542175513,1467.42067694664
1e-05,36,p5,A2,0.10468458825324234,0.7439,-0.8592759937448012,0.17085168542175513,1467.42067694664
1e-05,36,p6,E2,128289.11813731602,40000.0,2.2072279534329007,0.17085168542175513,1467.42067694664
1e-05,36,p7,"K_ads,3",28107.641065645894,17197.0,0.6344502567683836,0.17085168542175513,1467.42067694664
1e-05,36,p8,"K_ads,4",141956.25067242637,124119.0,0.1437108796592493,0.17085168542175513,1467.42067694664
1e-05,36,p9,Inhibition / adsorption,118376.32670003778,98084.0,0.2068872262554319,0.17085168542175513,1467.42067694664
1e-06,36,p1,A1,23980.948653212123,15672.02,0.5301759858149825,0.19816248450118656,1480.390135526657
1e-06,36,p2,E1,9884.064755173484,3453.38,1.8621422360624904,0.19816248450118656,1480.390135526657
1e-06,36,p3,"K_ads,1",62.738564556774534,30.836,1.034588291502612,0.19816248450118656,1480.390135526657
1e-06,36,p4,"K_ads,2",190.55972758931688,558.532,-0.6588203941952889,0.19816248450118656,1480.390135526657
1e-06,36,p5,A2,0.10001552848387747,0.7439,-0.8655524553248051,0.19816248450118656,1480.390135526657
1e-06,36,p6,E2,149504.7390907774,40000.0,2.7376184772694354,0.19816248450118656,1480.390135526657
1e-06,36,p7,"K_ads,3",35309.67412361239,17197.0,1.0532461547719016,0.19816248450118656,1480.390135526657
1e-06,36,p8,"K_ads,4",148965.33508620385,124119.0,0.2001815603268142,0.19816248450118656,1480.390135526657
1e-06,36,p9,Inhibition / adsorption,111293.546126732,98084.0,0.13467585056412876,0.19816248450118656,1480.390135526657
1e-07,36,p1,A1,24672.023372641568,15672.02,0.5742720703930678,0.18935188930239744,1479.2102267742157
1e-07,36,p2,E1,9787.646180007512,3453.38,1.8342221765364692,0.18935188930239744,1479.2102267742157
1e-07,36,p3,"K_ads,1",63.316417453524,30.836,1.0533278458141133,0.18935188930239744,1479.2102267742157
1e-07,36,p4,"K_ads,2",192.46037295484294,558.532,-0.6554174640757505,0.18935188930239744,1479.2102267742157
1e-07,36,p5,A2,0.10094239108948248,0.7439,-0.8643065047862852,0.18935188930239744,1479.2102267742157
1e-07,36,p6,E2,142340.8734875072,40000.0,2.55852183718768,0.18935188930239744,1479.2102267742157
1e-07,36,p7,"K_ads,3",32903.11289063001,17197.0,0.9133053957451885,0.18935188930239744,1479.2102267742157
1e-07,36,p8,"K_ads,4",146566.03733550955,124119.0,0.18085093608157937,0.18935188930239744,1479.2102267742157
1e-07,36,p9,Inhibition / adsorption,113705.7295007714,98084.0,0.15926888688034133,0.18935188930239744,1479.2102267742157
1e-05,37,p1,A1,31017.693808765598,15672.02,0.9791765074805671,0.19831302823453653,1526.0232224464417
1e-05,37,p2,E1,9883.701835900396,3453.38,1.8620371450290427,0.19831302823453653,1526.0232224464417
1e-05,37,p3,"K_ads,1",69.24891171195937,30.836,1.245716425994272,0.19831302823453653,1526.0232224464417
1e-05,37,p4,"K_ads,2",204.99984597925123,558.532,-0.6329666948728968,0.19831302823453653,1526.0232224464417
1e-05,37,p5,A2,0.10001919491351847,0.7439,-0.8655475266655216,0.19831302823453653,1526.0232224464417
1e-05,37,p6,E2,149531.32512669507,40000.0,2.7382831281673767,0.19831302823453653,1526.0232224464417
1e-05,37,p7,"K_ads,3",34701.18188742815,17197.0,1.0178625276169189,0.19831302823453653,1526.0232224464417
1e-05,37,p8,"K_ads,4",149157.30996109324,124119.0,0.2017282604685281,0.19831302823453653,1526.0232224464417
1e-05,37,p9,Inhibition / adsorption,117556.44930643663,98084.0,0.19852829520040602,0.19831302823453653,1526.0232224464417
1e-06,37,p1,A1,32090.80834555605,15672.02,1.0476497825778712,0.19842081158092192,1491.5809609889984
1e-06,37,p2,E1,9883.688812955414,3453.38,1.8620333739569388,0.19842081158092192,1491.5809609889984
1e-06,37,p3,"K_ads,1",70.0285805709026,30.836,1.271000796825224,0.19842081158092192,1491.5809609889984
1e-06,37,p4,"K_ads,2",207.32640013367194,558.532,-0.6288012143732643,0.19842081158092192,1491.5809609889984
1e-06,37,p5,A2,0.10001932238772115,0.7439,-0.8655473553061955,0.19842081158092192,1491.5809609889984
1e-06,37,p6,E2,149529.7526054102,40000.0,2.738243815135255,0.19842081158092192,1491.5809609889984
1e-06,37,p7,"K_ads,3",34677.40557739069,17197.0,1.0164799428615856,0.19842081158092192,1491.5809609889984
1e-06,37,p8,"K_ads,4",149278.26007674856,124119.0,0.20270272945116022,0.19842081158092192,1491.5809609889984
1e-06,37,p9,Inhibition / adsorption,118149.68418614598,98084.0,0.2045765281406344,0.19842081158092192,1491.5809609889984
1e-07,37,p1,A1,32482.04319691465,15672.02,1.072613689678462,0.19499765243886766,1513.3126533031464
1e-07,37,p2,E1,9834.375124746628,3453.38,1.8477535413845645,0.19499765243886766,1513.3126533031464
1e-07,37,p3,"K_ads,1",70.31840733617844,30.836,1.2803997709228967,0.19499765243886766,1513.3126533031464
1e-07,37,p4,"K_ads,2",208.14321819491235,558.532,-0.6273387770174093,0.19499765243886766,1513.3126533031464
1e-07,37,p5,A2,0.10049631765264815,0.7439,-0.8649061464542975,0.19499765243886766,1513.3126533031464
1e-07,37,p6,E2,146663.3084535733,40000.0,2.6665827113393323,0.19499765243886766,1513.3126533031464
1e-07,37,p7,"K_ads,3",33729.72612116787,17197.0,0.9613726883274915,0.19499765243886766,1513.3126533031464
1e-07,37,p8,"K_ads,4",148306.54814472163,124119.0,0.19487385609553437,0.19499765243886766,1513.3126533031464
1e-07,37,p9,Inhibition / adsorption,119064.33265654738,98084.0,0.2139016828080766,0.19499765243886766,1513.3126533031464
1e-05,38,p1,A1,50549.358947153014,15672.02,2.2254526823697907,0.18513547080073733,1004.9113895893097
1e-05,38,p2,E1,9885.305251795651,3453.38,1.8625014483768514,0.18513547080073733,1004.9113895893097
1e-05,38,p3,"K_ads,1",78.8897989537837,30.836,1.5583668100202264,0.18513547080073733,1004.9113895893097
1e-05,38,p4,"K_ads,2",247.96310315591745,558.532,-0.5560449479064451,0.18513547080073733,1004.9113895893097
1e-05,38,p5,A2,0.10000358488316587,0.7439,-0.8655685107095499,0.18513547080073733,1004.9113895893097
1e-05,38,p6,E2,142221.61128145028,40000.0,2.555540282036257,0.18513547080073733,1004.9113895893097
1e-05,38,p7,"K_ads,3",27482.032571946373,17197.0,0.5980713247628291,0.18513547080073733,1004.9113895893097
1e-05,38,p8,"K_ads,4",149592.51768986677,124119.0,0.20523463522802127,0.18513547080073733,1004.9113895893097
1e-05,38,p9,Inhibition / adsorption,127947.26842600734,98084.0,0.3044662577587307,0.18513547080073733,1004.9113895893097
1e-06,38,p1,A1,50594.40018136011,15672.02,2.2283266727173725,0.1846001885366546,1532.6494529247284
1e-06,38,p2,E1,9884.281099251566,3453.38,1.8622048831149673,0.1846001885366546,1532.6494529247284
1e-06,38,p3,"K_ads,1",79.01428264898948,30.836,1.5624037699114504,0.1846001885366546,1532.6494529247284
1e-06,38,p4,"K_ads,2",247.3975757944326,558.532,-0.5570574724555932,0.1846001885366546,1532.6494529247284
1e-06,38,p5,A2,0.1000135912824379,0.7439,-0.8655550594401964,0.1846001885366546,1532.6494529247284
1e-06,38,p6,E2,141694.18095558815,40000.0,2.5423545238897036,0.1846001885366546,1532.6494529247284
1e-06,38,p7,"K_ads,3",27333.50731461654,17197.0,0.589434628982761,0.1846001885366546,1532.6494529247284
1e-06,38,p8,"K_ads,4",149584.21610844217,124119.0,0.20516775117783875,0.1846001885366546,1532.6494529247284
1e-06,38,p9,Inhibition / adsorption,128214.2931479405,98084.0,0.3071886663262152,0.1846001885366546,1532.6494529247284
1e-07,38,p1,A1,61961.64935634056,15672.02,2.953647925177518,0.2846193927582162,1518.7646114826202
1e-07,38,p2,E1,9884.411149475503,3453.38,1.8622425419373203,0.2846193927582162,1518.7646114826202
1e-07,38,p3,"K_ads,1",100.48303296936913,30.836,2.2586273501546614,0.2846193927582162,1518.7646114826202
1e-07,38,p4,"K_ads,2",226.3081580661766,558.532,-0.5948161285903465,0.2846193927582162,1518.7646114826202
1e-07,38,p5,A2,0.10001220215672774,0.7439,-0.8655569267956341,0.2846193927582162,1518.7646114826202
1e-07,38,p6,E2,149569.67329740876,40000.0,2.7392418324352192,0.2846193927582162,1518.7646114826202
1e-07,38,p7,"K_ads,3",84249.54914352373,17197.0,3.8990840927791903,0.2846193927582162,1518.7646114826202
1e-07,38,p8,"K_ads,4",55907.479202446986,124119.0,-0.5495655040529895,0.2846193927582162,1518.7646114826202
1e-07,38,p9,Inhibition / adsorption,128419.34136607443,98084.0,0.30927920319394014,0.2846193927582162,1518.7646114826202
1e-05,39,p1,A1,23249.480927012522,15672.02,0.48350250491082336,0.17617395821087126,1545.0725271701813
1e-05,39,p2,E1,9885.36029237823,3453.38,1.862517386554109,0.17617395821087126,1545.0725271701813
1e-05,39,p3,"K_ads,1",61.48193203378345,30.836,0.9938361666164046,0.17617395821087126,1545.0725271701813
1e-05,39,p4,"K_ads,2",188.05229496018734,558.532,-0.6633097209109106,0.17617395821087126,1545.0725271701813
1e-05,39,p5,A2,0.10000304380458562,0.7439,-0.8655692380634687,0.17617395821087126,1545.0725271701813
1e-05,39,p6,E2,138121.10418593054,40000.0,2.4530276046482635,0.17617395821087126,1545.0725271701813
1e-05,39,p7,"K_ads,3",26479.67304112573,17197.0,0.5397844415378107,0.17617395821087126,1545.0725271701813
1e-05,39,p8,"K_ads,4",149592.98336257625,124119.0,0.20523838705255645,0.17617395821087126,1545.0725271701813
1e-05,39,p9,Inhibition / adsorption,105906.3110335365,98084.0,0.07975114222030612,0.17617395821087126,1545.0725271701813
1e-06,39,p1,A1,23293.822538381155,15672.02,0.48633185373558446,0.17610925441799385,1574.3996834754944
1e-06,39,p2,E1,9885.360309177184,3453.38,1.8625173914186053,0.17610925441799385,1574.3996834754944
1e-06,39,p3,"K_ads,1",61.5430750644567,30.836,0.9958190123380692,0.17610925441799385,1574.3996834754944
1e-06,39,p4,"K_ads,2",188.11435127944605,558.532,-0.6631986147983535,0.17610925441799385,1574.3996834754944
1e-06,39,p5,A2,0.1000030437314546,0.7439,-0.8655692381617762,0.17610925441799385,1574.3996834754944
1e-06,39,p6,E2,138057.03168153996,40000.0,2.4514257920384988,0.17610925441799385,1574.3996834754944
1e-06,39,p7,"K_ads,3",26468.732665563854,17197.0,0.5391482622296827,0.17610925441799385,1574.3996834754944
1e-06,39,p8,"K_ads,4",149592.9838912989,124119.0,0.20523839131236077,0.17610925441799385,1574.3996834754944
1e-06,39,p9,Inhibition / adsorption,105850.15277522895,98084.0,0.07917858952763912,0.17610925441799385,1574.3996834754944
1e-07,39,p1,A1,23281.775696276556,15672.02,0.48556316902840574,0.1760887990251505,1576.39901804924
1e-07,39,p2,E1,9885.360370683298,3453.38,1.8625174092290155,0.1760887990251505,1576.39901804924
1e-07,39,p3,"K_ads,1",61.530647886050396,30.836,0.9954160035688935,0.1760887990251505,1576.39901804924
1e-07,39,p4,"K_ads,2",188.083681908868,558.532,-0.6632535254759476,0.1760887990251505,1576.39901804924
1e-07,39,p5,A2,0.10000304310516768,0.7439,-0.8655692390036729,0.1760887990251505,1576.39901804924
1e-07,39,p6,E2,138047.02659378535,40000.0,2.4511756648446337,0.1760887990251505,1576.39901804924
1e-07,39,p7,"K_ads,3",26459.654073377587,17197.0,0.5386203450239918,0.1760887990251505,1576.39901804924
1e-07,39,p8,"K_ads,4",149592.98440858425,124119.0,0.20523839548001716,0.1760887990251505,1576.39901804924
1e-07,39,p9,Inhibition / adsorption,105858.92052221323,98084.0,0.07926797971344184,0.1760887990251505,1576.39901804924
1e-05,40,p1,A1,24588.259586944,15672.02,0.5689272721030219,0.3094893750182448,1602.3059334754944
1e-05,40,p2,E1,9884.78779450308,3453.38,1.862351607556388,0.3094893750182448,1602.3059334754944
1e-05,40,p3,"K_ads,1",79.5739209270525,30.836,1.5805526309201097,0.3094893750182448,1602.3059334754944
1e-05,40,p4,"K_ads,2",130.98261681650874,558.532,-0.7654877127603992,0.3094893750182448,1602.3059334754944
1e-05,40,p5,A2,0.10000854561743693,0.7439,-0.8655618421596493,0.3094893750182448,1602.3059334754944
1e-05,40,p6,E2,149578.97272493583,40000.0,2.7394743181233956,0.3094893750182448,1602.3059334754944
1e-05,40,p7,"K_ads,3",88422.74149861182,17197.0,4.141753881410236,0.3094893750182448,1602.3059334754944
1e-05,40,p8,"K_ads,4",35594.56527597614,124119.0,-0.7132222683394472,0.3094893750182448,1602.3059334754944
1e-05,40,p9,Inhibition / adsorption,102644.14550893742,98084.0,0.046492246532945446,0.3094893750182448,1602.3059334754944
1e-06,40,p1,A1,23089.3449320086,15672.02,0.4732845499181726,0.17601838800089445,1603.9429500102997
1e-06,40,p2,E1,9884.589203754487,3453.38,1.862294101359968,0.17601838800089445,1603.9429500102997
1e-06,40,p3,"K_ads,1",61.37915095894062,30.836,0.9905030146238365,0.17601838800089445,1603.9429500102997
1e-06,40,p4,"K_ads,2",187.54143516723255,558.532,-0.6642243682237857,0.17601838800089445,1603.9429500102997
1e-06,40,p5,A2,0.10001056655727464,0.7439,-0.8655591254775177,0.17601838800089445,1603.9429500102997
1e-06,40,p6,E2,137990.50041720102,40000.0,2.4497625104300256,0.17601838800089445,1603.9429500102997
1e-06,40,p7,"K_ads,3",26448.5120264945,17197.0,0.537972438593621,0.17601838800089445,1603.9429500102997
1e-06,40,p8,"K_ads,4",149586.85240322907,124119.0,0.20518899123606438,0.17601838800089445,1603.9429500102997
1e-06,40,p9,Inhibition / adsorption,105800.11296020335,98084.0,0.07866841646143456,0.17601838800089445,1603.9429500102997
1e-07,40,p1,A1,23020.113253637966,15672.02,0.4688670160986245,0.17594699088877055,1620.2582144737244
1e-07,40,p2,E1,9884.589943347562,3453.38,1.862294315524953,0.17594699088877055,1620.2582144737244
1e-07,40,p3,"K_ads,1",61.32182229423146,30.836,0.9886438673703289,0.17594699088877055,1620.2582144737244
1e-07,40,p4,"K_ads,2",187.32053743700774,558.532,-0.664619865223465,0.17594699088877055,1620.2582144737244
1e-07,40,p5,A2,0.10001055930362436,0.7439,-0.8655591352283581,0.17594699088877055,1620.2582144737244
1e-07,40,p6,E2,137936.51778593386,40000.0,2.4484129446483465,0.17594699088877055,1620.2582144737244
1e-07,40,p7,"K_ads,3",26429.09084447191,17197.0,0.5368431031268192,0.17594699088877055,1620.2582144737244
1e-07,40,p8,"K_ads,4",149586.85705645836,124119.0,0.20518902872612868,0.17594699088877055,1620.2582144737244
1e-07,40,p9,Inhibition / adsorption,105787.3497134887,98084.0,0.07853829078635353,0.17594699088877055,1620.2582144737244
1e-05,41,p1,A1,23828.94152015974,15672.02,0.5204767171149437,0.30583123161210973,1639.628499031067
1e-05,41,p2,E1,9884.79646039959,3453.38,1.8623541169519686,0.30583123161210973,1639.628499031067
1e-05,41,p3,"K_ads,1",78.10675871749089,30.836,1.532973106676965,0.30583123161210973,1639.628499031067
1e-05,41,p4,"K_ads,2",133.34384963136753,558.532,-0.7612601433196888,0.30583123161210973,1639.628499031067
1e-05,41,p5,A2,0.1000084614677223,0.7439,-0.8655619552793086,0.30583123161210973,1639.628499031067
1e-05,41,p6,E2,149579.36155438723,40000.0,2.739484038859681,0.30583123161210973,1639.628499031067
1e-05,41,p7,"K_ads,3",87911.05977342189,17197.0,4.111999754225847,0.30583123161210973,1639.628499031067
1e-05,41,p8,"K_ads,4",37452.54951395553,124119.0,-0.6982528902589005,0.30583123161210973,1639.628499031067
1e-05,41,p9,Inhibition / adsorption,101757.7033849216,98084.0,0.037454665235120865,0.30583123161210973,1639.628499031067
1e-06,41,p1,A1,23598.000890005023,15672.02,0.5057408611018249,0.3065316578582124,1628.9240248203278
1e-06,41,p2,E1,9885.398743102109,3453.38,1.8625285207831481,0.3065316578582124,1628.9240248203278
1e-06,41,p3,"K_ads,1",78.04525240829767,30.836,1.5309784799681436,0.3065316578582124,1628.9240248203278
1e-06,41,p4,"K_ads,2",131.88040750568285,558.532,-0.7638803013870595,0.3065316578582124,1628.9240248203278
1e-06,41,p5,A2,0.10000265365027264,0.7439,-0.8655697625349206,0.3065316578582124,1628.9240248203278
1e-06,41,p6,E2,149591.62228557267,40000.0,2.7397905571393166,0.3065316578582124,1628.9240248203278
1e-06,41,p7,"K_ads,3",87963.04096740953,17197.0,4.1150224438803,0.3065316578582124,1628.9240248203278
1e-06,41,p8,"K_ads,4",37060.99753321439,124119.0,-0.7014075400767458,0.3065316578582124,1628.9240248203278
1e-06,41,p9,Inhibition / adsorption,101756.8535142059,98084.0,0.037446000511866334,0.3065316578582124,1628.9240248203278
1e-07,41,p1,A1,23660.293424028103,15672.02,0.5097156221104939,0.3065438774330815,1646.443369626999
1e-07,41,p2,E1,9885.398659542054,3453.38,1.862528496586548,0.3065438774330815,1646.443369626999
1e-07,41,p3,"K_ads,1",78.11099447136871,30.836,1.533110470598285,0.3065438774330815,1646.443369626999
1e-07,41,p4,"K_ads,2",131.99277923221803,558.532,-0.7636791101813002,0.3065438774330815,1646.443369626999
1e-07,41,p5,A2,0.10000265445255127,0.7439,-0.865569761456444,0.3065438774330815,1646.443369626999
1e-07,41,p6,E2,149591.62060332537,40000.0,2.739790515083134,0.3065438774330815,1646.443369626999
1e-07,41,p7,"K_ads,3",87966.89506430135,17197.0,4.115246558370725,0.3065438774330815,1646.443369626999
1e-07,41,p8,"K_ads,4",37056.78347033836,124119.0,-0.7014414918720071,0.3065438774330815,1646.443369626999
1e-07,41,p9,Inhibition / adsorption,101795.02220733657,98084.0,0.03783514342131819,0.3065438774330815,1646.443369626999
1e-05,42,p1,A1,22760.5072700034,15672.02,0.45230208167188396,0.1753133333617872,1103.9546313285828
1e-05,42,p2,E1,9884.587982123781,3453.38,1.8622937476106831,0.1753133333617872,1103.9546313285828
1e-05,42,p3,"K_ads,1",61.11322726101554,30.836,0.981879208101425,0.1753133333617872,1103.9546313285828
1e-05,42,p4,"K_ads,2",186.46978851961504,558.532,-0.6661430526458376,0.1753133333617872,1103.9546313285828
1e-05,42,p5,A2,0.10001057871079799,0.7439,-0.8655591091399408,0.1753133333617872,1103.9546313285828
1e-05,42,p6,E2,137441.70213049618,40000.0,2.4360425532624044,0.1753133333617872,1103.9546313285828
1e-05,42,p7,"K_ads,3",26252.013086921408,17197.0,0.5265460886736878,0.1753133333617872,1103.9546313285828
1e-05,42,p8,"K_ads,4",149586.8188438087,124119.0,0.205188720855056,0.1753133333617872,1103.9546313285828
1e-05,42,p9,Inhibition / adsorption,105824.69152782635,98084.0,0.07891900338308336,0.1753133333617872,1103.9546313285828
1e-06,42,p1,A1,22647.054898030805,15672.02,0.445062914546485,0.1753041874835022,1660.4385616779327
1e-06,42,p2,E1,9884.591989844077,3453.38,1.8622949081317657,0.1753041874835022,1660.4385616779327
1e-06,42,p3,"K_ads,1",61.014085438172515,30.836,0.9786640756963457,0.1753041874835022,1660.4385616779327
1e-06,42,p4,"K_ads,2",186.2740334291594,558.532,-0.6664935340693829,0.1753041874835022,1660.4385616779327
1e-06,42,p5,A2,0.1000105393384396,0.7439,-0.8655591620668912,0.1753041874835022,1660.4385616779327
1e-06,42,p6,E2,137448.11831551153,40000.0,2.4362029578877884,0.1753041874835022,1660.4385616779327
1e-06,42,p7,"K_ads,3",26244.35359575615,17197.0,0.526100691734381,0.1753041874835022,1660.4385616779327
1e-06,42,p8,"K_ads,4",149586.8560005924,124119.0,0.2051890202192445,0.1753041874835022,1660.4385616779327
1e-06,42,p9,Inhibition / adsorption,105865.47263309761,98084.0,0.07933478072975829,0.1753041874835022,1660.4385616779327
1e-07,42,p1,A1,22622.72885189648,15672.02,0.4435107185861479,0.1752735316252888,1693.0703699588776
1e-07,42,p2,E1,9884.592041407515,3453.38,1.8622949230630614,0.1752735316252888,1693.0703699588776
1e-07,42,p3,"K_ads,1",61.00245502928862,30.836,0.9782869058661506,0.1752735316252888,1693.0703699588776
1e-07,42,p4,"K_ads,2",186.16908565704122,558.532,-0.6666814333699032,0.1752735316252888,1693.0703699588776
1e-07,42,p5,A2,0.10001053886454554,0.7439,-0.8655591627039312,0.1752735316252888,1693.0703699588776
1e-07,42,p6,E2,137413.68700496826,40000.0,2.4353421751242066,0.1752735316252888,1693.0703699588776
1e-07,42,p7,"K_ads,3",26241.972413465854,17197.0,0.5259622267526809,0.1752735316252888,1693.0703699588776
1e-07,42,p8,"K_ads,4",149586.85639343847,124119.0,0.20518902338432046,0.1752735316252888,1693.0703699588776
1e-07,42,p9,Inhibition / adsorption,105850.61725283638,98084.0,0.07918332503605463,0.1752735316252888,1693.0703699588776
1e-05,43,p1,A1,22455.31665085269,15672.02,0.4328284835555779,0.1767650252081668,1505.0001304149628
1e-05,43,p2,E1,9884.596834547558,3453.38,1.862296311019221,0.1767650252081668,1505.0001304149628
1e-05,43,p3,"K_ads,1",61.046545096987,30.836,0.9797167303472242,0.1767650252081668,1505.0001304149628
1e-05,43,p4,"K_ads,2",184.7790208759659,558.532,-0.6691702160736254,0.1767650252081668,1505.0001304149628
1e-05,43,p5,A2,0.10001049240756311,0.7439,-0.8655592251545059,0.1767650252081668,1505.0001304149628
1e-05,43,p6,E2,138385.0210521183,40000.0,2.4596255263029576,0.1767650252081668,1505.0001304149628
1e-05,43,p7,"K_ads,3",26776.399335395214,17197.0,0.5570389797868939,0.1767650252081668,1505.0001304149628
1e-05,43,p8,"K_ads,4",149586.90143091403,124119.0,0.20518938624154265,0.1767650252081668,1505.0001304149628
1e-05,43,p9,Inhibition / adsorption,105355.01576557114,98084.0,0.07413049799734042,0.1767650252081668,1505.0001304149628
1e-06,43,p1,A1,22276.94010881483,15672.02,0.42144663603127286,0.17637043633929972,1495.4820401668549
1e-06,43,p2,E1,9884.598687612559,3453.38,1.862296847613804,0.17637043633929972,1495.4820401668549
1e-06,43,p3,"K_ads,1",60.817934072602505,30.836,0.9723029599365193,0.17637043633929972,1495.4820401668549
1e-06,43,p4,"K_ads,2",184.5295309141502,558.532,-0.669616904825238,0.17637043633929972,1495.4820401668549
1e-06,43,p5,A2,0.10001047451035788,0.7439,-0.865559249213123,0.17637043633929972,1495.4820401668549
1e-06,43,p6,E2,138162.66233760686,40000.0,2.4540665584401715,0.17637043633929972,1495.4820401668549
1e-06,43,p7,"K_ads,3",26627.29736826539,17197.0,0.5483687485180782,0.17637043633929972,1495.4820401668549
1e-06,43,p8,"K_ads,4",149586.91594332206,124119.0,0.2051895031648826,0.17637043633929972,1495.4820401668549
1e-06,43,p9,Inhibition / adsorption,105359.05745947479,98084.0,0.07417170445204915,0.17637043633929972,1495.4820401668549
1e-07,43,p1,A1,22965.167333029578,15672.02,0.4653610276805145,0.30411639143246,1722.0299236774445
1e-07,43,p2,E1,9884.806319427535,3453.38,1.862356971844261,0.30411639143246,1722.0299236774445
1e-07,43,p3,"K_ads,1",76.72738466573934,30.836,1.4882405197087605,0.30411639143246,1722.0299236774445
1e-07,43,p4,"K_ads,2",134.42775832217401,558.532,-0.759319504840951,0.30411639143246,1722.0299236774445
1e-07,43,p5,A2,0.10000836478206797,0.7439,-0.8655620852506144,0.30411639143246,1722.0299236774445
1e-07,43,p6,E2,149579.62834389159,40000.0,2.7394907085972897,0.30411639143246,1722.0299236774445
1e-07,43,p7,"K_ads,3",87925.70864236985,17197.0,4.112851581227531,0.30411639143246,1722.0299236774445
1e-07,43,p8,"K_ads,4",38511.22400235137,124119.0,-0.6897233783518126,0.30411639143246,1722.0299236774445
1e-07,43,p9,Inhibition / adsorption,101351.53803483791,98084.0,0.03331367027076701,0.30411639143246,1722.0299236774445
1e-05,44,p1,A1,22258.528719511556,15672.02,0.4202718423988456,0.17827253156904257,1534.5754806995392
1e-05,44,p2,E1,9884.604734130447,3453.38,1.8622985985123117,0.17827253156904257,1534.5754806995392
1e-05,44,p3,"K_ads,1",61.12480562413657,30.836,0.9822546901069067,0.17827253156904257,1534.5754806995392
1e-05,44,p4,"K_ads,2",182.32182791928895,558.532,-0.6735695932922574,0.17827253156904257,1534.5754806995392
1e-05,44,p5,A2,0.10001041734207657,0.7439,-0.8655593260625398,0.17827253156904257,1534.5754806995392
1e-05,44,p6,E2,139318.38911851012,40000.0,2.482959727962753,0.17827253156904257,1534.5754806995392
1e-05,44,p7,"K_ads,3",27313.468644317803,17197.0,0.5882693867719837,0.17827253156904257,1534.5754806995392
1e-05,44,p8,"K_ads,4",149586.96600733613,124119.0,0.20518990651984087,0.17827253156904257,1534.5754806995392
1e-05,44,p9,Inhibition / adsorption,105085.98599218583,98084.0,0.07138764724303484,0.17827253156904257,1534.5754806995392
1e-06,44,p1,A1,22408.331226518647,15672.02,0.42983043835565843,0.17827439511726415,1504.5921404361725
1e-06,44,p2,E1,9884.601875788592,3453.38,1.8622977708183264,0.17827439511726415,1504.5921404361725
1e-06,44,p3,"K_ads,1",61.28403867466239,30.836,0.9874185586542481,0.17827439511726415,1504.5921404361725
1e-06,44,p4,"K_ads,2",182.71685853917793,558.532,-0.6728623274240726,0.17827439511726415,1504.5921404361725
1e-06,44,p5,A2,0.10001044517634573,0.7439,-0.8655592886458587,0.17827439511726415,1504.5921404361725
1e-06,44,p6,E2,139299.24674517813,40000.0,2.482481168629453,0.17827439511726415,1504.5921404361725
1e-06,44,p7,"K_ads,3",27320.71157758168,17197.0,0.588690561003761,0.17827439511726415,1504.5921404361725
1e-06,44,p8,"K_ads,4",149586.94314170268,124119.0,0.20518972229636623,0.17827439511726415,1504.5921404361725
1e-06,44,p9,Inhibition / adsorption,105092.00411811202,98084.0,0.07144900409966985,0.17827439511726415,1504.5921404361725
1e-07,44,p1,A1,22396.783103414688,15672.02,0.42909357590244823,0.17823543158291577,1772.085800409317
1e-07,44,p2,E1,9884.602491635153,3453.38,1.8622979491498626,0.17823543158291577,1772.085800409317
1e-07,44,p3,"K_ads,1",61.278985788781824,30.836,0.987254695446291,0.17823543158291577,1772.085800409317
1e-07,44,p4,"K_ads,2",182.66589206327495,558.532,-0.6729535781955646,0.17823543158291577,1772.085800409317
1e-07,44,p5,A2,0.10001043965031349,0.7439,-0.8655592960743198,0.17823543158291577,1772.085800409317
1e-07,44,p6,E2,139265.4898412875,40000.0,2.481637246032187,0.17823543158291577,1772.085800409317
1e-07,44,p7,"K_ads,3",27310.472163448034,17197.0,0.588095142376463,0.17823543158291577,1772.085800409317
1e-07,44,p8,"K_ads,4",149586.95353517804,124119.0,0.2051898060343544,0.17823543158291577,1772.085800409317
1e-07,44,p9,Inhibition / adsorption,105114.31738082903,98084.0,0.07167649546132937,0.17823543158291577,1772.085800409317
1e-05,45,p1,A1,22193.412446220387,15672.02,0.41611690428039183,0.30287040784087865,1605.6340746879578
1e-05,45,p2,E1,9885.402328321481,3453.38,1.8625295589600568,0.30287040784087865,1605.6340746879578
1e-05,45,p3,"K_ads,1",75.18117337317106,30.836,1.438097463133061,0.30287040784087865,1605.6340746879578
1e-05,45,p4,"K_ads,2",136.3434683689707,558.532,-0.7558896027998921,0.30287040784087865,1605.6340746879578
1e-05,45,p5,A2,0.10000261855868803,0.7439,-0.8655698097073693,0.30287040784087865,1605.6340746879578
1e-05,45,p6,E2,149591.69506641003,40000.0,2.7397923766602506,0.30287040784087865,1605.6340746879578
1e-05,45,p7,"K_ads,3",88173.6250763671,17197.0,4.127267841854224,0.30287040784087865,1605.6340746879578
1e-05,45,p8,"K_ads,4",39439.04136591759,124119.0,-0.6822481540624916,0.30287040784087865,1605.6340746879578
1e-05,45,p9,Inhibition / adsorption,100890.29158516851,98084.0,0.028611104616130156,0.30287040784087865,1605.6340746879578
1e-06,45,p1,A1,22369.429413254806,15672.02,0.42734819208084246,0.3028548151424,1623.9983191490173
1e-06,45,p2,E1,9884.816981372696,3453.38,1.862360059238397,0.3028548151424,1623.9983191490173
1e-06,45,p3,"K_ads,1",75.37074348659505,30.836,1.4442451513359402,0.3028548151424,1623.9983191490173
1e-06,45,p4,"K_ads,2",136.75361769919547,558.532,-0.7551552682761319,0.3028548151424,1623.9983191490173
1e-06,45,p5,A2,0.10000825524754378,0.7439,-0.865562232494228,0.3028548151424,1623.9983191490173
1e-06,45,p6,E2,149579.83216417782,40000.0,2.7394958041044455,0.3028548151424,1623.9983191490173
1e-06,45,p7,"K_ads,3",88196.12184445266,17197.0,4.128576021658002,0.3028548151424,1623.9983191490173
1e-06,45,p8,"K_ads,4",39462.509509140495,124119.0,-0.6820590762966146,0.3028548151424,1623.9983191490173
1e-06,45,p9,Inhibition / adsorption,101012.6357816873,98084.0,0.02985844563524434,0.3028548151424,1623.9983191490173
1e-07,45,p1,A1,21384.848935355127,15672.02,0.36452409678874365,0.17848627400475392,1568.6706836223602
1e-07,45,p2,E1,9884.622795640504,3453.38,1.8623038286086395,0.17848627400475392,1568.6706836223602
1e-07,45,p3,"K_ads,1",60.52163764554338,30.836,0.9626941771158186,0.17848627400475392,1568.6706836223602
1e-07,45,p4,"K_ads,2",177.79297364347028,558.532,-0.6816780889125954,0.17848627400475392,1568.6706836223602
1e-07,45,p5,A2,0.10001024158123245,0.7439,-0.8655595623319902,0.17848627400475392,1568.6706836223602
1e-07,45,p6,E2,139413.17450984506,40000.0,2.4853293627461266,0.17848627400475392,1568.6706836223602
1e-07,45,p7,"K_ads,3",27419.976458944668,17197.0,0.5944627818191933,0.17848627400475392,1568.6706836223602
1e-07,45,p8,"K_ads,4",149587.02984836543,124119.0,0.20519042087323805,0.17848627400475392,1568.6706836223602
1e-07,45,p9,Inhibition / adsorption,104337.65181318927,98084.0,0.06375812378358617,0.17848627400475392,1568.6706836223602
1e-05,46,p1,A1,18925.412536075008,15672.02,0.20759241859536978,0.17646838368429782,1217.071979045868
1e-05,46,p2,E1,9885.373556391258,3453.38,1.8625212274326188,0.17646838368429782,1217.071979045868
1e-05,46,p3,"K_ads,1",58.80117006281609,30.836,0.9069000539245069,0.17646838368429782,1217.071979045868
1e-05,46,p4,"K_ads,2",166.51823023061388,558.532,-0.701864476465782,0.17646838368429782,1217.071979045868
1e-05,46,p5,A2,0.10000291557417046,0.7439,-0.8655694104393461,0.17646838368429782,1217.071979045868
1e-05,46,p6,E2,137247.6090689892,40000.0,2.43119022672473,0.17646838368429782,1217.071979045868
1e-05,46,p7,"K_ads,3",27155.929051520678,17197.0,0.5791085102936953,0.17646838368429782,1217.071979045868
1e-05,46,p8,"K_ads,4",149593.06166584967,124119.0,0.20523901792513372,0.17646838368429782,1217.071979045868
1e-05,46,p9,Inhibition / adsorption,102764.63974941248,98084.0,0.047720726616089094,0.17646838368429782,1217.071979045868
1e-06,46,p1,A1,19099.42015210481,15672.02,0.2186954937592479,0.17662427678688322,1635.7379910945892
1e-06,46,p2,E1,9884.657041789053,3453.38,1.8623137453130127,0.17662427678688322,1635.7379910945892
1e-06,46,p3,"K_ads,1",58.86271773522018,30.836,0.9088960220268577,0.17662427678688322,1635.7379910945892
1e-06,46,p4,"K_ads,2",167.47121838855062,558.532,-0.7001582391187066,0.17662427678688322,1635.7379910945892
1e-06,46,p5,A2,0.1000099114639186,0.7439,-0.8655600060977032,0.17662427678688322,1635.7379910945892
1e-06,46,p6,E2,137525.18153136902,40000.0,2.4381295382842256,0.17662427678688322,1635.7379910945892
1e-06,46,p7,"K_ads,3",27123.14351499209,17197.0,0.5772020419254574,0.17662427678688322,1635.7379910945892
1e-06,46,p8,"K_ads,4",149587.2482919526,124119.0,0.20519218082608298,0.17662427678688322,1635.7379910945892
1e-06,46,p9,Inhibition / adsorption,102900.37741556564,98084.0,0.049104618648970706,0.17662427678688322,1635.7379910945892
1e-07,46,p1,A1,19099.5332395217,15672.02,0.2187027096393254,0.17662295818258236,1587.165468454361
1e-07,46,p2,E1,9884.656834157333,3453.38,1.86231368518881,0.17662295818258236,1587.165468454361
1e-07,46,p3,"K_ads,1",58.863818557634374,30.836,0.9089317212879224,0.17662295818258236,1587.165468454361
1e-07,46,p4,"K_ads,2",167.46581069791168,558.532,-0.7001679210897286,0.17662295818258236,1587.165468454361
1e-07,46,p5,A2,0.10000991352229888,0.7439,-0.865560003330691,0.17662295818258236,1587.165468454361
1e-07,46,p6,E2,137524.29910410618,40000.0,2.4381074776026543,0.17662295818258236,1587.165468454361
1e-07,46,p7,"K_ads,3",27122.5082138573,17197.0,0.5771650993695006,0.17662295818258236,1587.165468454361
1e-07,46,p8,"K_ads,4",149587.2465276922,124119.0,0.20519216661181758,0.17662295818258236,1587.165468454361
1e-07,46,p9,Inhibition / adsorption,102903.00812472576,98084.0,0.049131439630579525,0.17662295818258236,1587.165468454361
1e-05,47,p1,A1,18804.909939940182,15672.02,0.19990339088006406,0.17071458602328202,1613.7769372463226
1e-05,47,p2,E1,9884.671015840266,3453.38,1.8623177917982572,0.17071458602328202,1613.7769372463226
1e-05,47,p3,"K_ads,1",58.92130806185164,30.836,0.9107960845067986,0.17071458602328202,1613.7769372463226
1e-05,47,p4,"K_ads,2",162.47377962164083,558.532,-0.709105692025451,0.17071458602328202,1613.7769372463226
1e-05,47,p5,A2,0.10000977617110866,0.7439,-0.8655601879673227,0.17071458602328202,1613.7769372463226
1e-05,47,p6,E2,132747.62989117194,40000.0,2.3186907472792986,0.17071458602328202,1613.7769372463226
1e-05,47,p7,"K_ads,3",25463.26980299054,17197.0,0.4806809212647869,0.17071458602328202,1613.7769372463226
1e-05,47,p8,"K_ads,4",149587.19439797656,124119.0,0.20519174661394762,0.17071458602328202,1613.7769372463226
1e-05,47,p9,Inhibition / adsorption,104315.95089182156,98084.0,0.06353687545187348,0.17071458602328202,1613.7769372463226
1e-06,47,p1,A1,19585.68253831938,15672.02,0.24972291627495233,0.3139249114892897,1640.3426871299744
1e-06,47,p2,E1,9885.410248075554,3453.38,1.8625318522941448,0.3139249114892897,1640.3426871299744
1e-06,47,p3,"K_ads,1",74.48061333727333,30.836,1.4153785619818826,0.3139249114892897,1640.3426871299744
1e-06,47,p4,"K_ads,2",116.20444320928331,558.532,-0.7919466687507908,0.3139249114892897,1640.3426871299744
1e-06,47,p5,A2,0.10000254279587836,0.7439,-0.8655699115527915,0.3139249114892897,1640.3426871299744
1e-06,47,p6,E2,149591.76592257278,40000.0,2.7397941480643198,0.3139249114892897,1640.3426871299744
1e-06,47,p7,"K_ads,3",88526.67904167222,17197.0,4.147797815995361,0.3139249114892897,1640.3426871299744
1e-06,47,p8,"K_ads,4",33222.05321662271,124119.0,-0.7323370860494952,0.3139249114892897,1640.3426871299744
1e-06,47,p9,Inhibition / adsorption,98781.4934222572,98084.0,0.007111184517935695,0.3139249114892897,1640.3426871299744
1e-07,47,p1,A1,18573.837300867897,15672.02,0.18515911164405716,0.17105001119074523,1621.747376203537
1e-07,47,p2,E1,9884.674428995642,3453.38,1.8623187801503576,0.17105001119074523,1621.747376203537
1e-07,47,p3,"K_ads,1",58.69222936972238,30.836,0.90336714780524,0.17105001119074523,1621.747376203537
1e-07,47,p4,"K_ads,2",161.84990296376282,558.532,-0.7102226856048305,0.17105001119074523,1621.747376203537
1e-07,47,p5,A2,0.10000974278892609,0.7439,-0.8655602328418792,0.17105001119074523,1621.747376203537
1e-07,47,p6,E2,132989.42335294807,40000.0,2.324735583823702,0.17105001119074523,1621.747376203537
1e-07,47,p7,"K_ads,3",25573.803449877305,17197.0,0.48710841715865005,0.17105001119074523,1621.747376203537
1e-07,47,p8,"K_ads,4",149587.22146398592,124119.0,0.20519196467894452,0.17105001119074523,1621.747376203537
1e-07,47,p9,Inhibition / adsorption,104120.6867704148,98084.0,0.06154609080395174,0.17105001119074523,1621.747376203537
1e-05,48,p1,A1,17373.296731766623,15672.02,0.10855503832732616,0.35010526655156804,1635.174598455429
1e-05,48,p2,E1,9884.929007798582,3453.38,1.8623924988847396,0.35010526655156804,1635.174598455429
1e-05,48,p3,"K_ads,1",76.62867560799634,30.836,1.4850394217147602,0.35010526655156804,1635.174598455429
1e-05,48,p4,"K_ads,2",84.70015155164653,558.532,-0.8483521954845085,0.35010526655156804,1635.174598455429
1e-05,48,p5,A2,0.10000719432960249,0.7439,-0.8655636586508906,0.35010526655156804,1635.174598455429
1e-05,48,p6,E2,149580.74152028657,40000.0,2.739518538007164,0.35010526655156804,1635.174598455429
1e-05,48,p7,"K_ads,3",88284.32332247803,17197.0,4.133704909139851,0.35010526655156804,1635.174598455429
1e-05,48,p8,"K_ads,4",20238.259101718184,124119.0,-0.8369447135271942,0.35010526655156804,1635.174598455429
1e-05,48,p9,Inhibition / adsorption,96460.98918389762,98084.0,-0.016547151585400082,0.35010526655156804,1635.174598455429
1e-06,48,p1,A1,16609.941690827665,15672.02,0.059846892157339314,0.15448313646995984,1721.4251890182495
1e-06,48,p2,E1,9885.386383011277,3453.38,1.862524941654633,0.15448313646995984,1721.4251890182495
1e-06,48,p3,"K_ads,1",57.457220961548124,30.836,0.8633162849120549,0.15448313646995984,1721.4251890182495
1e-06,48,p4,"K_ads,2",146.99265028040605,558.532,-0.7368232253829574,0.15448313646995984,1721.4251890182495
1e-06,48,p5,A2,0.1000027906417122,0.7439,-0.8655695783818897,0.15448313646995984,1721.4251890182495
1e-06,48,p6,E2,119241.53434863436,40000.0,1.981038358715859,0.15448313646995984,1721.4251890182495
1e-06,48,p7,"K_ads,3",21034.222264851112,17197.0,0.22313323631163065,0.15448313646995984,1721.4251890182495
1e-06,48,p8,"K_ads,4",149593.08155719074,124119.0,0.2052391781853765,0.15448313646995984,1721.4251890182495
1e-06,48,p9,Inhibition / adsorption,106809.64194007445,98084.0,0.08896091044486816,0.15448313646995984,1721.4251890182495
1e-07,48,p1,A1,16943.304959509882,15672.02,0.08111813024165879,0.3513114959001054,1864.4485523700714
1e-07,48,p2,E1,9885.423145300038,3453.38,1.8625355869611908,0.3513114959001054,1864.4485523700714
1e-07,48,p3,"K_ads,1",76.10372420930776,30.836,1.4680154432905617,0.3513114959001054,1864.4485523700714
1e-07,48,p4,"K_ads,2",83.46794416493492,558.532,-0.8505583490920218,0.3513114959001054,1864.4485523700714
1e-07,48,p5,A2,0.10000242031520072,0.7439,-0.8655700761994882,0.3513114959001054,1864.4485523700714
1e-07,48,p6,E2,149591.88832633512,40000.0,2.739797208158378,0.3513114959001054,1864.4485523700714
1e-07,48,p7,"K_ads,3",88285.5799343643,17197.0,4.133777980715491,0.3513114959001054,1864.4485523700714
1e-07,48,p8,"K_ads,4",19940.43155297536,124119.0,-0.8393442458207417,0.3513114959001054,1864.4485523700714
1e-07,48,p9,Inhibition / adsorption,96169.10797755638,98084.0,-0.019522980531418124,0.3513114959001054,1864.4485523700714
1e-05,49,p1,A1,23718.167922203873,15672.02,0.513408477158903,0.3586429714519504,1669.5604088306427
1e-05,49,p2,E1,9884.87112623494,3453.38,1.862375738040685,0.3586429714519504,1669.5604088306427
1e-05,49,p3,"K_ads,1",85.95040678334435,30.836,1.787339693324178,0.3586429714519504,1669.5604088306427
1e-05,49,p4,"K_ads,2",89.40319819737253,558.532,-0.8399318245017787,0.3586429714519504,1669.5604088306427
1e-05,49,p5,A2,0.10000775550455666,0.7439,-0.8655629042820854,0.3586429714519504,1669.5604088306427
1e-05,49,p6,E2,149579.3927585968,40000.0,2.73948481896492,0.3586429714519504,1669.5604088306427
1e-05,49,p7,"K_ads,3",88070.0550701018,17197.0,4.121245279415119,0.3586429714519504,1669.5604088306427
1e-05,49,p8,"K_ads,4",18187.29538267891,124119.0,-0.8534688856445918,0.3586429714519504,1669.5604088306427
1e-05,49,p9,Inhibition / adsorption,102114.96091739758,98084.0,0.041097028234957554,0.3586429714519504,1669.5604088306427
1e-06,49,p1,A1,24012.89778611239,15672.02,0.5322145955730269,0.35862094962616625,1711.6033427715302
1e-06,49,p2,E1,9884.866693583255,3453.38,1.862374454471635,0.35862094962616625,1711.6033427715302
1e-06,49,p3,"K_ads,1",86.31208862548444,30.836,1.799068900813479,0.35862094962616625,1711.6033427715302
1e-06,49,p4,"K_ads,2",89.79649389902339,558.532,-0.8392276648445866,0.35862094962616625,1711.6033427715302
1e-06,49,p5,A2,0.10000779836435314,0.7439,-0.8655628466670882,0.35862094962616625,1711.6033427715302
1e-06,49,p6,E2,149579.2920728894,40000.0,2.739482301822235,0.35862094962616625,1711.6033427715302
1e-06,49,p7,"K_ads,3",88085.74070870726,17197.0,4.12215739423779,0.35862094962616625,1711.6033427715302
1e-06,49,p8,"K_ads,4",18195.93359072241,124119.0,-0.8533992894663797,0.35862094962616625,1711.6033427715302
1e-06,49,p9,Inhibition / adsorption,102225.02347609322,98084.0,0.04221915374671936,0.35862094962616625,1711.6033427715302
1e-07,49,p1,A1,24041.405119505493,15672.02,0.5340335910434961,0.3585862293890773,1718.7366745471954
1e-07,49,p2,E1,9885.411074056416,3453.38,1.8625320914745598,0.3585862293890773,1718.7366745471954
1e-07,49,p3,"K_ads,1",86.34242920868545,30.836,1.8000528346311275,0.3585862293890773,1718.7366745471954
1e-07,49,p4,"K_ads,2",89.83569898471796,558.532,-0.8391574717568233,0.3585862293890773,1718.7366745471954
1e-07,49,p5,A2,0.10000253723808876,0.7439,-0.8655699190239431,0.3585862293890773,1718.7366745471954
1e-07,49,p6,E2,149591.6082520523,40000.0,2.7397902063013078,0.3585862293890773,1718.7366745471954
1e-07,49,p7,"K_ads,3",88086.61340424466,17197.0,4.122208141201644,0.3585862293890773,1718.7366745471954
1e-07,49,p8,"K_ads,4",18205.063368993993,124119.0,-0.8533257328129136,0.3585862293890773,1718.7366745471954
1e-07,49,p9,Inhibition / adsorption,102240.96450386355,98084.0,0.042381677988902876,0.3585862293890773,1718.7366745471954
1e-05,50,p1,A1,51251.57071767021,15672.02,2.27025939972449,0.3902672970906327,1306.5945572853088
1e-05,50,p2,E1,9884.74757055114,3453.38,1.8623399598512589,0.3902672970906327,1306.5945572853088
1e-05,50,p3,"K_ads,1",116.45524669619654,30.836,2.7766002949862676,0.3902672970906327,1306.5945572853088
1e-05,50,p4,"K_ads,2",94.18950170984833,558.532,-0.8313623897827728,0.3902672970906327,1306.5945572853088
1e-05,50,p5,A2,0.10000895989053474,0.7439,-0.8655612852661182,0.3902672970906327,1306.5945572853088
1e-05,50,p6,E2,149577.19079178764,40000.0,2.739429769794691,0.3902672970906327,1306.5945572853088
1e-05,50,p7,"K_ads,3",86312.45953774553,17197.0,4.019041666438653,0.3902672970906327,1306.5945572853088
1e-05,50,p8,"K_ads,4",12601.5131543852,124119.0,-0.8984723277307648,0.3902672970906327,1306.5945572853088
1e-05,50,p9,Inhibition / adsorption,112493.04613084192,98084.0,0.14690516425555564,0.3902672970906327,1306.5945572853088
1e-06,50,p1,A1,50668.793281307626,15672.02,2.233073546441852,0.3892720885396028,1707.4327421188354
1e-06,50,p2,E1,9884.751528212662,3453.38,1.8623411058767532,0.3892720885396028,1707.4327421188354
1e-06,50,p3,"K_ads,1",115.99453164991128,30.836,2.7616594775558205,0.3892720885396028,1707.4327421188354
1e-06,50,p4,"K_ads,2",93.9694099366827,558.532,-0.831756443790718,0.3892720885396028,1707.4327421188354
1e-06,50,p5,A2,0.10000892152299673,0.7439,-0.865561336842322,0.3892720885396028,1707.4327421188354
1e-06,50,p6,E2,149577.29379678413,40000.0,2.7394323449196034,0.3892720885396028,1707.4327421188354
1e-06,50,p7,"K_ads,3",86308.67358992467,17197.0,4.018821514794713,0.3892720885396028,1707.4327421188354
1e-06,50,p8,"K_ads,4",12738.907655836276,124119.0,-0.8973653698802256,0.3892720885396028,1707.4327421188354
1e-06,50,p9,Inhibition / adsorption,112306.33693211744,98084.0,0.1450015999767285,0.3892720885396028,1707.4327421188354
1e-07,50,p1,A1,50968.44593595927,15672.02,2.2521937782085057,0.38939250992172386,1762.1602680683136
1e-07,50,p2,E1,9884.749950487696,3453.38,1.862340649012763,0.38939250992172386,1762.1602680683136
1e-07,50,p3,"K_ads,1",116.23110399042633,30.836,2.769331430484704,0.38939250992172386,1762.1602680683136
1e-07,50,p4,"K_ads,2",94.10866241392537,558.532,-0.8315071250815972,0.38939250992172386,1762.1602680683136
1e-07,50,p5,A2,0.10000893677953857,0.7439,-0.8655613163334607,0.38939250992172386,1762.1602680683136
1e-07,50,p6,E2,149577.25813735495,40000.0,2.7394314534338737,0.38939250992172386,1762.1602680683136
1e-07,50,p7,"K_ads,3",86301.84319959312,17197.0,4.018424329801309,0.38939250992172386,1762.1602680683136
1e-07,50,p8,"K_ads,4",12723.160301712098,124119.0,-0.8974922429143637,0.38939250992172386,1762.1602680683136
1e-07,50,p9,Inhibition / adsorption,112419.40050952035,98084.0,0.14615432190286232,0.38939250992172386,1762.1602680683136
1e-05,51,p1,A1,81978.82002761801,15672.02,4.230903229297692,0.35964090212520355,1871.5690081119537
1e-05,51,p2,E1,9884.813285437212,3453.38,1.862358989001272,0.35964090212520355,1871.5690081119537
1e-05,51,p3,"K_ads,1",134.29917060479295,30.836,3.3552721041896794,0.35964090212520355,1871.5690081119537
1e-05,51,p4,"K_ads,2",117.85110564618371,558.532,-0.7889984716252897,0.35964090212520355,1871.5690081119537
1e-05,51,p5,A2,0.10000831745128937,0.7439,-0.8655621488758041,0.35964090212520355,1871.5690081119537
1e-05,51,p6,E2,149579.02102286924,40000.0,2.739475525571731,0.35964090212520355,1871.5690081119537
1e-05,51,p7,"K_ads,3",86446.70516209866,17197.0,4.026848006169603,0.35964090212520355,1871.5690081119537
1e-05,51,p8,"K_ads,4",18262.748412882203,124119.0,-0.8528609768618647,0.35964090212520355,1871.5690081119537
1e-05,51,p9,Inhibition / adsorption,112912.45417622862,98084.0,0.15118117303768835,0.35964090212520355,1871.5690081119537
1e-06,51,p1,A1,84442.65024008797,15672.02,4.3881152678523865,0.3598354674757038,1787.613174200058
1e-06,51,p2,E1,9884.735176734492,3453.38,1.8623363709567125,0.3598354674757038,1787.613174200058
1e-06,51,p3,"K_ads,1",135.6087589525805,30.836,3.3977415667589996,0.3598354674757038,1787.613174200058
1e-06,51,p4,"K_ads,2",119.07345589781468,558.532,-0.7868099663084395,0.3598354674757038,1787.613174200058
1e-06,51,p5,A2,0.10000906970093502,0.7439,-0.8655611376516534,0.3598354674757038,1787.613174200058
1e-06,51,p6,E2,149577.32209270148,40000.0,2.739433052317537,0.3598354674757038,1787.613174200058
1e-06,51,p7,"K_ads,3",86470.24108539673,17197.0,4.028216612513621,0.3598354674757038,1787.613174200058
1e-06,51,p8,"K_ads,4",18245.797191606263,124119.0,-0.8529975491938683,0.3598354674757038,1787.613174200058
1e-06,51,p9,Inhibition / adsorption,113372.78373606113,98084.0,0.1558743906861581,0.3598354674757038,1787.613174200058
1e-07,51,p1,A1,84441.51709795874,15672.02,4.388042964337637,0.35980681573386847,1835.6028854846954
1e-07,51,p2,E1,9884.735264435549,3453.38,1.8623363963524282,0.35980681573386847,1835.6028854846954
1e-07,51,p3,"K_ads,1",135.60840276793292,30.836,3.397730015823483,0.35980681573386847,1835.6028854846954
1e-07,51,p4,"K_ads,2",119.07569464602967,558.532,-0.786805958036371,0.35980681573386847,1835.6028854846954
1e-07,51,p5,A2,0.10000906882552617,0.7439,-0.8655611388284363,0.35980681573386847,1835.6028854846954
1e-07,51,p6,E2,149577.3235666914,40000.0,2.739433089167285,0.35980681573386847,1835.6028854846954
1e-07,51,p7,"K_ads,3",86467.89488811188,17197.0,4.028080181898696,0.35980681573386847,1835.6028854846954
1e-07,51,p8,"K_ads,4",18252.04287811179,124119.0,-0.8529472290454178,0.35980681573386847,1835.6028854846954
1e-07,51,p9,Inhibition / adsorption,113389.70874219977,98084.0,0.15604694692508228,0.35980681573386847,1835.6028854846954
1e-05,52,p1,A1,22267.026845737695,15672.02,0.4208140907003497,0.41224680344880477,1784.067300081253
1e-05,52,p2,E1,9885.272242728299,3453.38,1.8624918898957827,0.41224680344880477,1784.067300081253
1e-05,52,p3,"K_ads,1",83.49466593348409,30.836,1.7077009318161918,0.41224680344880477,1784.067300081253
1e-05,52,p4,"K_ads,2",86.21915466837909,558.532,-0.8456325605902991,0.41224680344880477,1784.067300081253
1e-05,52,p5,A2,0.10000389242045926,0.7439,-0.8655680972974066,0.41224680344880477,1784.067300081253
1e-05,52,p6,E2,149594.1495775569,40000.0,2.7398537394389226,0.41224680344880477,1784.067300081253
1e-05,52,p7,"K_ads,3",89606.82889102769,17197.0,4.210608181137855,0.41224680344880477,1784.067300081253
1e-05,52,p8,"K_ads,4",10000.095328992318,124119.0,-0.9194313898033958,0.41224680344880477,1784.067300081253
1e-05,52,p9,Inhibition / adsorption,86542.98072852188,98084.0,-0.11766464735816357,0.41224680344880477,1784.067300081253
1e-06,52,p1,A1,17032.118634352144,15672.02,0.08678515177699771,0.1512752964960188,1888.6680853366852
1e-06,52,p2,E1,9885.206083005327,3453.38,1.8624727319337364,0.1512752964960188,1888.6680853366852
1e-06,52,p3,"K_ads,1",54.132025421303375,30.836,0.7554814314860351,0.1512752964960188,1888.6680853366852
1e-06,52,p4,"K_ads,2",156.55764513922566,558.532,-0.7196979848258906,0.1512752964960188,1888.6680853366852
1e-06,52,p5,A2,0.10000454112030248,0.7439,-0.8655672252718074,0.1512752964960188,1888.6680853366852
1e-06,52,p6,E2,103248.03450292729,40000.0,1.5812008625731822,0.1512752964960188,1888.6680853366852
1e-06,52,p7,"K_ads,3",10080.084588180742,17197.0,-0.41384633435013424,0.1512752964960188,1888.6680853366852
1e-06,52,p8,"K_ads,4",149592.34278386264,124119.0,0.20523322604808802,0.1512752964960188,1888.6680853366852
1e-06,52,p9,Inhibition / adsorption,95865.16852438093,98084.0,-0.02262174743708522,0.1512752964960188,1888.6680853366852
1e-07,52,p1,A1,22174.22614981167,15672.02,0.4148926653878486,0.4122087694575367,1998.0776417255402
1e-07,52,p2,E1,9885.272675201284,3453.38,1.8624920151275803,0.4122087694575367,1998.0776417255402
1e-07,52,p3,"K_ads,1",83.44336883914447,30.836,1.7060373861442624,0.4122087694575367,1998.0776417255402
1e-07,52,p4,"K_ads,2",85.92829214687045,558.532,-0.8461533230918364,0.4122087694575367,1998.0776417255402
1e-07,52,p5,A2,0.10000388726055154,0.7439,-0.8655681042336987,0.4122087694575367,1998.0776417255402
1e-07,52,p6,E2,149594.15094327487,40000.0,2.739853773581872,0.4122087694575367,1998.0776417255402
1e-07,52,p7,"K_ads,3",89536.98064055236,17197.0,4.20654652791489,0.4122087694575367,1998.0776417255402
1e-07,52,p8,"K_ads,4",10000.094930157438,124119.0,-0.9194313930167223,0.4122087694575367,1998.0776417255402
1e-07,52,p9,Inhibition / adsorption,86481.8536915954,98084.0,-0.11828785845198603,0.4122087694575367,1998.0776417255402
1e-05,53,p1,A1,16382.534504559646,15672.02,0.045336498074890506,0.15114726054855443,1936.4492976665497
1e-05,53,p2,E1,9885.209991663407,3453.38,1.8624738637692366,0.15114726054855443,1936.4492976665497
1e-05,53,p3,"K_ads,1",53.44621829645136,30.836,0.733240961747677,0.15114726054855443,1936.4492976665497
1e-05,53,p4,"K_ads,2",154.63884280611495,558.532,-0.7231334233202127,0.15114726054855443,1936.4492976665497
1e-05,53,p5,A2,0.10000450234103576,0.7439,-0.8655672774014844,0.15114726054855443,1936.4492976665497
1e-05,53,p6,E2,103475.13706134276,40000.0,1.586878426533569,0.15114726054855443,1936.4492976665497
1e-05,53,p7,"K_ads,3",10151.698731096267,17197.0,-0.40968199505167957,0.15114726054855443,1936.4492976665497
1e-05,53,p8,"K_ads,4",149592.35755334326,124119.0,0.20523334504260637,0.15114726054855443,1936.4492976665497
1e-05,53,p9,Inhibition / adsorption,95292.43730568657,98084.0,-0.028460938525278603,0.15114726054855443,1936.4492976665497
1e-06,53,p1,A1,16931.48627521605,15672.02,0.08036400382439858,0.1514576062176832,1889.0362491607666
1e-06,53,p2,E1,9885.472825195297,3453.38,1.8625499728368429,0.1514576062176832,1889.0362491607666
1e-06,53,p3,"K_ads,1",54.03647117944566,30.836,0.7523826429966813,0.1514576062176832,1889.0362491607666
1e-06,53,p4,"K_ads,2",156.22781045122605,558.532,-0.7202885233948528,0.1514576062176832,1889.0362491607666
1e-06,53,p5,A2,0.1000019444543009,0.7439,-0.8655707158834509,0.1514576062176832,1889.0362491607666
1e-06,53,p6,E2,103064.84265640166,40000.0,1.5766210664100413,0.1514576062176832,1889.0362491607666
1e-06,53,p7,"K_ads,3",10015.47636621539,17197.0,-0.41760328160636223,0.1514576062176832,1889.0362491607666
1e-06,53,p8,"K_ads,4",149593.98360690664,124119.0,0.20524644580528878,0.1514576062176832,1889.0362491607666
1e-06,53,p9,Inhibition / adsorption,95882.30192102399,98084.0,-0.022447066585539056,0.1514576062176832,1889.0362491607666
1e-07,53,p1,A1,16934.932656869045,15672.02,0.08058391048946112,0.15145209784308916,2248.9116172790527
1e-07,53,p2,E1,9885.472827572616,3453.38,1.8625499735252464,0.15145209784308916,2248.9116172790527
1e-07,53,p3,"K_ads,1",54.03532567191164,30.836,0.7523454946138165,0.15145209784308916,2248.9116172790527
1e-07,53,p4,"K_ads,2",156.26205131868215,558.532,-0.7202272182817061,0.15145209784308916,2248.9116172790527
1e-07,53,p5,A2,0.10000194443159179,0.7439,-0.8655707159139779,0.15145209784308916,2248.9116172790527
1e-07,53,p6,E2,103103.98861711906,40000.0,1.5775997154279764,0.15145209784308916,2248.9116172790527
1e-07,53,p7,"K_ads,3",10022.995030209115,17197.0,-0.41716607372163084,0.15145209784308916,2248.9116172790527
1e-07,53,p8,"K_ads,4",149593.98081751485,124119.0,0.20524642333176105,0.15145209784308916,2248.9116172790527
1e-07,53,p9,Inhibition / adsorption,95876.29887701804,98084.0,-0.022508269676827636,0.15145209784308916,2248.9116172790527
1e-05,54,p1,A1,21924.301732247848,15672.02,0.3989454921731753,0.41204209825212096,1405.6333425045013
1e-05,54,p2,E1,9885.273690449763,3453.38,1.86249230911448,0.41204209825212096,1405.6333425045013
1e-05,54,p3,"K_ads,1",83.30055033470526,30.836,1.7014058352155035,0.41204209825212096,1405.6333425045013
1e-05,54,p4,"K_ads,2",85.10562908857756,558.532,-0.8476262253754887,0.41204209825212096,1405.6333425045013
1e-05,54,p5,A2,0.10000387861882998,0.7439,-0.8655681158504772,0.41204209825212096,1405.6333425045013
1e-05,54,p6,E2,149594.14657425377,40000.0,2.7398536643563443,0.41204209825212096,1405.6333425045013
1e-05,54,p7,"K_ads,3",89241.57151830403,17197.0,4.189368582793745,0.41204209825212096,1405.6333425045013
1e-05,54,p8,"K_ads,4",10000.09644731059,124119.0,-0.9194313807933469,0.41204209825212096,1405.6333425045013
1e-05,54,p9,Inhibition / adsorption,86187.9187174243,98084.0,-0.12128462626499431,0.41204209825212096,1405.6333425045013
1e-06,54,p1,A1,21745.09449464142,15672.02,0.3875106396393968,0.41206232297414225,1863.1793675422668
1e-06,54,p2,E1,9885.274295290988,3453.38,1.8624924842591861,0.41206232297414225,1863.1793675422668
1e-06,54,p3,"K_ads,1",82.96402869877525,30.836,1.6904925638466486,0.41206232297414225,1863.1793675422668
1e-06,54,p4,"K_ads,2",85.09661109917424,558.532,-0.8476423712532599,0.41206232297414225,1863.1793675422668
1e-06,54,p5,A2,0.100003872717486,0.7439,-0.8655681237834575,0.41206232297414225,1863.1793675422668
1e-06,54,p6,E2,149594.14694831797,40000.0,2.739853673707949,0.41206232297414225,1863.1793675422668
1e-06,54,p7,"K_ads,3",89286.92900951549,17197.0,4.192006106269436,0.41206232297414225,1863.1793675422668
1e-06,54,p8,"K_ads,4",10000.096318637188,124119.0,-0.9194313818300406,0.41206232297414225,1863.1793675422668
1e-06,54,p9,Inhibition / adsorption,86211.718612312,98084.0,-0.12104197817878548,0.41206232297414225,1863.1793675422668
1e-07,54,p1,A1,21704.477267576523,15672.02,0.3849189362683638,0.41206187582939874,1873.5217373371124
1e-07,54,p2,E1,9885.274447655953,3453.38,1.8624925283797185,0.41206187582939874,1873.5217373371124
1e-07,54,p3,"K_ads,1",82.9130086050408,30.836,1.6888380012012194,0.41206187582939874,1873.5217373371124
1e-07,54,p4,"K_ads,2",85.0404632301005,558.532,-0.8477428988310419,0.41206187582939874,1873.5217373371124
1e-07,54,p5,A2,0.10000387123909746,0.7439,-0.8655681257708059,0.41206187582939874,1873.5217373371124
1e-07,54,p6,E2,149594.1468147601,40000.0,2.7398536703690026,0.41206187582939874,1873.5217373371124
1e-07,54,p7,"K_ads,3",89284.21844778673,17197.0,4.19184848797969,0.41206187582939874,1873.5217373371124
1e-07,54,p8,"K_ads,4",10000.096369063494,124119.0,-0.9194313814237668,0.41206187582939874,1873.5217373371124
1e-07,54,p9,Inhibition / adsorption,86187.0417066359,98084.0,-0.12129356769059282,0.41206187582939874,1873.5217373371124
1e-05,55,p1,A1,2.1730084932539446,15672.02,-0.9998613447090258,0.43958175829949536,1893.8758239746094
1e-05,55,p2,E1,3.1786721753279394,3453.38,-0.9990795475229115,0.43958175829949536,1893.8758239746094
1e-05,55,p3,"K_ads,1",5173.410686758117,30.836,166.77178255150204,0.43958175829949536,1893.8758239746094
1e-05,55,p4,"K_ads,2",58.48859963152788,558.532,-0.8952815601764484,0.43958175829949536,1893.8758239746094
1e-05,55,p5,A2,15.26136134793469,0.7439,19.5153398950594,0.43958175829949536,1893.8758239746094
1e-05,55,p6,E2,22481.924105600934,40000.0,-0.43795189735997664,0.43958175829949536,1893.8758239746094
1e-05,55,p7,"K_ads,3",22931.43514879148,17197.0,0.33345555322390413,0.43958175829949536,1893.8758239746094
1e-05,55,p8,"K_ads,4",22568.510860087223,124119.0,-0.8181703779430448,0.43958175829949536,1893.8758239746094
1e-05,55,p9,Inhibition / adsorption,22694.52345221323,98084.0,-0.7686215544613471,0.43958175829949536,1893.8758239746094
1e-06,55,p1,A1,2.172871447073555,15672.02,-0.9998613534536662,0.43958490320189325,1844.448181629181
1e-06,55,p2,E1,3.1787076360127258,3453.38,-0.9990795372545122,0.43958490320189325,1844.448181629181
1e-06,55,p3,"K_ads,1",5177.932171453844,30.836,166.9184126168713,0.43958490320189325,1844.448181629181
1e-06,55,p4,"K_ads,2",58.52646164609209,558.532,-0.8952137717335943,0.43958490320189325,1844.448181629181
1e-06,55,p5,A2,15.256736876023394,0.7439,19.509123371452336,0.43958490320189325,1844.448181629181
1e-06,55,p6,E2,22482.004912661323,40000.0,-0.43794987718346695,0.43958490320189325,1844.448181629181
1e-06,55,p7,"K_ads,3",22931.438702782314,17197.0,0.3334557598873242,0.43958490320189325,1844.448181629181
1e-06,55,p8,"K_ads,4",22568.538497877176,124119.0,-0.818170155271335,0.43958490320189325,1844.448181629181
1e-06,55,p9,Inhibition / adsorption,22694.562792829445,98084.0,-0.7686211533702801,0.43958490320189325,1844.448181629181
1e-07,55,p1,A1,2.1728716743122427,15672.02,-0.9998613534391666,0.43958483568811024,1849.4046444892883
1e-07,55,p2,E1,3.178715810873962,3453.38,-0.9990795348873063,0.43958483568811024,1849.4046444892883
1e-07,55,p3,"K_ads,1",5177.990036730989,30.836,166.92028916626634,0.43958483568811024,1849.4046444892883
1e-07,55,p4,"K_ads,2",58.52800833927766,558.532,-0.8952110025221873,0.43958483568811024,1849.4046444892883
1e-07,55,p5,A2,15.256902187180115,0.7439,19.509345593735873,0.43958483568811024,1849.4046444892883
1e-07,55,p6,E2,22482.017758412265,40000.0,-0.4379495560396934,0.43958483568811024,1849.4046444892883
1e-07,55,p7,"K_ads,3",22931.451924064033,17197.0,0.3334565287005892,0.43958483568811024,1849.4046444892883
1e-07,55,p8,"K_ads,4",22568.553613418942,124119.0,-0.8181700334886767,0.43958483568811024,1849.4046444892883
1e-07,55,p9,Inhibition / adsorption,22694.575048372717,98084.0,-0.7686210284208157,0.43958483568811024,1849.4046444892883
1e-05,56,p1,A1,1265.101939481332,15672.02,-0.9192763958008392,0.498954457583404,1897.605874300003
1e-05,56,p2,E1,49.25646308953277,3453.38,-0.9857367381841753,0.498954457583404,1897.605874300003
1e-05,56,p3,"K_ads,1",43.21564721735667,30.836,0.4014673504136941,0.498954457583404,1897.605874300003
1e-05,56,p4,"K_ads,2",265.68127899221156,558.532,-0.524322189252878,0.498954457583404,1897.605874300003
1e-05,56,p5,A2,1.7183860829390503,0.7439,1.3099691933580457,0.498954457583404,1897.605874300003
1e-05,56,p6,E2,42454.17198388868,40000.0,0.06135429959721696,0.498954457583404,1897.605874300003
1e-05,56,p7,"K_ads,3",114920.39132757978,17197.0,5.682583667359411,0.498954457583404,1897.605874300003
1e-05,56,p8,"K_ads,4",10064.208883549114,124119.0,-0.9189148407290655,0.498954457583404,1897.605874300003
1e-05,56,p9,Inhibition / adsorption,10000.045129428425,98084.0,-0.8980461122157699,0.498954457583404,1897.605874300003
1e-06,56,p1,A1,19824.44355432091,15672.02,0.26495777534235604,0.4124332425146762,1922.6212794780731
1e-06,56,p2,E1,9885.281173431376,3453.38,1.8624944759717657,0.4124332425146762,1922.6212794780731
1e-06,56,p3,"K_ads,1",80.11210234824189,30.836,1.598005654048576,0.4124332425146762,1922.6212794780731
1e-06,56,p4,"K_ads,2",83.56486056231098,558.532,-0.8503848292267749,0.4124332425146762,1922.6212794780731
1e-06,56,p5,A2,0.10000380549135299,0.7439,-0.8655682141533095,0.4124332425146762,1922.6212794780731
1e-06,56,p6,E2,149594.1366377749,40000.0,2.739853415944373,0.4124332425146762,1922.6212794780731
1e-06,56,p7,"K_ads,3",89746.66358328427,17197.0,4.218739523363626,0.4124332425146762,1922.6212794780731
1e-06,56,p8,"K_ads,4",10000.10017087068,124119.0,-0.9194313507934266,0.4124332425146762,1922.6212794780731
1e-06,56,p9,Inhibition / adsorption,84603.03739430034,98084.0,-0.13744303459993132,0.4124332425146762,1922.6212794780731
1e-07,56,p1,A1,19816.20690074619,15672.02,0.26443221108358655,0.4124344719381112,2086.1343705654144
1e-07,56,p2,E1,9885.281195965097,3453.38,1.862494482496886,0.4124344719381112,2086.1343705654144
1e-07,56,p3,"K_ads,1",80.10092609700048,30.836,1.5976432123816475,0.4124344719381112,2086.1343705654144
1e-07,56,p4,"K_ads,2",83.55124203426816,558.532,-0.850409211944404,0.4124344719381112,2086.1343705654144
1e-07,56,p5,A2,0.10000380528421834,0.7439,-0.8655682144317538,0.4124344719381112,2086.1343705654144
1e-07,56,p6,E2,149594.13661731148,40000.0,2.739853415432787,0.4124344719381112,2086.1343705654144
1e-07,56,p7,"K_ads,3",89748.9472836968,17197.0,4.218872319805595,0.4124344719381112,2086.1343705654144
1e-07,56,p8,"K_ads,4",10000.100179010655,124119.0,-0.9194313507278447,0.4124344719381112,2086.1343705654144
1e-07,56,p9,Inhibition / adsorption,84609.67940529928,98084.0,-0.13737531702113212,0.4124344719381112,2086.1343705654144
1e-05,57,p1,A1,19609.67661353114,15672.02,0.25125392984000405,0.41241186481944564,1918.6161017417908
1e-05,57,p2,E1,9885.279859856235,3453.38,1.8624940955980038,0.41241186481944564,1918.6161017417908
1e-05,57,p3,"K_ads,1",79.18586154721648,30.836,1.567968009703479,0.41241186481944564,1918.6161017417908
1e-05,57,p4,"K_ads,2",84.25049980119623,558.532,-0.849157255446069,0.41241186481944564,1918.6161017417908
1e-05,57,p5,A2,0.10000381825139824,0.7439,-0.8655681970004057,0.41241186481944564,1918.6161017417908
1e-05,57,p6,E2,149594.09953451582,40000.0,2.7398524883628954,0.41241186481944564,1918.6161017417908
1e-05,57,p7,"K_ads,3",89749.8738550543,17197.0,4.218926199631,0.41241186481944564,1918.6161017417908
1e-05,57,p8,"K_ads,4",10000.113876665031,124119.0,-0.9194312403687991,0.41241186481944564,1918.6161017417908
1e-05,57,p9,Inhibition / adsorption,84332.87595086217,98084.0,-0.1401974231183254,0.41241186481944564,1918.6161017417908
1e-06,57,p1,A1,19724.82230182414,15672.02,0.25860114406593027,0.4123475723405687,1920.8968040943146
1e-06,57,p2,E1,9885.27950265621,3453.38,1.8624939921631012,0.4123475723405687,1920.8968040943146
1e-06,57,p3,"K_ads,1",79.3821340368593,30.836,1.5743330534718933,0.4123475723405687,1920.8968040943146
1e-06,57,p4,"K_ads,2",84.27312884725967,558.532,-0.8491167402274898,0.4123475723405687,1920.8968040943146
1e-06,57,p5,A2,0.10000382176410634,0.7439,-0.8655681922783891,0.4123475723405687,1920.8968040943146
1e-06,57,p6,E2,149594.10024544678,40000.0,2.7398525061361694,0.4123475723405687,1920.8968040943146
1e-06,57,p7,"K_ads,3",89683.89309662828,17197.0,4.215089439822544,0.4123475723405687,1920.8968040943146
1e-06,57,p8,"K_ads,4",10000.113606278828,124119.0,-0.9194312425472423,0.4123475723405687,1920.8968040943146
1e-06,57,p9,Inhibition / adsorption,84705.64005567001,98084.0,-0.13639696529841758,0.4123475723405687,1920.8968040943146
1e-07,57,p1,A1,19731.368273056716,15672.02,0.2590188292930149,0.41234801608548016,1932.873652458191
1e-07,57,p2,E1,9885.279419862354,3453.38,1.86249396818837,0.41234801608548016,1932.873652458191
1e-07,57,p3,"K_ads,1",79.38677134919119,30.836,1.5744834397843819,0.41234801608548016,1932.873652458191
1e-07,57,p4,"K_ads,2",84.28551475812954,558.532,-0.8490945643971527,0.41234801608548016,1932.873652458191
1e-07,57,p5,A2,0.1000038226301197,0.7439,-0.8655681911142362,0.41234801608548016,1932.873652458191
1e-07,57,p6,E2,149594.100074179,40000.0,2.7398525018544753,0.41234801608548016,1932.873652458191
1e-07,57,p7,"K_ads,3",89685.53190602837,17197.0,4.215184736060264,0.41234801608548016,1932.873652458191
1e-07,57,p8,"K_ads,4",10000.11367392738,124119.0,-0.9194312420022126,0.41234801608548016,1932.873652458191
1e-07,57,p9,Inhibition / adsorption,84712.84011857964,98084.0,-0.1363235581891069,0.41234801608548016,1932.873652458191
1e-05,58,p1,A1,15893.091835499701,15672.02,0.01410614812255859,0.151053601961077,1513.9414103031158
1e-05,58,p2,E1,9884.481743199629,3453.38,1.862262983859184,0.151053601961077,1513.9414103031158
1e-05,58,p3,"K_ads,1",53.06362409286101,30.836,0.7208335741620513,0.151053601961077,1513.9414103031158
1e-05,58,p4,"K_ads,2",151.99594096588532,558.532,-0.7278652951560782,0.151053601961077,1513.9414103031158
1e-05,58,p5,A2,0.1000115914847035,0.7439,-0.8655577477017025,0.151053601961077,1513.9414103031158
1e-05,58,p6,E2,103070.87213259038,40000.0,1.5767718033147593,0.151053601961077,1513.9414103031158
1e-05,58,p7,"K_ads,3",10114.363467020497,17197.0,-0.4118530286084493,0.151053601961077,1513.9414103031158
1e-05,58,p8,"K_ads,4",149588.1048185169,124119.0,0.20519908167578618,0.151053601961077,1513.9414103031158
1e-05,58,p9,Inhibition / adsorption,94770.74858034436,98084.0,-0.033779733898042945,0.151053601961077,1513.9414103031158
1e-06,58,p1,A1,20568.91819704839,15672.02,0.3124612013670472,0.4124092203872476,1987.1159162521362
1e-06,58,p2,E1,9885.274399011605,3453.38,1.8624925142937079,0.4124092203872476,1987.1159162521362
1e-06,58,p3,"K_ads,1",80.71331833203439,30.836,1.61750286457499,0.4124092203872476,1987.1159162521362
1e-06,58,p4,"K_ads,2",85.5975130672512,558.532,-0.8467455525068371,0.4124092203872476,1987.1159162521362
1e-06,58,p5,A2,0.10000387179487293,0.7439,-0.8655681250236955,0.4124092203872476,1987.1159162521362
1e-06,58,p6,E2,149594.0733239357,40000.0,2.7398518330983928,0.4124092203872476,1987.1159162521362
1e-06,58,p7,"K_ads,3",89865.61453738943,17197.0,4.225656482955714,0.4124092203872476,1987.1159162521362
1e-06,58,p8,"K_ads,4",10000.123607401885,124119.0,-0.919431161970352,0.4124092203872476,1987.1159162521362
1e-06,58,p9,Inhibition / adsorption,85640.61785905343,98084.0,-0.12686454611299064,0.4124092203872476,1987.1159162521362
1e-07,58,p1,A1,20574.14670958075,15672.02,0.312794822210586,0.4124096038676681,1996.743578672409
1e-07,58,p2,E1,9885.274316601863,3453.38,1.8624924904302054,0.4124096038676681,1996.743578672409
1e-07,58,p3,"K_ads,1",80.71964862973675,30.836,1.6177081537727578,0.4124096038676681,1996.743578672409
1e-07,58,p4,"K_ads,2",85.60763125845901,558.532,-0.8467274368192709,0.4124096038676681,1996.743578672409
1e-07,58,p5,A2,0.10000387260057593,0.7439,-0.8655681239406157,0.4124096038676681,1996.743578672409
1e-07,58,p6,E2,149594.0729378172,40000.0,2.73985182344543,0.4124096038676681,1996.743578672409
1e-07,58,p7,"K_ads,3",89865.97334188764,17197.0,4.225677347321489,0.4124096038676681,1996.743578672409
1e-07,58,p8,"K_ads,4",10000.123751352548,124119.0,-0.9194311608105726,0.4124096038676681,1996.743578672409
1e-07,58,p9,Inhibition / adsorption,85636.30173151733,98084.0,-0.12690855051264902,0.4124096038676681,1996.743578672409
1e-05,59,p1,A1,54055.95769922543,15672.02,2.4492016791214803,0.419070390180251,2028.8866090774536
1e-05,59,p2,E1,234.49572242005803,3453.38,-0.9320967508875195,0.419070390180251,2028.8866090774536
1e-05,59,p3,"K_ads,1",110.78564716252332,30.836,2.5927372928565093,0.419070390180251,2028.8866090774536
1e-05,59,p4,"K_ads,2",119.67373607583636,558.532,-0.7857352200485624,0.419070390180251,2028.8866090774536
1e-05,59,p5,A2,0.10349914355511258,0.7439,-0.8608695475801686,0.419070390180251,2028.8866090774536
1e-05,59,p6,E2,149594.05878588516,40000.0,2.739851469647129,0.419070390180251,2028.8866090774536
1e-05,59,p7,"K_ads,3",90119.61469485075,17197.0,4.24042651013844,0.419070390180251,2028.8866090774536
1e-05,59,p8,"K_ads,4",10000.123132490502,124119.0,-0.9194311657966105,0.419070390180251,2028.8866090774536
1e-05,59,p9,Inhibition / adsorption,101913.68767391665,98084.0,0.039044978527758324,0.419070390180251,2028.8866090774536
1e-06,59,p1,A1,21685.030487660068,15672.02,0.3836780764483498,0.41238642969864386,1997.822420835495
1e-06,59,p2,E1,9885.270036401595,3453.38,1.8624912510067222,0.41238642969864386,1997.822420835495
1e-06,59,p3,"K_ads,1",82.00485400040499,30.836,1.6593868854716887,0.41238642969864386,1997.822420835495
1e-06,59,p4,"K_ads,2",87.34904938731738,558.532,-0.843609588372166,0.41238642969864386,1997.822420835495
1e-06,59,p5,A2,0.10000391382440463,0.7439,-0.8655680685247955,0.41238642969864386,1997.822420835495
1e-06,59,p6,E2,149594.07648325822,40000.0,2.7398519120814555,0.41238642969864386,1997.822420835495
1e-06,59,p7,"K_ads,3",89931.3834989099,17197.0,4.2294809268424665,0.41238642969864386,1997.822420835495
1e-06,59,p8,"K_ads,4",10000.122332483,124119.0,-0.9194311722420982,0.41238642969864386,1997.822420835495
1e-06,59,p9,Inhibition / adsorption,86688.66231539352,98084.0,-0.116179373645105,0.41238642969864386,1997.822420835495
1e-07,59,p1,A1,21690.071768971655,15672.02,0.38399975044516627,0.4123829544094582,2037.2846131324768
1e-07,59,p2,E1,9885.48444123701,3453.38,1.8625533365100304,0.4123829544094582,2037.2846131324768
1e-07,59,p3,"K_ads,1",82.01034697123107,30.836,1.6595650204705887,0.4123829544094582,2037.2846131324768
1e-07,59,p4,"K_ads,2",87.3590466413312,558.532,-0.8435916892114844,0.4123829544094582,2037.2846131324768
1e-07,59,p5,A2,0.10000183069760897,0.7439,-0.8655708688027841,0.4123829544094582,2037.2846131324768
1e-07,59,p6,E2,149594.29701444984,40000.0,2.739857425361246,0.4123829544094582,2037.2846131324768
1e-07,59,p7,"K_ads,3",89925.80057936674,17197.0,4.229156281872812,0.4123829544094582,2037.2846131324768
1e-07,59,p8,"K_ads,4",10000.044178356206,124119.0,-0.9194318019130333,0.4123829544094582,2037.2846131324768
1e-07,59,p9,Inhibition / adsorption,86698.24663241602,98084.0,-0.11608165824786898,0.4123829544094582,2037.2846131324768
1e-05,60,p1,A1,23366.069426468508,15672.02,0.49094178200822275,0.41248115089443527,2004.5296232700348
1e-05,60,p2,E1,9885.267881757882,3453.38,1.8624906270835766,0.41248115089443527,2004.5296232700348
1e-05,60,p3,"K_ads,1",83.60611509429192,30.836,1.7113151866095448,0.41248115089443527,2004.5296232700348
1e-05,60,p4,"K_ads,2",90.00439091908382,558.532,-0.8388554444166426,0.41248115089443527,2004.5296232700348
1e-05,60,p5,A2,0.1000039342041866,0.7439,-0.8655680411289332,0.41248115089443527,2004.5296232700348
1e-05,60,p6,E2,149594.1097567828,40000.0,2.73985274391957,0.41248115089443527,2004.5296232700348
1e-05,60,p7,"K_ads,3",90189.42970410181,17197.0,4.2444862303949416,0.41248115089443527,2004.5296232700348
1e-05,60,p8,"K_ads,4",10000.109827120976,124119.0,-0.9194312729951016,0.41248115089443527,2004.5296232700348
1e-05,60,p9,Inhibition / adsorption,88067.28450866879,98084.0,-0.10212384783788601,0.41248115089443527,2004.5296232700348
1e-06,60,p1,A1,23959.087740219435,15672.02,0.5287810850304833,0.412474439428732,2041.707213640213
1e-06,60,p2,E1,9885.265304279226,3453.38,1.8624898807195345,0.412474439428732,2041.707213640213
1e-06,60,p3,"K_ads,1",84.28930299656649,30.836,1.7334707159348326,0.412474439428732,2041.707213640213
1e-06,60,p4,"K_ads,2",90.78567534511144,558.532,-0.8374566267552953,0.412474439428732,2041.707213640213
1e-06,60,p5,A2,0.1000039592260817,0.7439,-0.8655680074928327,0.412474439428732,2041.707213640213
1e-06,60,p6,E2,149594.11187484904,40000.0,2.739852796871226,0.412474439428732,2041.707213640213
1e-06,60,p7,"K_ads,3",90201.42882574121,17197.0,4.245183975445788,0.412474439428732,2041.707213640213
1e-06,60,p8,"K_ads,4",10000.109002741923,124119.0,-0.9194312796369458,0.412474439428732,2041.707213640213
1e-06,60,p9,Inhibition / adsorption,88493.51734622502,98084.0,-0.0977782579602685,0.412474439428732,2041.707213640213
1e-07,60,p1,A1,23862.2163061344,15672.02,0.5225999141230294,0.4124732452871125,2247.032297849655
1e-07,60,p2,E1,9885.265617342735,3453.38,1.8624899713737655,0.4124732452871125,2247.032297849655
1e-07,60,p3,"K_ads,1",84.17540402326989,30.836,1.7297770146345146,0.4124732452871125,2247.032297849655
1e-07,60,p4,"K_ads,2",90.66239645383493,558.532,-0.8376773462329196,0.4124732452871125,2247.032297849655
1e-07,60,p5,A2,0.10000395619932387,0.7439,-0.8655680115616025,0.4124732452871125,2247.032297849655
1e-07,60,p6,E2,149594.11138199887,40000.0,2.7398527845499716,0.4124732452871125,2247.032297849655
1e-07,60,p7,"K_ads,3",90197.36987922888,17197.0,4.244947949016042,0.4124732452871125,2247.032297849655
1e-07,60,p8,"K_ads,4",10000.109190082543,124119.0,-0.9194312781275829,0.4124732452871125,2247.032297849655
1e-07,60,p9,Inhibition / adsorption,88437.63772531229,98084.0,-0.09834796984918752,0.4124732452871125,2247.032297849655
1e-05,61,p1,A1,39647.815481451595,15672.02,1.5298471723142004,0.412697610558431,2062.434705018997
1e-05,61,p2,E1,9885.475248472656,3453.38,1.8625506745486033,0.412697610558431,2062.434705018997
1e-05,61,p3,"K_ads,1",99.41534407120498,30.836,2.2240025966793677,0.412697610558431,2062.434705018997
1e-05,61,p4,"K_ads,2",107.77875305024214,558.532,-0.807032089387462,0.412697610558431,2062.434705018997
1e-05,61,p5,A2,0.10000191982218996,0.7439,-0.8655707489955774,0.412697610558431,2062.434705018997
1e-05,61,p6,E2,149594.30481293952,40000.0,2.739857620323488,0.412697610558431,2062.434705018997
1e-05,61,p7,"K_ads,3",90352.31121699614,17197.0,4.253957737802881,0.412697610558431,2062.434705018997
1e-05,61,p8,"K_ads,4",10000.041147574138,124119.0,-0.9194318263313905,0.412697610558431,2062.434705018997
1e-05,61,p9,Inhibition / adsorption,97956.93692287098,98084.0,-0.0012954516244139326,0.412697610558431,2062.434705018997
1e-06,61,p1,A1,38418.01501904022,15672.02,1.451376084195925,0.412669219255927,2058.821608066559
1e-06,61,p2,E1,9885.222163136445,3453.38,1.8624773882794377,0.412669219255927,2058.821608066559
1e-06,61,p3,"K_ads,1",98.37545388368623,30.836,2.1902793450410636,0.412669219255927,2058.821608066559
1e-06,61,p4,"K_ads,2",106.64522274734836,558.532,-0.8090615707831451,0.412669219255927,2058.821608066559
1e-06,61,p5,A2,0.10000437806522212,0.7439,-0.8655674444613226,0.412669219255927,2058.821608066559
1e-06,61,p6,E2,149594.11690314137,40000.0,2.7398529225785344,0.412669219255927,2058.821608066559
1e-06,61,p7,"K_ads,3",90358.28033221436,17197.0,4.254304839926403,0.412669219255927,2058.821608066559
1e-06,61,p8,"K_ads,4",10000.106564589483,124119.0,-0.9194312992806138,0.412669219255927,2058.821608066559
1e-06,61,p9,Inhibition / adsorption,97164.31578978931,98084.0,-0.009376495760885459,0.412669219255927,2058.821608066559
1e-07,61,p1,A1,38451.14276425554,15672.02,1.4534898988296048,0.41266731666521644,2063.1118035316467
1e-07,61,p2,E1,9885.47571717208,3453.38,1.8625508102705404,0.41266731666521644,2063.1118035316467
1e-07,61,p3,"K_ads,1",98.40540784371417,30.836,2.191250740813146,0.41266731666521644,2063.1118035316467
1e-07,61,p4,"K_ads,2",106.66350953113411,558.532,-0.809028829984434,0.41266731666521644,2063.1118035316467
1e-07,61,p5,A2,0.10000191527959024,0.7439,-0.865570755102043,0.41266731666521644,2063.1118035316467
1e-07,61,p6,E2,149594.30430770136,40000.0,2.739857607692534,0.41266731666521644,2063.1118035316467
1e-07,61,p7,"K_ads,3",90352.65000708925,17197.0,4.253977438337457,0.41266731666521644,2063.1118035316467
1e-07,61,p8,"K_ads,4",10000.041336189577,124119.0,-0.9194318248117567,0.41266731666521644,2063.1118035316467
1e-07,61,p9,Inhibition / adsorption,97188.2220140722,98084.0,-0.009132763610046434,0.41266731666521644,2063.1118035316467
1e-05,62,p1,A1,98585.35808534555,15672.02,5.290532942488942,0.4148284363333236,1607.5087492465973
1e-05,62,p2,E1,9885.132402901856,3453.38,1.8624513962847575,0.4148284363333236,1607.5087492465973
1e-05,62,p3,"K_ads,1",134.74998137271103,30.836,3.3698917295599635,0.4148284363333236,1607.5087492465973
1e-05,62,p4,"K_ads,2",143.7159015142619,558.532,-0.7426899416429822,0.4148284363333236,1607.5087492465973
1e-05,62,p5,A2,0.10000442570571565,0.7439,-0.8655673804197934,0.4148284363333236,1607.5087492465973
1e-05,62,p6,E2,149594.15347148068,40000.0,2.739853836787017,0.4148284363333236,1607.5087492465973
1e-05,62,p7,"K_ads,3",90402.68874893157,17197.0,4.25688717502655,0.4148284363333236,1607.5087492465973
1e-05,62,p8,"K_ads,4",10000.092825539106,124119.0,-0.9194314099731781,0.4148284363333236,1607.5087492465973
1e-05,62,p9,Inhibition / adsorption,112988.7207091975,98084.0,0.15195873648298908,0.4148284363333236,1607.5087492465973
1e-06,62,p1,A1,98582.19103830698,15672.02,5.290330859602461,0.41483219338738087,2118.422157764435
1e-06,62,p2,E1,9885.1316423499,3453.38,1.8624511760506806,0.41483219338738087,2118.422157764435
1e-06,62,p3,"K_ads,1",134.7167250672736,30.836,3.368813239955688,0.41483219338738087,2118.422157764435
1e-06,62,p4,"K_ads,2",143.69553521293219,558.532,-0.7427264056259405,0.41483219338738087,2118.422157764435
1e-06,62,p5,A2,0.10000447615491542,0.7439,-0.865567312602614,0.41483219338738087,2118.422157764435
1e-06,62,p6,E2,149594.15229293032,40000.0,2.739853807323258,0.41483219338738087,2118.422157764435
1e-06,62,p7,"K_ads,3",90400.8191113664,17197.0,4.256778456205525,0.41483219338738087,2118.422157764435
1e-06,62,p8,"K_ads,4",10000.09323677456,124119.0,-0.9194314066599428,0.41483219338738087,2118.422157764435
1e-06,62,p9,Inhibition / adsorption,113105.13503708135,98084.0,0.15314562045880414,0.41483219338738087,2118.422157764435
1e-07,62,p1,A1,98581.89786718975,15672.02,5.290312152944531,0.4148295514192191,2086.2597687244415
1e-07,62,p2,E1,9885.13175166026,3453.38,1.862451207703832,0.4148295514192191,2086.2597687244415
1e-07,62,p3,"K_ads,1",134.71631398075752,30.836,3.368799908573016,0.4148295514192191,2086.2597687244415
1e-07,62,p4,"K_ads,2",143.6852070519,558.532,-0.7427448972450997,0.4148295514192191,2086.2597687244415
1e-07,62,p5,A2,0.10000447945480782,0.7439,-0.8655673081666785,0.4148295514192191,2086.2597687244415
1e-07,62,p6,E2,149594.1523231063,40000.0,2.7398538080776578,0.4148295514192191,2086.2597687244415
1e-07,62,p7,"K_ads,3",90397.1620289036,17197.0,4.2565657980405645,0.4148295514192191,2086.2597687244415
1e-07,62,p8,"K_ads,4",10000.093226699413,124119.0,-0.919431406741116,0.4148295514192191,2086.2597687244415
1e-07,62,p9,Inhibition / adsorption,113098.33251645319,98084.0,0.15307626642931757,0.4148295514192191,2086.2597687244415
1e-05,63,p1,A1,98621.78786461768,15672.02,5.2928574532585895,0.41484538030914186,2129.679740667343
1e-05,63,p2,E1,9885.155399767194,3453.38,1.8624580555187076,0.41484538030914186,2129.679740667343
1e-05,63,p3,"K_ads,1",135.06405464387802,30.836,3.380077008816903,0.41484538030914186,2129.679740667343
1e-05,63,p4,"K_ads,2",140.96324951706757,558.532,-0.7476183110062314,0.41484538030914186,2129.679740667343
1e-05,63,p5,A2,0.1000026968309361,0.7439,-0.8655697044885924,0.41484538030914186,2129.679740667343
1e-05,63,p6,E2,149594.15297752045,40000.0,2.7398538244380113,0.41484538030914186,2129.679740667343
1e-05,63,p7,"K_ads,3",90570.23001157961,17197.0,4.266629645378822,0.41484538030914186,2129.679740667343
1e-05,63,p8,"K_ads,4",10000.09310981622,124119.0,-0.9194314076828187,0.41484538030914186,2129.679740667343
1e-05,63,p9,Inhibition / adsorption,109657.27479981276,98084.0,0.11799350352567962,0.41484538030914186,2129.679740667343
1e-06,63,p1,A1,98621.74309071513,15672.02,5.292854596326135,0.41483157365900575,2117.4771134853363
1e-06,63,p2,E1,9885.155588895355,3453.38,1.8624581102848095,0.41483157365900575,2117.4771134853363
1e-06,63,p3,"K_ads,1",135.02390529969767,30.836,3.378774980532419,0.41483157365900575,2117.4771134853363
1e-06,63,p4,"K_ads,2",140.9828228376037,558.532,-0.7475832667822011,0.41483157365900575,2117.4771134853363
1e-06,63,p5,A2,0.10000270182763264,0.7439,-0.8655696977716997,0.41483157365900575,2117.4771134853363
1e-06,63,p6,E2,149594.15305644277,40000.0,2.739853826411069,0.41483157365900575,2117.4771134853363
1e-06,63,p7,"K_ads,3",90567.37121735884,17197.0,4.266463407417506,0.41483157365900575,2117.4771134853363
1e-06,63,p8,"K_ads,4",10000.093098348241,124119.0,-0.9194314077752138,0.41483157365900575,2117.4771134853363
1e-06,63,p9,Inhibition / adsorption,109357.74177300853,98084.0,0.11493966164724653,0.41483157365900575,2117.4771134853363
1e-07,63,p1,A1,98625.15051348896,15672.02,5.293072017103663,0.16004676353257907,2130.606885910034
1e-07,63,p2,E1,9885.439440068136,3453.38,1.862540305459618,0.16004676353257907,2130.606885910034
1e-07,63,p3,"K_ads,1",95.57720018860019,30.836,2.099533019477241,0.16004676353257907,2130.606885910034
1e-07,63,p4,"K_ads,2",281.1623370807751,558.532,-0.4966047834667036,0.16004676353257907,2130.606885910034
1e-07,63,p5,A2,0.1000018303148465,0.7439,-0.865570869317319,0.16004676353257907,2130.606885910034
1e-07,63,p6,E2,103360.5696552355,40000.0,1.5840142413808873,0.16004676353257907,2130.606885910034
1e-07,63,p7,"K_ads,3",10000.117449011988,17197.0,-0.41849639768494573,0.16004676353257907,2130.606885910034
1e-07,63,p8,"K_ads,4",149594.26761553637,124119.0,0.2052487340015338,0.16004676353257907,2130.606885910034
1e-07,63,p9,Inhibition / adsorption,121947.10988735479,98084.0,0.243292584798283,0.16004676353257907,2130.606885910034
1e-05,64,p1,A1,98623.61417060578,15672.02,5.292973986161693,0.4137539389134281,2134.407619714737
1e-05,64,p2,E1,9885.188199567923,3453.38,1.8624675534021518,0.4137539389134281,2134.407619714737
1e-05,64,p3,"K_ads,1",139.14126295580886,30.836,3.5122993564602694,0.4137539389134281,2134.407619714737
1e-05,64,p4,"K_ads,2",128.36822921531754,558.532,-0.7701685324827986,0.4137539389134281,2134.407619714737
1e-05,64,p5,A2,0.10000238820756954,0.7439,-0.8655701193607077,0.4137539389134281,2134.407619714737
1e-05,64,p6,E2,149594.1607528506,40000.0,2.7398540188212652,0.4137539389134281,2134.407619714737
1e-05,64,p7,"K_ads,3",88375.53578523904,17197.0,4.139008884412342,0.4137539389134281,2134.407619714737
1e-05,64,p8,"K_ads,4",10000.090603206136,124119.0,-0.9194314278780353,0.4137539389134281,2134.407619714737
1e-05,64,p9,Inhibition / adsorption,85147.79541151926,98084.0,-0.13188903988908227,0.4137539389134281,2134.407619714737
1e-06,64,p1,A1,98627.18323597951,15672.02,5.293201721027634,0.4137741850143861,2140.035726070404
1e-06,64,p2,E1,9885.469511237237,3453.38,1.8625490132094462,0.4137741850143861,2140.035726070404
1e-06,64,p3,"K_ads,1",139.11566352007895,30.836,3.5114691762900168,0.4137741850143861,2140.035726070404
1e-06,64,p4,"K_ads,2",128.4719200235567,558.532,-0.7699828836601007,0.4137741850143861,2140.035726070404
1e-06,64,p5,A2,0.1000015514548682,0.7439,-0.8655712441795024,0.4137741850143861,2140.035726070404
1e-06,64,p6,E2,149594.31224040047,40000.0,2.739857806010012,0.4137741850143861,2140.035726070404
1e-06,64,p7,"K_ads,3",88418.60663117332,17197.0,4.141513440203135,0.4137741850143861,2140.035726070404
1e-06,64,p8,"K_ads,4",10000.038446335497,124119.0,-0.9194318480946874,0.4137741850143861,2140.035726070404
1e-06,64,p9,Inhibition / adsorption,85273.66844138392,98084.0,-0.13060572120443778,0.4137741850143861,2140.035726070404
1e-07,64,p1,A1,98623.67841873039,15672.02,5.292978085704994,0.4137752875177678,2353.388614654541
1e-07,64,p2,E1,9885.187920275826,3453.38,1.8624674725271548,0.4137752875177678,2353.388614654541
1e-07,64,p3,"K_ads,1",139.1096357399983,30.836,3.5112736976260965,0.4137752875177678,2353.388614654541
1e-07,64,p4,"K_ads,2",128.47526069234468,558.532,-0.7699769025009405,0.4137752875177678,2353.388614654541
1e-07,64,p5,A2,0.10000237810547676,0.7439,-0.8655701329406147,0.4137752875177678,2353.388614654541
1e-07,64,p6,E2,149594.16019904133,40000.0,2.739854004976033,0.4137752875177678,2353.388614654541
1e-07,64,p7,"K_ads,3",88419.97794819775,17197.0,4.14159318184554,0.4137752875177678,2353.388614654541
1e-07,64,p8,"K_ads,4",10000.090790568029,124119.0,-0.919431426368501,0.4137752875177678,2353.388614654541
1e-07,64,p9,Inhibition / adsorption,85256.60901944917,98084.0,-0.1307796478584767,0.4137752875177678,2353.388614654541
1e-05,65,p1,A1,98620.32217042796,15672.02,5.292763930267314,0.4151524368207262,2156.46964097023
1e-05,65,p2,E1,9885.19849088283,3453.38,1.862470533472375,0.4151524368207262,2156.46964097023
1e-05,65,p3,"K_ads,1",140.41060899677035,30.836,3.5534637760011143,0.4151524368207262,2156.46964097023
1e-05,65,p4,"K_ads,2",124.42346522779839,558.532,-0.7772312683466688,0.4151524368207262,2156.46964097023
1e-05,65,p5,A2,0.10000280494062201,0.7439,-0.8655695591603415,0.4151524368207262,2156.46964097023
1e-05,65,p6,E2,149594.1495573064,40000.0,2.73985373893266,0.4151524368207262,2156.46964097023
1e-05,65,p7,"K_ads,3",87817.04585592383,17197.0,4.106532875264513,0.4151524368207262,2156.46964097023
1e-05,65,p8,"K_ads,4",10000.094672534806,124119.0,-0.9194313950923323,0.4151524368207262,2156.46964097023
1e-05,65,p9,Inhibition / adsorption,70122.18028360468,98084.0,-0.2850803364095603,0.4151524368207262,2156.46964097023
1e-06,65,p1,A1,98620.2837981056,15672.02,5.292761481806787,0.4151686672228588,2160.9456729888916
1e-06,65,p2,E1,9885.198748970428,3453.38,1.8624706082071558,0.4151686672228588,2160.9456729888916
1e-06,65,p3,"K_ads,1",140.36962515791402,30.836,3.5521346853649636,0.4151686672228588,2160.9456729888916
1e-06,65,p4,"K_ads,2",124.48386173278054,558.532,-0.7771231339783924,0.4151686672228588,2160.9456729888916
1e-06,65,p5,A2,0.10000280844290312,0.7439,-0.8655695544523416,0.4151686672228588,2160.9456729888916
1e-06,65,p6,E2,149594.15060866906,40000.0,2.7398537652167265,0.4151686672228588,2160.9456729888916
1e-06,65,p7,"K_ads,3",87832.41105152859,17197.0,4.107426356430109,0.4151686672228588,2160.9456729888916
1e-06,65,p8,"K_ads,4",10000.094296847912,124119.0,-0.9194313981191606,0.4151686672228588,2160.9456729888916
1e-06,65,p9,Inhibition / adsorption,70079.52658094771,98084.0,-0.28551520552844795,0.4151686672228588,2160.9456729888916
1e-07,65,p1,A1,98620.26552171113,15672.02,5.292760315626902,0.41517347917763153,2207.691555738449
1e-07,65,p2,E1,9885.198688915472,3453.38,1.8624705908169596,0.41517347917763153,2207.691555738449
1e-07,65,p3,"K_ads,1",140.35692808509555,30.836,3.551722924020481,0.41517347917763153,2207.691555738449
1e-07,65,p4,"K_ads,2",124.52107260853258,558.532,-0.7770565113394889,0.41517347917763153,2207.691555738449
1e-07,65,p5,A2,0.10000281046012303,0.7439,-0.86556955174066,0.41517347917763153,2207.691555738449
1e-07,65,p6,E2,149594.15063894296,40000.0,2.739853765973574,0.41517347917763153,2207.691555738449
1e-07,65,p7,"K_ads,3",87841.22645056629,17197.0,4.107938969039152,0.41517347917763153,2207.691555738449
1e-07,65,p8,"K_ads,4",10000.094285583318,124119.0,-0.919431398209917,0.41517347917763153,2207.691555738449
1e-07,65,p9,Inhibition / adsorption,70081.46322889774,98084.0,-0.2854954607387775,0.41517347917763153,2207.691555738449
1e-05,66,p1,A1,98620.2326377288,15672.02,5.292758217366287,0.41508684981295746,1706.2588124275208
1e-05,66,p2,E1,9885.197681005848,3453.38,1.8624702989551822,0.41508684981295746,1706.2588124275208
1e-05,66,p3,"K_ads,1",140.39965537924013,30.836,3.553108554262555,0.41508684981295746,1706.2588124275208
1e-05,66,p4,"K_ads,2",124.36887350812222,558.532,-0.777329009782569,0.41508684981295746,1706.2588124275208
1e-05,66,p5,A2,0.10000281583393658,0.7439,-0.8655695445168214,0.41508684981295746,1706.2588124275208
1e-05,66,p6,E2,149594.14768409485,40000.0,2.739853692102371,0.41508684981295746,1706.2588124275208
1e-05,66,p7,"K_ads,3",87742.08333392465,17197.0,4.102173828802968,0.41508684981295746,1706.2588124275208
1e-05,66,p8,"K_ads,4",10000.095335491114,124119.0,-0.9194313897510363,0.41508684981295746,1706.2588124275208
1e-05,66,p9,Inhibition / adsorption,70211.30266961452,98084.0,-0.28417170313593937,0.41508684981295746,1706.2588124275208
1e-06,66,p1,A1,98620.1938382731,15672.02,5.292755741651242,0.41510814849736216,2230.2387189865112
1e-06,66,p2,E1,9885.198621033966,3453.38,1.8624705711604184,0.41510814849736216,2230.2387189865112
1e-06,66,p3,"K_ads,1",140.41957415027173,30.836,3.553754512591508,0.41510814849736216,2230.2387189865112
1e-06,66,p4,"K_ads,2",124.27347848508124,558.532,-0.777499805767474,0.41510814849736216,2230.2387189865112
1e-06,66,p5,A2,0.10000281803906418,0.7439,-0.8655695415525417,0.41510814849736216,2230.2387189865112
1e-06,66,p6,E2,149594.1490164872,40000.0,2.73985372541218,0.41510814849736216,2230.2387189865112
1e-06,66,p7,"K_ads,3",87735.37295239257,17197.0,4.101783622282524,0.41510814849736216,2230.2387189865112
1e-06,66,p8,"K_ads,4",10000.094866083791,124119.0,-0.9194313935329499,0.41510814849736216,2230.2387189865112
1e-06,66,p9,Inhibition / adsorption,70074.17369674263,98084.0,-0.2855697800177131,0.41510814849736216,2230.2387189865112
1e-07,66,p1,A1,98620.21390996139,15672.02,5.292757022385205,0.4151011987019655,2196.7502586841583
1e-07,66,p2,E1,9885.198602707946,3453.38,1.8624705658537275,0.4151011987019655,2196.7502586841583
1e-07,66,p3,"K_ads,1",140.41993093141676,30.836,3.5537660828712143,0.4151011987019655,2196.7502586841583
1e-07,66,p4,"K_ads,2",124.27496971098194,558.532,-0.7774971358651215,0.4151011987019655,2196.7502586841583
1e-07,66,p5,A2,0.10000281600321863,0.7439,-0.8655695442892613,0.4151011987019655,2196.7502586841583
1e-07,66,p6,E2,149594.14890170645,40000.0,2.739853722542661,0.4151011987019655,2196.7502586841583
1e-07,66,p7,"K_ads,3",87733.50627922491,17197.0,4.101675075840258,0.4151011987019655,2196.7502586841583
1e-07,66,p8,"K_ads,4",10000.094907016737,124119.0,-0.9194313932031619,0.4151011987019655,2196.7502586841583
1e-07,66,p9,Inhibition / adsorption,70106.54421988195,98084.0,-0.28523975143874686,0.4151011987019655,2196.7502586841583
1e-05,67,p1,A1,98620.21410337048,15672.02,5.292757034726249,0.41519475759998176,2226.381791114807
1e-05,67,p2,E1,9885.19817751398,3453.38,1.8624704427297254,0.41519475759998176,2226.381791114807
1e-05,67,p3,"K_ads,1",140.2217248186233,30.836,3.5473383324238976,0.41519475759998176,2226.381791114807
1e-05,67,p4,"K_ads,2",124.88293461000353,558.532,-0.7764086308215044,0.41519475759998176,2226.381791114807
1e-05,67,p5,A2,0.10000281676178262,0.7439,-0.8655695432695489,0.41519475759998176,2226.381791114807
1e-05,67,p6,E2,149594.1507717623,40000.0,2.7398537692940574,0.41519475759998176,2226.381791114807
1e-05,67,p7,"K_ads,3",87913.47988814578,17197.0,4.112140483115996,0.41519475759998176,2226.381791114807
1e-05,67,p8,"K_ads,4",10000.094232212492,124119.0,-0.9194313986399142,0.41519475759998176,2226.381791114807
1e-05,67,p9,Inhibition / adsorption,70193.3084661208,98084.0,-0.2843551602083847,0.41519475759998176,2226.381791114807
1e-06,67,p1,A1,98620.2350952966,15672.02,5.292758374178733,0.41518542070052317,2255.8663420677185
1e-06,67,p2,E1,9885.198520955097,3453.38,1.8624705421804424,0.41518542070052317,2255.8663420677185
1e-06,67,p3,"K_ads,1",140.31420150468665,30.836,3.55033731692459,0.41518542070052317,2255.8663420677185
1e-06,67,p4,"K_ads,2",124.74032424990398,558.532,-0.7766639615099868,0.41518542070052317,2255.8663420677185
1e-06,67,p5,A2,0.10000281393210361,0.7439,-0.8655695470733921,0.41518542070052317,2255.8663420677185
1e-06,67,p6,E2,149594.15085649616,40000.0,2.739853771412404,0.41518542070052317,2255.8663420677185
1e-06,67,p7,"K_ads,3",87894.04049309342,17197.0,4.111010088567391,0.41518542070052317,2255.8663420677185
1e-06,67,p8,"K_ads,4",10000.094205428872,124119.0,-0.919431398855704,0.41518542070052317,2255.8663420677185
1e-06,67,p9,Inhibition / adsorption,70193.1510754192,98084.0,-0.2843567648605359,0.41518542070052317,2255.8663420677185
1e-07,67,p1,A1,98620.6883476116,15672.02,5.292787295295157,0.1693106585544181,2268.484349489212
1e-07,67,p2,E1,9885.089504151758,3453.38,1.8624389740346436,0.1693106585544181,2268.484349489212
1e-07,67,p3,"K_ads,1",88.23868819223719,30.836,1.8615478075054221,0.1693106585544181,2268.484349489212
1e-07,67,p4,"K_ads,2",318.1867427233073,558.532,-0.4303160020852748,0.1693106585544181,2268.484349489212
1e-07,67,p5,A2,0.10000293238553162,0.7439,-0.8655693878403931,0.1693106585544181,2268.484349489212
1e-07,67,p6,E2,127750.20832314833,40000.0,2.1937552080787084,0.1693106585544181,2268.484349489212
1e-07,67,p7,"K_ads,3",15958.46373930036,17197.0,-0.07202048384599875,0.1693106585544181,2268.484349489212
1e-07,67,p8,"K_ads,4",149591.56423551316,124119.0,0.2052269534520352,0.1693106585544181,2268.484349489212
1e-07,67,p9,Inhibition / adsorption,71194.91481506592,98084.0,-0.27414344016286124,0.1693106585544181,2268.484349489212
1e-05,68,p1,A1,98620.22180852748,15672.02,5.292757526376783,0.4154825326482619,2274.233132839203
1e-05,68,p2,E1,9885.19892438922,3453.38,1.862470659003417,0.4154825326482619,2274.233132839203
1e-05,68,p3,"K_ads,1",140.09295210528327,30.836,3.5431622812713477,0.4154825326482619,2274.233132839203
1e-05,68,p4,"K_ads,2",126.00135689450038,558.532,-0.7744061989384666,0.4154825326482619,2274.233132839203
1e-05,68,p5,A2,0.10000281443405973,0.7439,-0.8655695463986293,0.4154825326482619,2274.233132839203
1e-05,68,p6,E2,149594.15591474125,40000.0,2.739853897868531,0.4154825326482619,2274.233132839203
1e-05,68,p7,"K_ads,3",88391.23342519443,17197.0,4.139921697109637,0.4154825326482619,2274.233132839203
1e-05,68,p8,"K_ads,4",10000.092398745806,124119.0,-0.9194314134117596,0.4154825326482619,2274.233132839203
1e-05,68,p9,Inhibition / adsorption,70278.29996405347,98084.0,-0.2834886427546443,0.4154825326482619,2274.233132839203
1e-06,68,p1,A1,98620.37070479046,15672.02,5.292767027147136,0.4154548632209752,2257.002726316452
1e-06,68,p2,E1,9885.198432822617,3453.38,1.862470516659799,0.4154548632209752,2257.002726316452
1e-06,68,p3,"K_ads,1",140.0887283909001,30.836,3.5430253077863565,0.4154548632209752,2257.002726316452
1e-06,68,p4,"K_ads,2",125.95506238595371,558.532,-0.7744890849835753,0.4154548632209752,2257.002726316452
1e-06,68,p5,A2,0.10000279985261235,0.7439,-0.8655695659999835,0.4154548632209752,2257.002726316452
1e-06,68,p6,E2,149594.15562792995,40000.0,2.739853890698249,0.4154548632209752,2257.002726316452
1e-06,68,p7,"K_ads,3",88381.01008957309,17197.0,4.13932721344264,0.4154548632209752,2257.002726316452
1e-06,68,p8,"K_ads,4",10000.092498302916,124119.0,-0.9194314126096496,0.4154548632209752,2257.002726316452
1e-06,68,p9,Inhibition / adsorption,70402.86132459229,98084.0,-0.2822186969883744,0.4154548632209752,2257.002726316452
1e-07,68,p1,A1,98620.34909720732,15672.02,5.2927656484108185,0.41544954694724284,2502.3749430179596
1e-07,68,p2,E1,9885.198424443797,3453.38,1.8624705142335327,0.41544954694724284,2502.3749430179596
1e-07,68,p3,"K_ads,1",140.09434478308816,30.836,3.5432074452940774,0.41544954694724284,2502.3749430179596
1e-07,68,p4,"K_ads,2",125.93903921466253,558.532,-0.77451777299302,0.41544954694724284,2502.3749430179596
1e-07,68,p5,A2,0.10000280213992437,0.7439,-0.8655695629252259,0.41544954694724284,2502.3749430179596
1e-07,68,p6,E2,149594.1555858402,40000.0,2.739853889646005,0.41544954694724284,2502.3749430179596
1e-07,68,p7,"K_ads,3",88376.80710108817,17197.0,4.1390828110186755,0.41544954694724284,2502.3749430179596
1e-07,68,p8,"K_ads,4",10000.092513248856,124119.0,-0.9194314124892333,0.41544954694724284,2502.3749430179596
1e-07,68,p9,Inhibition / adsorption,70419.3282216857,98084.0,-0.2820508113281911,0.41544954694724284,2502.3749430179596
1e-05,69,p1,A1,98620.30110139011,15672.02,5.2927625858944864,0.41526725302920203,2309.1805551052094
1e-05,69,p2,E1,9885.196660892061,3453.38,1.862470003559429,0.41526725302920203,2309.1805551052094
1e-05,69,p3,"K_ads,1",140.00795918735446,30.836,3.5404059925851104,0.41526725302920203,2309.1805551052094
1e-05,69,p4,"K_ads,2",125.71743132849852,558.532,-0.7749145414613693,0.41526725302920203,2309.1805551052094
1e-05,69,p5,A2,0.10000281062824351,0.7439,-0.8655695515146612,0.41526725302920203,2309.1805551052094
1e-05,69,p6,E2,149594.14096249684,40000.0,2.739853524062421,0.41526725302920203,2309.1805551052094
1e-05,69,p7,"K_ads,3",88146.36091844535,17197.0,4.125682439870056,0.41526725302920203,2309.1805551052094
1e-05,69,p8,"K_ads,4",10000.097731385356,124119.0,-0.9194313704478335,0.41526725302920203,2309.1805551052094
1e-05,69,p9,Inhibition / adsorption,70588.15441062073,98084.0,-0.2803295704638807,0.41526725302920203,2309.1805551052094
1e-06,69,p1,A1,98620.33190710796,15672.02,5.292764551545235,0.4152882911361138,2299.6364467144012
1e-06,69,p2,E1,9885.196933657538,3453.38,1.8624700825445037,0.4152882911361138,2299.6364467144012
1e-06,69,p3,"K_ads,1",139.91629113903537,30.836,3.537433231905415,0.4152882911361138,2299.6364467144012
1e-06,69,p4,"K_ads,2",125.86056774984695,558.532,-0.7746582689087699,0.4152882911361138,2299.6364467144012
1e-06,69,p5,A2,0.10000280508632339,0.7439,-0.8655695589644798,0.4152882911361138,2299.6364467144012
1e-06,69,p6,E2,149594.1421473711,40000.0,2.7398535536842776,0.4152882911361138,2299.6364467144012
1e-06,69,p7,"K_ads,3",88157.50101634889,17197.0,4.126330232967895,0.4152882911361138,2299.6364467144012
1e-06,69,p8,"K_ads,4",10000.09734038076,124119.0,-0.9194313735980731,0.4152882911361138,2299.6364467144012
1e-06,69,p9,Inhibition / adsorption,70486.90893753633,98084.0,-0.28136180276562617,0.4152882911361138,2299.6364467144012
1e-07,69,p1,A1,98620.34241620064,15672.02,5.292765222109252,0.415284016554738,2320.3979346752167
1e-07,69,p2,E1,9885.197140602637,3453.38,1.8624701424698806,0.415284016554738,2320.3979346752167
1e-07,69,p3,"K_ads,1",139.919842418384,30.836,3.5375483985725777,0.415284016554738,2320.3979346752167
1e-07,69,p4,"K_ads,2",125.84297371718112,558.532,-0.7746897694005337,0.415284016554738,2320.3979346752167
1e-07,69,p5,A2,0.10000280536242699,0.7439,-0.8655695585933231,0.415284016554738,2320.3979346752167
1e-07,69,p6,E2,149594.14202422026,40000.0,2.7398535506055066,0.415284016554738,2320.3979346752167
1e-07,69,p7,"K_ads,3",88154.37678209519,17197.0,4.126148559754329,0.415284016554738,2320.3979346752167
1e-07,69,p8,"K_ads,4",10000.09735475712,124119.0,-0.9194313734822459,0.415284016554738,2320.3979346752167
1e-07,69,p9,Inhibition / adsorption,70501.57707223631,98084.0,-0.28121225610460104,0.415284016554738,2320.3979346752167
1e-05,70,p1,A1,98620.62686530685,15672.02,5.292783372233244,0.16763549008474046,1816.4018940925598
1e-05,70,p2,E1,9885.085847317874,3453.38,1.8624379151202224,0.16763549008474046,1816.4018940925598
1e-05,70,p3,"K_ads,1",88.30607916019828,30.836,1.8637332715072734,0.16763549008474046,1816.4018940925598
1e-05,70,p4,"K_ads,2",319.61194399865553,558.532,-0.4277643107312464,0.16763549008474046,1816.4018940925598
1e-05,70,p5,A2,0.10000294548420545,0.7439,-0.865569370232282,0.16763549008474046,1816.4018940925598
1e-05,70,p6,E2,125512.05128449234,40000.0,2.1378012821123082,0.16763549008474046,1816.4018940925598
1e-05,70,p7,"K_ads,3",15210.433432226191,17197.0,-0.1155182047900104,0.16763549008474046,1816.4018940925598
1e-05,70,p8,"K_ads,4",149591.53213983783,124119.0,0.20522669486410483,0.16763549008474046,1816.4018940925598
1e-05,70,p9,Inhibition / adsorption,71859.60104524453,98084.0,-0.26736673621340346,0.16763549008474046,1816.4018940925598
1e-06,70,p1,A1,98620.43943663302,15672.02,5.29277141278744,0.4155265246087791,2330.1958010196686
1e-06,70,p2,E1,9885.199709601346,3453.38,1.8624708863783728,0.4155265246087791,2330.1958010196686
1e-06,70,p3,"K_ads,1",140.4612680539819,30.836,3.555106630366517,0.4155265246087791,2330.1958010196686
1e-06,70,p4,"K_ads,2",125.88219102212813,558.532,-0.7746195544353266,0.4155265246087791,2330.1958010196686
1e-06,70,p5,A2,0.1000027902764051,0.7439,-0.8655695788729599,0.4155265246087791,2330.1958010196686
1e-06,70,p6,E2,149594.15135423894,40000.0,2.7398537838559736,0.4155265246087791,2330.1958010196686
1e-06,70,p7,"K_ads,3",88513.05265241912,17197.0,4.147005445857947,0.4155265246087791,2330.1958010196686
1e-06,70,p8,"K_ads,4",10000.094020161268,124119.0,-0.9194314003483651,0.4155265246087791,2330.1958010196686
1e-06,70,p9,Inhibition / adsorption,70545.06319961269,98084.0,-0.280768900130371,0.4155265246087791,2330.1958010196686
1e-07,70,p1,A1,98620.4204078388,15672.02,5.292770198598444,0.41552320666170667,2327.566787958145
1e-07,70,p2,E1,9885.199685314168,3453.38,1.8624708793455014,0.41552320666170667,2327.566787958145
1e-07,70,p3,"K_ads,1",140.46244172481323,30.836,3.555144692074628,0.41552320666170667,2327.566787958145
1e-07,70,p4,"K_ads,2",125.88064554943169,558.532,-0.7746223214615605,0.41552320666170667,2327.566787958145
1e-07,70,p5,A2,0.10000279233272368,0.7439,-0.8655695761087193,0.41552320666170667,2327.566787958145
1e-07,70,p6,E2,149594.1512117906,40000.0,2.739853780294765,0.41552320666170667,2327.566787958145
1e-07,70,p7,"K_ads,3",88511.25648095783,17197.0,4.146900999067153,0.41552320666170667,2327.566787958145
1e-07,70,p8,"K_ads,4",10000.094071166537,124119.0,-0.9194313999374267,0.41552320666170667,2327.566787958145
1e-07,70,p9,Inhibition / adsorption,70557.67704529574,98084.0,-0.2806402976500169,0.41552320666170667,2327.566787958145
1e-05,71,p1,A1,98621.09210398798,15672.02,5.292813058175524,0.4157120914192441,2396.091910839081
1e-05,71,p2,E1,9885.193111772454,3453.38,1.8624689758359791,0.4157120914192441,2396.091910839081
1e-05,71,p3,"K_ads,1",137.76680727996956,30.836,3.4677262705918266,0.4157120914192441,2396.091910839081
1e-05,71,p4,"K_ads,2",130.71242905191733,558.532,-0.7659714590177156,0.4157120914192441,2396.091910839081
1e-05,71,p5,A2,0.10000272960486463,0.7439,-0.8655696604316915,0.4157120914192441,2396.091910839081
1e-05,71,p6,E2,149594.07300944134,40000.0,2.7398518252360335,0.4157120914192441,2396.091910839081
1e-05,71,p7,"K_ads,3",89177.98963072427,17197.0,4.18567131655081,0.4157120914192441,2396.091910839081
1e-05,71,p8,"K_ads,4",10000.122257274132,124119.0,-0.9194311728480399,0.4157120914192441,2396.091910839081
1e-05,71,p9,Inhibition / adsorption,71410.23640894811,98084.0,-0.27194816270800426,0.4157120914192441,2396.091910839081
1e-06,71,p1,A1,98621.15588122977,15672.02,5.292817127672742,0.41569983853271,2371.2165751457214
1e-06,71,p2,E1,9885.192512174455,3453.38,1.8624688022095612,0.41569983853271,2371.2165751457214
1e-06,71,p3,"K_ads,1",137.68132833583465,30.836,3.4649542202566694,0.41569983853271,2371.2165751457214
1e-06,71,p4,"K_ads,2",131.02130521551499,558.532,-0.7654184447524672,0.41569983853271,2371.2165751457214
1e-06,71,p5,A2,0.10000272313373561,0.7439,-0.8655696691306148,0.41569983853271,2371.2165751457214
1e-06,71,p6,E2,149594.07368652715,40000.0,2.7398518421631786,0.41569983853271,2371.2165751457214
1e-06,71,p7,"K_ads,3",89215.74601839394,17197.0,4.187866838308655,0.41569983853271,2371.2165751457214
1e-06,71,p8,"K_ads,4",10000.122000465923,124119.0,-0.9194311749170883,0.41569983853271,2371.2165751457214
1e-06,71,p9,Inhibition / adsorption,71606.15324701814,98084.0,-0.26995072338997045,0.41569983853271,2371.2165751457214
1e-07,71,p1,A1,98621.13808079911,15672.02,5.292815991863149,0.4157050177736161,2382.786298751831
1e-07,71,p2,E1,9885.192613542838,3453.38,1.8624688315629436,0.4157050177736161,2382.786298751831
1e-07,71,p3,"K_ads,1",137.68070147728272,30.836,3.4649338914672048,0.4157050177736161,2382.786298751831
1e-07,71,p4,"K_ads,2",131.01584778238558,558.532,-0.7654282157828279,0.4157050177736161,2382.786298751831
1e-07,71,p5,A2,0.10000272505195237,0.7439,-0.86556966655202,0.4157050177736161,2382.786298751831
1e-07,71,p6,E2,149594.0742279108,40000.0,2.7398518556977702,0.4157050177736161,2382.786298751831
1e-07,71,p7,"K_ads,3",89215.37175625797,17197.0,4.187845075086234,0.4157050177736161,2382.786298751831
1e-07,71,p8,"K_ads,4",10000.121803691547,124119.0,-0.9194311765024569,0.4157050177736161,2382.786298751831
1e-07,71,p9,Inhibition / adsorption,71572.75213170504,98084.0,-0.2702912592094017,0.4157050177736161,2382.786298751831
1e-05,72,p1,A1,98621.95922845551,15672.02,5.292868387639596,0.41625580204083823,2410.674756526947
1e-05,72,p2,E1,9885.185433275456,3453.38,1.8624667523630343,0.41625580204083823,2410.674756526947
1e-05,72,p3,"K_ads,1",134.33743453574778,30.836,3.3565129892251844,0.41625580204083823,2410.674756526947
1e-05,72,p4,"K_ads,2",137.57426495849685,558.532,-0.7536859750945392,0.41625580204083823,2410.674756526947
1e-05,72,p5,A2,0.10000263384197286,0.7439,-0.8655697891625583,0.41625580204083823,2410.674756526947
1e-05,72,p6,E2,149593.9877529553,40000.0,2.7398496938238823,0.41625580204083823,2410.674756526947
1e-05,72,p7,"K_ads,3",90504.17963198335,17197.0,4.262788837121786,0.41625580204083823,2410.674756526947
1e-05,72,p8,"K_ads,4",10000.153695960036,124119.0,-0.9194309195533316,0.41625580204083823,2410.674756526947
1e-05,72,p9,Inhibition / adsorption,72628.80978981062,98084.0,-0.25952438940285244,0.41625580204083823,2410.674756526947
1e-06,72,p1,A1,1.3289088561448243,15672.02,-0.999915205005089,0.4522535134767483,2426.739145040512
1e-06,72,p2,E1,1.7169981650070159,3453.38,-0.9995028064779992,0.4522535134767483,2426.739145040512
1e-06,72,p3,"K_ads,1",341.1891882688721,30.836,10.064638353511224,0.4522535134767483,2426.739145040512
1e-06,72,p4,"K_ads,2",28.547011510055885,558.532,-0.9488892104480032,0.4522535134767483,2426.739145040512
1e-06,72,p5,A2,4.898691619733324,0.7439,5.585148030290797,0.4522535134767483,2426.739145040512
1e-06,72,p6,E2,19464.22107384,40000.0,-0.513394473154,0.4522535134767483,2426.739145040512
1e-06,72,p7,"K_ads,3",23064.88996095356,17197.0,0.3412159074811629,0.4522535134767483,2426.739145040512
1e-06,72,p8,"K_ads,4",19320.646513410567,124119.0,-0.8443377201442924,0.4522535134767483,2426.739145040512
1e-06,72,p9,Inhibition / adsorption,22573.67653252867,98084.0,-0.7698536302299186,0.4522535134767483,2426.739145040512
1e-07,72,p1,A1,1.328907668252354,15672.02,-0.999915205080886,0.4522519559210389,2649.5931544303894
1e-07,72,p2,E1,1.7169957134869027,3453.38,-0.9995028071878893,0.4522519559210389,2649.5931544303894
1e-07,72,p3,"K_ads,1",341.30785550056964,30.836,10.0684866876563,0.4522519559210389,2649.5931544303894
1e-07,72,p4,"K_ads,2",28.529935093176007,558.532,-0.948919784196472,0.4522519559210389,2649.5931544303894
1e-07,72,p5,A2,4.899950050480111,0.7439,5.586839696841123,0.4522519559210389,2649.5931544303894
1e-07,72,p6,E2,19464.214179707134,40000.0,-0.5133946455073216,0.4522519559210389,2649.5931544303894
1e-07,72,p7,"K_ads,3",23068.179052859417,17197.0,0.34140716711399766,0.4522519559210389,2649.5931544303894
1e-07,72,p8,"K_ads,4",19320.654814458543,124119.0,-0.8443376532645401,0.4522519559210389,2649.5931544303894
1e-07,72,p9,Inhibition / adsorption,22576.870623002098,98084.0,-0.7698210653827119,0.4522519559210389,2649.5931544303894
1e-05,73,p1,A1,98622.35626017462,15672.02,5.292893721433141,0.41615438402390664,2438.7841186523438
1e-05,73,p2,E1,9885.184643951648,3453.38,1.862466523797453,0.41615438402390664,2438.7841186523438
1e-05,73,p3,"K_ads,1",134.75301514339796,30.836,3.3699901136138917,0.41615438402390664,2438.7841186523438
1e-05,73,p4,"K_ads,2",137.27337060481815,558.532,-0.7542246986657556,0.41615438402390664,2438.7841186523438
1e-05,73,p5,A2,0.1000025813148078,0.7439,-0.8655698597730773,0.41615438402390664,2438.7841186523438
1e-05,73,p6,E2,149593.9357765256,40000.0,2.73984839441314,0.41615438402390664,2438.7841186523438
1e-05,73,p7,"K_ads,3",90411.72701360822,17197.0,4.257412747200571,0.41615438402390664,2438.7841186523438
1e-05,73,p8,"K_ads,4",10000.17338707745,124119.0,-0.9194307609062476,0.41615438402390664,2438.7841186523438
1e-05,73,p9,Inhibition / adsorption,72964.9993283737,98084.0,-0.2560968218223798,0.41615438402390664,2438.7841186523438
1e-06,73,p1,A1,98622.34056203284,15672.02,5.292892719766363,0.41617053493971695,2474.5790696144104
1e-06,73,p2,E1,9885.184266954862,3453.38,1.8624664146299748,0.41617053493971695,2474.5790696144104
1e-06,73,p3,"K_ads,1",134.77172528597754,30.836,3.3705968765721086,0.41617053493971695,2474.5790696144104
1e-06,73,p4,"K_ads,2",137.2043049801838,558.532,-0.7543483542927105,0.41617053493971695,2474.5790696144104
1e-06,73,p5,A2,0.10000258396420914,0.7439,-0.8655698562115753,0.41617053493971695,2474.5790696144104
1e-06,73,p6,E2,149593.93446719443,40000.0,2.7398483616798606,0.41617053493971695,2474.5790696144104
1e-06,73,p7,"K_ads,3",90374.46825828087,17197.0,4.25524616260283,0.41617053493971695,2474.5790696144104
1e-06,73,p8,"K_ads,4",10000.173875070823,124119.0,-0.9194307569745904,0.41617053493971695,2474.5790696144104
1e-06,73,p9,Inhibition / adsorption,72697.64076555584,98084.0,-0.25882263401211364,0.41617053493971695,2474.5790696144104
1e-07,73,p1,A1,98622.33385769775,15672.02,5.2928922919762575,0.4161723058708797,2431.3069684505463
1e-07,73,p2,E1,9885.184316041503,3453.38,1.8624664288440607,0.4161723058708797,2431.3069684505463
1e-07,73,p3,"K_ads,1",134.76816048275103,30.836,3.3704812713306214,0.4161723058708797,2431.3069684505463
1e-07,73,p4,"K_ads,2",137.2140096303056,558.532,-0.7543309790122936,0.4161723058708797,2431.3069684505463
1e-07,73,p5,A2,0.10000258482921934,0.7439,-0.8655698550487709,0.4161723058708797,2431.3069684505463
1e-07,73,p6,E2,149593.93491489493,40000.0,2.7398483728723733,0.4161723058708797,2431.3069684505463
1e-07,73,p7,"K_ads,3",90375.40413464908,17197.0,4.255300583511606,0.4161723058708797,2431.3069684505463
1e-07,73,p8,"K_ads,4",10000.173705428651,124119.0,-0.9194307583413607,0.4161723058708797,2431.3069684505463
1e-07,73,p9,Inhibition / adsorption,72688.72708797334,98084.0,-0.2589135120103856,0.4161723058708797,2431.3069684505463
1e-05,74,p1,A1,98624.12068027061,15672.02,5.293006305522237,0.41623996002210295,1917.3053386211395
1e-05,74,p2,E1,9885.180446849297,3453.38,1.8624653084367482,0.41623996002210295,1917.3053386211395
1e-05,74,p3,"K_ads,1",134.9133288650352,30.836,3.375189027923051,0.41623996002210295,1917.3053386211395
1e-05,74,p4,"K_ads,2",137.64282808588536,558.532,-0.7535632191425283,0.41623996002210295,1917.3053386211395
1e-05,74,p5,A2,0.10000230859850236,0.7439,-0.8655702263765259,0.41623996002210295,1917.3053386211395
1e-05,74,p6,E2,149593.82642078653,40000.0,2.7398456605196633,0.41623996002210295,1917.3053386211395
1e-05,74,p7,"K_ads,3",90297.99716589051,17197.0,4.250799393259901,0.41623996002210295,1917.3053386211395
1e-05,74,p8,"K_ads,4",10000.215777021136,124119.0,-0.9194304193796184,0.41623996002210295,1917.3053386211395
1e-05,74,p9,Inhibition / adsorption,71884.15879107222,98084.0,-0.267116361577095,0.41623996002210295,1917.3053386211395
1e-06,74,p1,A1,98624.09275859785,15672.02,5.293004523896591,0.41626570925889794,2512.244751930237
1e-06,74,p2,E1,9885.18124390136,3453.38,1.8624655392402107,0.41626570925889794,2512.244751930237
1e-06,74,p3,"K_ads,1",134.94005506540915,30.836,3.3760557486512246,0.41626570925889794,2512.244751930237
1e-06,74,p4,"K_ads,2",137.47514824464304,558.532,-0.7538634344233759,0.41626570925889794,2512.244751930237
1e-06,74,p5,A2,0.10000231294865104,0.7439,-0.865570220528766,0.41626570925889794,2512.244751930237
1e-06,74,p6,E2,149593.8287880508,40000.0,2.73984571970127,0.41626570925889794,2512.244751930237
1e-06,74,p7,"K_ads,3",90275.96342368936,17197.0,4.249518138261869,0.41626570925889794,2512.244751930237
1e-06,74,p8,"K_ads,4",10000.214888005883,124119.0,-0.9194304265422225,0.41626570925889794,2512.244751930237
1e-06,74,p9,Inhibition / adsorption,71646.41152496314,98084.0,-0.2695402764470949,0.41626570925889794,2512.244751930237
1e-07,74,p1,A1,98624.09906449747,15672.02,5.293004926263332,0.4162626447938053,2552.173189640045
1e-07,74,p2,E1,9885.181200673665,3453.38,1.862465526722708,0.4162626447938053,2552.173189640045
1e-07,74,p3,"K_ads,1",134.93050162710412,30.836,3.375745934203662,0.4162626447938053,2552.173189640045
1e-07,74,p4,"K_ads,2",137.50332786750326,558.532,-0.7538129814092958,0.4162626447938053,2552.173189640045
1e-07,74,p5,A2,0.10000231186774693,0.7439,-0.8655702219817893,0.4162626447938053,2552.173189640045
1e-07,74,p6,E2,149593.82739142867,40000.0,2.739845684785717,0.4162626447938053,2552.173189640045
1e-07,74,p7,"K_ads,3",90281.56498740119,17197.0,4.249843867383915,0.4162626447938053,2552.173189640045
1e-07,74,p8,"K_ads,4",10000.215438320125,124119.0,-0.9194304221084594,0.4162626447938053,2552.173189640045
1e-07,74,p9,Inhibition / adsorption,71685.66446945076,98084.0,-0.26914007922341304,0.4162626447938053,2552.173189640045
1e-05,75,p1,A1,98624.90346917525,15672.02,5.293056253704068,0.4166148767945239,2498.0745277404785
1e-05,75,p2,E1,9885.180969184074,3453.38,1.8624654596899481,0.4166148767945239,2498.0745277404785
1e-05,75,p3,"K_ads,1",135.10710511520384,30.836,3.3814731195746477,0.4166148767945239,2498.0745277404785
1e-05,75,p4,"K_ads,2",137.1400017493465,558.532,-0.7544634832930852,0.4166148767945239,2498.0745277404785
1e-05,75,p5,A2,0.10000216112092158,0.7439,-0.8655704246257271,0.4166148767945239,2498.0745277404785
1e-05,75,p6,E2,149593.82888669596,40000.0,2.739845722167399,0.4166148767945239,2498.0745277404785
1e-05,75,p7,"K_ads,3",90124.47799706507,17197.0,4.240709309592666,0.4166148767945239,2498.0745277404785
1e-05,75,p8,"K_ads,4",10000.214850307442,124119.0,-0.9194304268459508,0.4166148767945239,2498.0745277404785
1e-05,75,p9,Inhibition / adsorption,69069.03181671782,98084.0,-0.29581754601445887,0.4166148767945239,2498.0745277404785
1e-06,75,p1,A1,98624.89800282852,15672.02,5.293055904907504,0.4166856054766603,2528.0161011219025
1e-06,75,p2,E1,9885.180946518689,3453.38,1.8624654531267015,0.4166856054766603,2528.0161011219025
1e-06,75,p3,"K_ads,1",135.07977185835048,30.836,3.38058671223085,0.4166856054766603,2528.0161011219025
1e-06,75,p4,"K_ads,2",137.2268865600913,558.532,-0.754307924057903,0.4166856054766603,2528.0161011219025
1e-06,75,p5,A2,0.1000021622226676,0.7439,-0.8655704231446867,0.4166856054766603,2528.0161011219025
1e-06,75,p6,E2,149593.8160013725,40000.0,2.7398454000343127,0.4166856054766603,2528.0161011219025
1e-06,75,p7,"K_ads,3",90177.25506020231,17197.0,4.243778278781317,0.4166856054766603,2528.0161011219025
1e-06,75,p8,"K_ads,4",10000.21996099223,124119.0,-0.9194303856702662,0.4166856054766603,2528.0161011219025
1e-06,75,p9,Inhibition / adsorption,68868.85179346448,98084.0,-0.29785844996671756,0.4166856054766603,2528.0161011219025
1e-07,75,p1,A1,98624.89626135277,15672.02,5.293055793787448,0.4166770522914651,2530.2614312171936
1e-07,75,p2,E1,9885.18094106756,3453.38,1.8624654515482106,0.4166770522914651,2530.2614312171936
1e-07,75,p3,"K_ads,1",135.08287705094602,30.836,3.3806874124706847,0.4166770522914651,2530.2614312171936
1e-07,75,p4,"K_ads,2",137.2261842125887,558.532,-0.754309181546288,0.4166770522914651,2530.2614312171936
1e-07,75,p5,A2,0.10000216257194412,0.7439,-0.8655704226751658,0.4166770522914651,2530.2614312171936
1e-07,75,p6,E2,149593.81663249127,40000.0,2.739845415812282,0.4166770522914651,2530.2614312171936
1e-07,75,p7,"K_ads,3",90177.28961624407,17197.0,4.243780288203993,0.4166770522914651,2530.2614312171936
1e-07,75,p8,"K_ads,4",10000.219709334515,124119.0,-0.919430387697818,0.4166770522914651,2530.2614312171936
1e-07,75,p9,Inhibition / adsorption,68915.16741591578,98084.0,-0.2973862463203399,0.4166770522914651,2530.2614312171936
1e-05,76,p1,A1,98625.51058421633,15672.02,5.293094992490842,0.42258900910673075,2551.5349893569946
1e-05,76,p2,E1,9885.17865633503,3453.38,1.8624647899550673,0.42258900910673075,2551.5349893569946
1e-05,76,p3,"K_ads,1",134.9515382921298,30.836,3.3764281454186604,0.42258900910673075,2551.5349893569946
1e-05,76,p4,"K_ads,2",137.6873933170645,558.532,-0.7534834292089541,0.42258900910673075,2551.5349893569946
1e-05,76,p5,A2,0.10000203522923509,0.7439,-0.8655705938577294,0.42258900910673075,2551.5349893569946
1e-05,76,p6,E2,149593.7455410852,40000.0,2.73984363852713,0.42258900910673075,2551.5349893569946
1e-05,76,p7,"K_ads,3",90243.15296049225,17197.0,4.247610220415901,0.42258900910673075,2551.5349893569946
1e-05,76,p8,"K_ads,4",10000.248174205535,124119.0,-0.9194301583624945,0.42258900910673075,2551.5349893569946
1e-05,76,p9,Inhibition / adsorption,50144.77807599915,98084.0,-0.4887567995187885,0.42258900910673075,2551.5349893569946
1e-06,76,p1,A1,98625.50107944818,15672.02,5.293094386010749,0.4226568621381721,2531.2347593307495
1e-06,76,p2,E1,9885.179126630332,3453.38,1.862464926139125,0.4226568621381721,2531.2347593307495
1e-06,76,p3,"K_ads,1",135.00032894871643,30.836,3.378010408247387,0.4226568621381721,2531.2347593307495
1e-06,76,p4,"K_ads,2",137.5602476135275,558.532,-0.7537110718570691,0.4226568621381721,2531.2347593307495
1e-06,76,p5,A2,0.10000203714096526,0.7439,-0.8655705912878543,0.4226568621381721,2531.2347593307495
1e-06,76,p6,E2,149593.7664028487,40000.0,2.739844160071218,0.4226568621381721,2531.2347593307495
1e-06,76,p7,"K_ads,3",90251.83661799952,17197.0,4.2481151722974655,0.4226568621381721,2531.2347593307495
1e-06,76,p8,"K_ads,4",10000.239752165558,124119.0,-0.9194302262170533,0.4226568621381721,2531.2347593307495
1e-06,76,p9,Inhibition / adsorption,50021.04046698462,98084.0,-0.4900183468559131,0.4226568621381721,2531.2347593307495
1e-07,76,p1,A1,9.6773103130405,15672.02,-0.9993825103392517,0.5229807190827599,2777.5064878463745
1e-07,76,p2,E1,1.5785351942213537,3453.38,-0.9995429013910369,0.5229807190827599,2777.5064878463745
1e-07,76,p3,"K_ads,1",5.143994969872878,30.836,-0.8331821581958465,0.5229807190827599,2777.5064878463745
1e-07,76,p4,"K_ads,2",51.162388638022286,558.532,-0.9083984648363527,0.5229807190827599,2777.5064878463745
1e-07,76,p5,A2,0.22923313987257135,0.7439,-0.6918495229566187,0.5229807190827599,2777.5064878463745
1e-07,76,p6,E2,18977.959732496496,40000.0,-0.5255510066875876,0.5229807190827599,2777.5064878463745
1e-07,76,p7,"K_ads,3",130233.28592648316,17197.0,6.573023546344314,0.5229807190827599,2777.5064878463745
1e-07,76,p8,"K_ads,4",10005.593337983597,124119.0,-0.9193870935313402,0.5229807190827599,2777.5064878463745
1e-07,76,p9,Inhibition / adsorption,31504.72944953228,98084.0,-0.6787984844670661,0.5229807190827599,2777.5064878463745
1e-05,77,p1,A1,98625.00707738049,15672.02,5.293062864734762,0.4444755989055021,2560.7060878276825
1e-05,77,p2,E1,9885.18039593531,3453.38,1.8624652936935144,0.4444755989055021,2560.7060878276825
1e-05,77,p3,"K_ads,1",135.27468718541115,30.836,3.386907743721986,0.4444755989055021,2560.7060878276825
1e-05,77,p4,"K_ads,2",136.80367143977813,558.532,-0.7550656516729962,0.4444755989055021,2560.7060878276825
1e-05,77,p5,A2,0.1000021404900986,0.7439,-0.8655704523590555,0.4444755989055021,2560.7060878276825
1e-05,77,p6,E2,149593.82657119288,40000.0,2.739845664279822,0.4444755989055021,2560.7060878276825
1e-05,77,p7,"K_ads,3",90098.28744248684,17197.0,4.239186337296437,0.4444755989055021,2560.7060878276825
1e-05,77,p8,"K_ads,4",10000.21576842911,124119.0,-0.9194304194488425,0.4444755989055021,2560.7060878276825
1e-05,77,p9,Inhibition / adsorption,26557.40003250862,98084.0,-0.7292382036569816,0.4444755989055021,2560.7060878276825
1e-06,77,p1,A1,98622.07618550937,15672.02,5.292875850433407,0.44531284014127986,2602.287538051605
1e-06,77,p2,E1,9884.832209063492,3453.38,1.862364468741781,0.44531284014127986,2602.287538051605
1e-06,77,p3,"K_ads,1",135.25235356697223,30.836,3.386183472790642,0.44531284014127986,2602.287538051605
1e-06,77,p4,"K_ads,2",136.8512994203469,558.532,-0.7549803781692958,0.44531284014127986,2602.287538051605
1e-06,77,p5,A2,0.10000290663381975,0.7439,-0.8655694224575619,0.44531284014127986,2602.287538051605
1e-06,77,p6,E2,149593.27472112625,40000.0,2.739831868028156,0.44531284014127986,2602.287538051605
1e-06,77,p7,"K_ads,3",90128.92003673685,17197.0,4.2409676127659965,0.44531284014127986,2602.287538051605
1e-06,77,p8,"K_ads,4",10000.417775656731,124119.0,-0.9194287919201997,0.44531284014127986,2602.287538051605
1e-06,77,p9,Inhibition / adsorption,26075.15906671579,98084.0,-0.7341548155997331,0.44531284014127986,2602.287538051605
1e-07,77,p1,A1,98624.99268458548,15672.02,5.293061946359529,0.4454730695322771,2557.427476644516
1e-07,77,p2,E1,9885.179507390721,3453.38,1.8624650363964352,0.4454730695322771,2557.427476644516
1e-07,77,p3,"K_ads,1",135.25064766137055,30.836,3.3861281509070746,0.4454730695322771,2557.427476644516
1e-07,77,p4,"K_ads,2",136.85678990199895,558.532,-0.7549705479686054,0.4454730695322771,2557.427476644516
1e-07,77,p5,A2,0.1000021438470448,0.7439,-0.8655704478464246,0.4454730695322771,2557.427476644516
1e-07,77,p6,E2,149593.80716729915,40000.0,2.739845179182479,0.4454730695322771,2557.427476644516
1e-07,77,p7,"K_ads,3",90133.60644199057,17197.0,4.241240125719054,0.4454730695322771,2557.427476644516
1e-07,77,p8,"K_ads,4",10000.223442001181,124119.0,-0.9194303576245282,0.4454730695322771,2557.427476644516
1e-07,77,p9,Inhibition / adsorption,25985.512036116757,98084.0,-0.7350687978047717,0.4454730695322771,2557.427476644516
1e-05,78,p1,A1,98626.9909391113,15672.02,5.293189450952162,0.3726633710782878,2021.3769662380219
1e-05,78,p2,E1,9885.221142821507,3453.38,1.8624770928254366,0.3726633710782878,2021.3769662380219
1e-05,78,p3,"K_ads,1",134.53525119621082,30.836,3.362928109878416,0.3726633710782878,2021.3769662380219
1e-05,78,p4,"K_ads,2",143.48055713468477,558.532,-0.7431113040350691,0.3726633710782878,2021.3769662380219
1e-05,78,p5,A2,0.10000166390599621,0.7439,-0.8655710930151953,0.3726633710782878,2021.3769662380219
1e-05,78,p6,E2,149588.88112829722,40000.0,2.7397220282074306,0.3726633710782878,2021.3769662380219
1e-05,78,p7,"K_ads,3",89305.07089578007,17197.0,4.193061051100777,0.3726633710782878,2021.3769662380219
1e-05,78,p8,"K_ads,4",15944.220013360575,124119.0,-0.8715408598735038,0.3726633710782878,2021.3769662380219
1e-05,78,p9,Inhibition / adsorption,94797.66469697852,98084.0,-0.03350531486298967,0.3726633710782878,2021.3769662380219
1e-06,78,p1,A1,98627.79919067932,15672.02,5.293241023855209,0.1860768770087342,2690.6262440681458
1e-06,78,p2,E1,9885.47547954578,3453.38,1.8625507414607656,0.1860768770087342,2690.6262440681458
1e-06,78,p3,"K_ads,1",92.10905885959485,30.836,1.9870624873393066,0.1860768770087342,2690.6262440681458
1e-06,78,p4,"K_ads,2",322.36931937160057,558.532,-0.42282748459962805,0.1860768770087342,2690.6262440681458
1e-06,78,p5,A2,0.10000141784144909,0.7439,-0.8655714237915726,0.1860768770087342,2690.6262440681458
1e-06,78,p6,E2,145361.2932646752,40000.0,2.6340323316168797,0.1860768770087342,2690.6262440681458
1e-06,78,p7,"K_ads,3",26335.162662563132,17197.0,0.5313812096623325,0.1860768770087342,2690.6262440681458
1e-06,78,p8,"K_ads,4",149594.00891095703,124119.0,0.20524664967456252,0.1860768770087342,2690.6262440681458
1e-06,78,p9,Inhibition / adsorption,96436.85345998323,98084.0,-0.016793223563647132,0.1860768770087342,2690.6262440681458
1e-07,78,p1,A1,98626.99041840815,15672.02,5.2931894177271435,0.3730116147564102,2655.4650502204895
1e-07,78,p2,E1,9885.22055119361,3453.38,1.8624769215069323,0.3730116147564102,2655.4650502204895
1e-07,78,p3,"K_ads,1",134.55328361230917,30.836,3.363512894419159,0.3730116147564102,2655.4650502204895
1e-07,78,p4,"K_ads,2",143.41212454544882,558.532,-0.743233826270565,0.3730116147564102,2655.4650502204895
1e-07,78,p5,A2,0.10000166410363859,0.7439,-0.8655710927495113,0.3730116147564102,2655.4650502204895
1e-07,78,p6,E2,149588.87024079778,40000.0,2.7397217560199447,0.3730116147564102,2655.4650502204895
1e-07,78,p7,"K_ads,3",89291.6132750267,17197.0,4.192278494797156,0.3730116147564102,2655.4650502204895
1e-07,78,p8,"K_ads,4",15876.47756449385,124119.0,-0.8720866461662288,0.3730116147564102,2655.4650502204895
1e-07,78,p9,Inhibition / adsorption,94691.56050747617,98084.0,-0.034587083444025835,0.3730116147564102,2655.4650502204895
1e-05,79,p1,A1,98626.9913049659,15672.02,5.2931894742966055,0.3744819740858041,2680.3390231132507
1e-05,79,p2,E1,9885.219829713273,3453.38,1.862476712586878,0.3744819740858041,2680.3390231132507
1e-05,79,p3,"K_ads,1",134.50747860633518,30.836,3.362027455128265,0.3744819740858041,2680.3390231132507
1e-05,79,p4,"K_ads,2",143.42023778494826,558.532,-0.7432193002639987,0.3744819740858041,2680.3390231132507
1e-05,79,p5,A2,0.1000016639242049,0.7439,-0.8655710929907179,0.3744819740858041,2680.3390231132507
1e-05,79,p6,E2,149588.8490364994,40000.0,2.739721225912485,0.3744819740858041,2680.3390231132507
1e-05,79,p7,"K_ads,3",89484.21683330403,17197.0,4.2034783295519,0.3744819740858041,2680.3390231132507
1e-05,79,p8,"K_ads,4",15626.860147422638,124119.0,-0.8740977598319142,0.3744819740858041,2680.3390231132507
1e-05,79,p9,Inhibition / adsorption,94618.22777956097,98084.0,-0.03533473574119153,0.3744819740858041,2680.3390231132507
1e-06,79,p1,A1,98626.99130991568,15672.02,5.293189474612442,0.37390586443198676,2692.8399229049683
1e-06,79,p2,E1,9885.220169710119,3453.38,1.8624768110402328,0.37390586443198676,2692.8399229049683
1e-06,79,p3,"K_ads,1",134.48128822012112,30.836,3.361178110653818,0.37390586443198676,2692.8399229049683
1e-06,79,p4,"K_ads,2",143.5999154344828,558.532,-0.742897604014662,0.37390586443198676,2692.8399229049683
1e-06,79,p5,A2,0.10000166389200099,0.7439,-0.8655710930340087,0.37390586443198676,2692.8399229049683
1e-06,79,p6,E2,149588.8565002622,40000.0,2.739721412506555,0.37390586443198676,2692.8399229049683
1e-06,79,p7,"K_ads,3",89476.40811956495,17197.0,4.203024255368084,0.37390586443198676,2692.8399229049683
1e-06,79,p8,"K_ads,4",15732.618568822274,124119.0,-0.8732456870517626,0.37390586443198676,2692.8399229049683
1e-06,79,p9,Inhibition / adsorption,94762.8151754657,98084.0,-0.03386061768009358,0.37390586443198676,2692.8399229049683
1e-07,79,p1,A1,23.73487875435845,15672.02,-0.9984855252383319,0.5083311756288982,2707.077895641327
1e-07,79,p2,E1,1.4866677153962724,3453.38,-0.999569503583331,0.5083311756288982,2707.077895641327
1e-07,79,p3,"K_ads,1",2.2624087972196163,30.836,-0.926630924983149,0.5083311756288982,2707.077895641327
1e-07,79,p4,"K_ads,2",29.69591320108989,558.532,-0.946832208000455,0.5083311756288982,2707.077895641327
1e-07,79,p5,A2,0.10000136774489878,0.7439,-0.8655714911346972,0.5083311756288982,2707.077895641327
1e-07,79,p6,E2,18551.093122401668,40000.0,-0.5362226719399583,0.5083311756288982,2707.077895641327
1e-07,79,p7,"K_ads,3",149594.34602080478,17197.0,7.698862942420467,0.5083311756288982,2707.077895641327
1e-07,79,p8,"K_ads,4",11539.41421345378,124119.0,-0.9070294297129868,0.5083311756288982,2707.077895641327
1e-07,79,p9,Inhibition / adsorption,50101.95223791636,98084.0,-0.4891934236173447,0.5083311756288982,2707.077895641327
1e-05,80,p1,A1,98627.06157177908,15672.02,5.29319395788029,0.18665670473502813,2706.4848177433014
1e-05,80,p2,E1,9885.22172702384,3453.38,1.8624772619937104,0.18665670473502813,2706.4848177433014
1e-05,80,p3,"K_ads,1",92.20632660228193,30.836,1.9902168440226338,0.18665670473502813,2706.4848177433014
1e-05,80,p4,"K_ads,2",322.2123195731831,558.532,-0.42310857824944126,0.18665670473502813,2706.4848177433014
1e-05,80,p5,A2,0.10000164435193858,0.7439,-0.8655711193010639,0.18665670473502813,2706.4848177433014
1e-05,80,p6,E2,145747.55551831517,40000.0,2.6436888879578793,0.18665670473502813,2706.4848177433014
1e-05,80,p7,"K_ads,3",26557.55049122717,17197.0,0.5443129901277648,0.18665670473502813,2706.4848177433014
1e-05,80,p8,"K_ads,4",149592.4963156014,124119.0,0.2052344630201774,0.18665670473502813,2706.4848177433014
1e-05,80,p9,Inhibition / adsorption,96249.6266667883,98084.0,-0.01870206489551504,0.18665670473502813,2706.4848177433014
1e-06,80,p1,A1,98626.60141602205,15672.02,5.2931645962691505,0.18624792862723152,2716.4171755313873
1e-06,80,p2,E1,9885.060835723116,3453.38,1.862430672478301,0.18624792862723152,2716.4171755313873
1e-06,80,p3,"K_ads,1",92.16712651480208,30.836,1.988945599779546,0.18624792862723152,2716.4171755313873
1e-06,80,p4,"K_ads,2",322.1180514170842,558.532,-0.4232773566830832,0.18624792862723152,2716.4171755313873
1e-06,80,p5,A2,0.10000178586873992,0.7439,-0.8655709290647401,0.18624792862723152,2716.4171755313873
1e-06,80,p6,E2,145468.65156049395,40000.0,2.6367162890123486,0.18624792862723152,2716.4171755313873
1e-06,80,p7,"K_ads,3",26403.810530040653,17197.0,0.5353730610013754,0.18624792862723152,2716.4171755313873
1e-06,80,p8,"K_ads,4",149591.53436341332,124119.0,0.20522671277897273,0.18624792862723152,2716.4171755313873
1e-06,80,p9,Inhibition / adsorption,96438.85101323083,98084.0,-0.016772857823591725,0.18624792862723152,2716.4171755313873
1e-07,80,p1,A1,98627.06401762,15672.02,5.293194113944469,0.1862844352256591,2719.7972571849823
1e-07,80,p2,E1,9885.220999367692,3453.38,1.862477051285318,0.1862844352256591,2719.7972571849823
1e-07,80,p3,"K_ads,1",92.16587215542337,30.836,1.9889049213718828,0.1862844352256591,2719.7972571849823
1e-07,80,p4,"K_ads,2",322.11797378778454,558.532,-0.42327749567117995,0.1862844352256591,2719.7972571849823
1e-07,80,p5,A2,0.10000164372743027,0.7439,-0.8655711201405696,0.1862844352256591,2719.7972571849823
1e-07,80,p6,E2,145499.98807011876,40000.0,2.637499701752969,0.1862844352256591,2719.7972571849823
1e-07,80,p7,"K_ads,3",26414.211708105406,17197.0,0.5359778861490612,0.1862844352256591,2719.7972571849823
1e-07,80,p8,"K_ads,4",149592.4912865623,124119.0,0.20523442250229448,0.1862844352256591,2719.7972571849823
1e-07,80,p9,Inhibition / adsorption,96440.3707394794,98084.0,-0.016757363693574858,0.1862844352256591,2719.7972571849823
1e-05,81,p1,A1,98626.99637350795,15672.02,5.293189797710055,0.37007664900398246,2791.8111519813538
1e-05,81,p2,E1,9885.220647897464,3453.38,1.8624769495096003,0.37007664900398246,2791.8111519813538
1e-05,81,p3,"K_ads,1",133.56154954016213,30.836,3.3313513276742164,0.37007664900398246,2791.8111519813538
1e-05,81,p4,"K_ads,2",147.08083418528108,558.532,-0.7366653402396262,0.37007664900398246,2791.8111519813538
1e-05,81,p5,A2,0.10000166244857611,0.7439,-0.8655710949743566,0.37007664900398246,2791.8111519813538
1e-05,81,p6,E2,149588.85650503033,40000.0,2.7397214126257583,0.37007664900398246,2791.8111519813538
1e-05,81,p7,"K_ads,3",89806.42295024972,17197.0,4.2222145112664835,0.37007664900398246,2791.8111519813538
1e-05,81,p8,"K_ads,4",16509.518672321967,124119.0,-0.8669863705611391,0.37007664900398246,2791.8111519813538
1e-05,81,p9,Inhibition / adsorption,94961.06267496951,98084.0,-0.031839416469867585,0.37007664900398246,2791.8111519813538
1e-06,81,p1,A1,98626.99078997335,15672.02,5.2931894414359695,0.3708717970532858,2753.9759936332703
1e-06,81,p2,E1,9885.220863435079,3453.38,1.8624770119231242,0.3708717970532858,2753.9759936332703
1e-06,81,p3,"K_ads,1",133.77791887775197,30.836,3.3383681047396543,0.3708717970532858,2753.9759936332703
1e-06,81,p4,"K_ads,2",146.37191771360256,558.532,-0.737934589757431,0.3708717970532858,2753.9759936332703
1e-06,81,p5,A2,0.10000166396616629,0.7439,-0.8655710929343107,0.3708717970532858,2753.9759936332703
1e-06,81,p6,E2,149588.86326768712,40000.0,2.739721581692178,0.3708717970532858,2753.9759936332703
1e-06,81,p7,"K_ads,3",89778.20454822331,17197.0,4.220573620295593,0.3708717970532858,2753.9759936332703
1e-06,81,p8,"K_ads,4",16350.210506080792,124119.0,-0.8682698820802552,0.3708717970532858,2753.9759936332703
1e-06,81,p9,Inhibition / adsorption,94916.02377095622,98084.0,-0.03229860353415215,0.3708717970532858,2753.9759936332703
1e-07,81,p1,A1,98627.06400605557,15672.02,5.2931941132065665,0.1859078287452212,2724.8993003368378
1e-07,81,p2,E1,9885.220389178789,3453.38,1.8624768745920774,0.1859078287452212,2724.8993003368378
1e-07,81,p3,"K_ads,1",92.187938380369,30.836,1.9896205208317879,0.1859078287452212,2724.8993003368378
1e-07,81,p4,"K_ads,2",322.1384173924019,558.532,-0.42324089328381925,0.1859078287452212,2724.8993003368378
1e-07,81,p5,A2,0.10000164378004774,0.7439,-0.8655711200698377,0.1859078287452212,2724.8993003368378
1e-07,81,p6,E2,145182.34644368978,40000.0,2.6295586610922443,0.1859078287452212,2724.8993003368378
1e-07,81,p7,"K_ads,3",26303.783479599562,17197.0,0.5295565203000269,0.1859078287452212,2724.8993003368378
1e-07,81,p8,"K_ads,4",149592.48757066324,124119.0,0.20523439256409773,0.1859078287452212,2724.8993003368378
1e-07,81,p9,Inhibition / adsorption,96593.50474748702,98084.0,-0.015196109992587756,0.1859078287452212,2724.8993003368378
1e-05,82,p1,A1,98627.79865318141,15672.02,5.293240989558551,0.18692464515696341,2132.9608252048492
1e-05,82,p2,E1,9885.475626014972,3453.38,1.8625507838740514,0.18692464515696341,2132.9608252048492
1e-05,82,p3,"K_ads,1",92.51583148331916,30.836,2.000253972088441,0.18692464515696341,2132.9608252048492
1e-05,82,p4,"K_ads,2",320.7391232932873,558.532,-0.42574620022973203,0.18692464515696341,2132.9608252048492
1e-05,82,p5,A2,0.10000141797993334,0.7439,-0.865571423605413,0.18692464515696341,2132.9608252048492
1e-05,82,p6,E2,145815.40920309463,40000.0,2.6453852300773657,0.18692464515696341,2132.9608252048492
1e-05,82,p7,"K_ads,3",26708.72884330759,17197.0,0.5531039625113443,0.18692464515696341,2132.9608252048492
1e-05,82,p8,"K_ads,4",149594.00994986345,124119.0,0.2052466580448074,0.18692464515696341,2132.9608252048492
1e-05,82,p9,Inhibition / adsorption,96377.27336920223,98084.0,-0.0174006630112737,0.18692464515696341,2132.9608252048492
1e-06,82,p1,A1,98626.991367003,15672.02,5.2931894782550675,0.3679436429688843,2786.1861701011658
1e-06,82,p2,E1,9885.22127006553,3453.38,1.8624771296716633,0.3679436429688843,2786.1861701011658
1e-06,82,p3,"K_ads,1",133.17431881073415,30.836,3.3187935792818184,0.3679436429688843,2786.1861701011658
1e-06,82,p4,"K_ads,2",149.52962020394656,558.532,-0.7322810148676413,0.3679436429688843,2786.1861701011658
1e-06,82,p5,A2,0.10000166376656994,0.7439,-0.8655710932026214,0.3679436429688843,2786.1861701011658
1e-06,82,p6,E2,149588.88057085717,40000.0,2.7397220142714294,0.3679436429688843,2786.1861701011658
1e-06,82,p7,"K_ads,3",90287.10335736492,17197.0,4.250165921809904,0.3679436429688843,2786.1861701011658
1e-06,82,p8,"K_ads,4",17009.74127903312,124119.0,-0.8629561849593285,0.3679436429688843,2786.1861701011658
1e-06,82,p9,Inhibition / adsorption,95003.02234397366,98084.0,-0.03141162326196262,0.3679436429688843,2786.1861701011658
1e-07,82,p1,A1,98626.99137651247,15672.02,5.293189478861848,0.36794917339318384,2769.631021976471
1e-07,82,p2,E1,9885.221287015485,3453.38,1.8624771345798856,0.36794917339318384,2769.631021976471
1e-07,82,p3,"K_ads,1",133.16963510712264,30.836,3.3186416885174035,0.36794917339318384,2769.631021976471
1e-07,82,p4,"K_ads,2",149.53544181497594,558.532,-0.7322705918103601,0.36794917339318384,2769.631021976471
1e-07,82,p5,A2,0.10000166376236276,0.7439,-0.865571093208277,0.36794917339318384,2769.631021976471
1e-07,82,p6,E2,149588.88069544948,40000.0,2.739722017386237,0.36794917339318384,2769.631021976471
1e-07,82,p7,"K_ads,3",90288.52652273922,17197.0,4.250248678417121,0.36794917339318384,2769.631021976471
1e-07,82,p8,"K_ads,4",17008.787291223143,124119.0,-0.8629638710332573,0.36794917339318384,2769.631021976471
1e-07,82,p9,Inhibition / adsorption,95001.10348355415,98084.0,-0.031431186701662346,0.36794917339318384,2769.631021976471
1e-05,83,p1,A1,98627.06067008189,15672.02,5.293193900344811,0.18741679370404027,2809.1365678310394
1e-05,83,p2,E1,9885.22294607426,3453.38,1.8624776149958184,0.18741679370404027,2809.1365678310394
1e-05,83,p3,"K_ads,1",92.8959518180553,30.836,2.0125811330281262,0.18741679370404027,2809.1365678310394
1e-05,83,p4,"K_ads,2",318.5107815448166,558.532,-0.4297358404803725,0.18741679370404027,2809.1365678310394
1e-05,83,p5,A2,0.10000164450562883,0.7439,-0.8655711190944632,0.18741679370404027,2809.1365678310394
1e-05,83,p6,E2,145968.22946165927,40000.0,2.649205736541482,0.18741679370404027,2809.1365678310394
1e-05,83,p7,"K_ads,3",26974.7120272384,17197.0,0.5685707988159796,0.18741679370404027,2809.1365678310394
1e-05,83,p8,"K_ads,4",149592.50472132754,124119.0,0.2052345307432991,0.18741679370404027,2809.1365678310394
1e-05,83,p9,Inhibition / adsorption,96411.96754050523,98084.0,-0.017046944042807943,0.18741679370404027,2809.1365678310394
1e-06,83,p1,A1,98626.99247185611,15672.02,5.293189548753517,0.36747431228591615,2825.9569821357727
1e-06,83,p2,E1,9885.221225393323,3453.38,1.8624771167358711,0.36747431228591615,2825.9569821357727
1e-06,83,p3,"K_ads,1",133.1198050722577,30.836,3.3170257190380625,0.36747431228591615,2825.9569821357727
1e-06,83,p4,"K_ads,2",150.02463680020435,558.532,-0.7313947333363096,0.36747431228591615,2825.9569821357727
1e-06,83,p5,A2,0.10000166346687803,0.7439,-0.8655710936054873,0.36747431228591615,2825.9569821357727
1e-06,83,p6,E2,149588.88450592413,40000.0,2.7397221126481033,0.36747431228591615,2825.9569821357727
1e-06,83,p7,"K_ads,3",90372.57170146384,17197.0,4.255135878435997,0.36747431228591615,2825.9569821357727
1e-06,83,p8,"K_ads,4",17119.437092548626,124119.0,-0.8620723894605288,0.36747431228591615,2825.9569821357727
1e-06,83,p9,Inhibition / adsorption,95046.43075934569,98084.0,-0.030969059588254043,0.36747431228591615,2825.9569821357727
1e-07,83,p1,A1,98626.99251311923,15672.02,5.293189551386434,0.36737772524191586,2792.3358569145203
1e-07,83,p2,E1,9885.221262656487,3453.38,1.8624771275262169,0.36737772524191586,2792.3358569145203
1e-07,83,p3,"K_ads,1",133.11466276410744,30.836,3.3168589558991908,0.36737772524191586,2792.3358569145203
1e-07,83,p4,"K_ads,2",150.06738167018796,558.532,-0.7313182025914577,0.36737772524191586,2792.3358569145203
1e-07,83,p5,A2,0.10000166345221033,0.7439,-0.8655710936252046,0.36737772524191586,2792.3358569145203
1e-07,83,p6,E2,149588.88537684694,40000.0,2.7397221344211737,0.36737772524191586,2792.3358569145203
1e-07,83,p7,"K_ads,3",90370.4525653016,17197.0,4.255012651352073,0.36737772524191586,2792.3358569145203
1e-07,83,p8,"K_ads,4",17139.201489256986,124119.0,-0.861913151981107,0.36737772524191586,2792.3358569145203
1e-07,83,p9,Inhibition / adsorption,95051.7077624332,98084.0,-0.030915258732992116,0.36737772524191586,2792.3358569145203
1e-05,84,p1,A1,98626.9941114019,15672.02,5.293189653369629,0.364590291984133,2897.2404499053955
1e-05,84,p2,E1,9885.221864512008,3453.38,1.8624773018063485,0.364590291984133,2897.2404499053955
1e-05,84,p3,"K_ads,1",132.8466038833822,30.836,3.3081659061934814,0.364590291984133,2897.2404499053955
1e-05,84,p4,"K_ads,2",151.91363009144882,558.532,-0.7280126651804215,0.364590291984133,2897.2404499053955
1e-05,84,p5,A2,0.10000166295579314,0.7439,-0.8655710942925217,0.364590291984133,2897.2404499053955
1e-05,84,p6,E2,149588.91000730474,40000.0,2.7397227501826187,0.364590291984133,2897.2404499053955
1e-05,84,p7,"K_ads,3",90428.98872191878,17197.0,4.2584165099679465,0.364590291984133,2897.2404499053955
1e-05,84,p8,"K_ads,4",17741.179935047734,124119.0,-0.8570631415412004,0.364590291984133,2897.2404499053955
1e-05,84,p9,Inhibition / adsorption,94845.63392014196,98084.0,-0.03301625219055135,0.364590291984133,2897.2404499053955
1e-06,84,p1,A1,98627.78686840166,15672.02,5.293240237595514,0.36404242276805854,2927.918999195099
1e-06,84,p2,E1,9885.475658190937,3453.38,1.86255079319129,0.36404242276805854,2927.918999195099
1e-06,84,p3,"K_ads,1",132.70209755438918,30.836,3.3034796197428067,0.36404242276805854,2927.918999195099
1e-06,84,p4,"K_ads,2",152.42958893285743,558.532,-0.7270888884918726,0.36404242276805854,2927.918999195099
1e-06,84,p5,A2,0.1000014212306222,0.7439,-0.8655714192356202,0.36404242276805854,2927.918999195099
1e-06,84,p6,E2,149593.3573454609,40000.0,2.7398339336365227,0.36404242276805854,2927.918999195099
1e-06,84,p7,"K_ads,3",90488.2368055958,17197.0,4.26186176691259,0.36404242276805854,2927.918999195099
1e-06,84,p8,"K_ads,4",17869.38739953511,124119.0,-0.8560302016650545,0.36404242276805854,2927.918999195099
1e-06,84,p9,Inhibition / adsorption,95112.80971712299,98084.0,-0.030292303361170128,0.36404242276805854,2927.918999195099
1e-07,84,p1,A1,98626.9979215193,15672.02,5.293189896485539,0.3641042792520482,2843.2353143692017
1e-07,84,p2,E1,9885.221745512967,3453.38,1.8624772673476322,0.3641042792520482,2843.2353143692017
1e-07,84,p3,"K_ads,1",132.71570017863033,30.836,3.303920747782797,0.3641042792520482,2843.2353143692017
1e-07,84,p4,"K_ads,2",152.3702689461655,558.532,-0.7271950954535004,0.3641042792520482,2843.2353143692017
1e-07,84,p5,A2,0.10000166191868413,0.7439,-0.8655710956866728,0.3641042792520482,2843.2353143692017
1e-07,84,p6,E2,149588.90866900634,40000.0,2.7397227167251583,0.3641042792520482,2843.2353143692017
1e-07,84,p7,"K_ads,3",90482.71996585817,17197.0,4.2615409644622995,0.3641042792520482,2843.2353143692017
1e-07,84,p8,"K_ads,4",17854.62224167996,124119.0,-0.856149161355796,0.3641042792520482,2843.2353143692017
1e-07,84,p9,Inhibition / adsorption,95108.31874600958,98084.0,-0.030338090351029936,0.3641042792520482,2843.2353143692017
1e-05,85,p1,A1,98627.00386395081,15672.02,5.2931902756601135,0.3616611999450771,2925.709740638733
1e-05,85,p2,E1,9885.2218049229,3453.38,1.8624772845510482,0.3616611999450771,2925.709740638733
1e-05,85,p3,"K_ads,1",132.2997889045385,30.836,3.290432900004492,0.3616611999450771,2925.709740638733
1e-05,85,p4,"K_ads,2",154.24490389547077,558.532,-0.7238387345837467,0.3616611999450771,2925.709740638733
1e-05,85,p5,A2,0.10000166027454103,0.7439,-0.8655710978968396,0.3616611999450771,2925.709740638733
1e-05,85,p6,E2,149588.91317834557,40000.0,2.739722829458639,0.3616611999450771,2925.709740638733
1e-05,85,p7,"K_ads,3",90561.08444302222,17197.0,4.266097833518766,0.3616611999450771,2925.709740638733
1e-05,85,p8,"K_ads,4",18412.784104983075,124119.0,-0.8516521716660377,0.3616611999450771,2925.709740638733
1e-05,85,p9,Inhibition / adsorption,94973.28277491321,98084.0,-0.031714828362289345,0.3616611999450771,2925.709740638733
1e-06,85,p1,A1,98627.00668515745,15672.02,5.293190455675621,0.3610074950620909,2912.3693289756775
1e-06,85,p2,E1,9885.222214320394,3453.38,1.8624774031008444,0.3610074950620909,2912.3693289756775
1e-06,85,p3,"K_ads,1",132.1578268170801,30.836,3.285829122359583,0.3610074950620909,2912.3693289756775
1e-06,85,p4,"K_ads,2",154.90929584023678,558.532,-0.7226492021222835,0.3610074950620909,2912.3693289756775
1e-06,85,p5,A2,0.10000165945915854,0.7439,-0.8655710989929312,0.3610074950620909,2912.3693289756775
1e-06,85,p6,E2,149588.922666791,40000.0,2.739723066669775,0.3610074950620909,2912.3693289756775
1e-06,85,p7,"K_ads,3",90594.05595321005,17197.0,4.2680151161952695,0.3610074950620909,2912.3693289756775
1e-06,85,p8,"K_ads,4",18566.7337582602,124119.0,-0.8504118325295869,0.3610074950620909,2912.3693289756775
1e-06,85,p9,Inhibition / adsorption,95184.8762566798,98084.0,-0.029557560288326373,0.3610074950620909,2912.3693289756775
1e-07,85,p1,A1,98627.00641207013,15672.02,5.29319043825047,0.36103436577817855,2953.5804603099823
1e-07,85,p2,E1,9885.222250715775,3453.38,1.862477413639905,0.36103436577817855,2953.5804603099823
1e-07,85,p3,"K_ads,1",132.15912255924002,30.836,3.285871142795435,0.36103436577817855,2953.5804603099823
1e-07,85,p4,"K_ads,2",154.88475365949287,558.532,-0.722693142631948,0.36103436577817855,2953.5804603099823
1e-07,85,p5,A2,0.1000016595311984,0.7439,-0.8655710988960903,0.36103436577817855,2953.5804603099823
1e-07,85,p6,E2,149588.9235762221,40000.0,2.7397230894055524,0.36103436577817855,2953.5804603099823
1e-07,85,p7,"K_ads,3",90592.86290793109,17197.0,4.26794574099733,0.36103436577817855,2953.5804603099823
1e-07,85,p8,"K_ads,4",18560.375480363924,124119.0,-0.8504630598025771,0.36103436577817855,2953.5804603099823
1e-07,85,p9,Inhibition / adsorption,95175.36054120374,98084.0,-0.029654576269282012,0.36103436577817855,2953.5804603099823
1e-05,86,p1,A1,98627.03732848613,15672.02,5.293192410964644,0.3682283846314653,2228.7553679943085
1e-05,86,p2,E1,9885.229396243709,3453.38,1.8624794827802642,0.3682283846314653,2228.7553679943085
1e-05,86,p3,"K_ads,1",136.32090780792888,30.836,3.420836289010536,0.3682283846314653,2228.7553679943085
1e-05,86,p4,"K_ads,2",143.12014006284096,558.532,-0.7437565975399065,0.3682283846314653,2228.7553679943085
1e-05,86,p5,A2,0.10000165035554462,0.7439,-0.8655711112306161,0.3682283846314653,2228.7553679943085
1e-05,86,p6,E2,149588.98581434425,40000.0,2.7397246453586064,0.3682283846314653,2228.7553679943085
1e-05,86,p7,"K_ads,3",89036.56552377885,17197.0,4.177447550373835,0.3682283846314653,2228.7553679943085
1e-05,86,p8,"K_ads,4",16787.41531916585,124119.0,-0.8647474172434046,0.3682283846314653,2228.7553679943085
1e-05,86,p9,Inhibition / adsorption,94626.07474652682,98084.0,-0.03525473322329002,0.3682283846314653,2228.7553679943085
1e-06,86,p1,A1,98627.79363382126,15672.02,5.2932406692833,0.3678075305347626,3546.4017984867096
1e-06,86,p2,E1,9885.477037987328,3453.38,1.86255119274083,0.3678075305347626,3546.4017984867096
1e-06,86,p3,"K_ads,1",136.32147090634072,30.836,3.420854550082395,0.3678075305347626,3546.4017984867096
1e-06,86,p4,"K_ads,2",143.24488254737804,558.532,-0.7435332576336217,0.3678075305347626,3546.4017984867096
1e-06,86,p5,A2,0.10000141923956885,0.7439,-0.8655714219121269,0.3678075305347626,3546.4017984867096
1e-06,86,p6,E2,149593.3709084938,40000.0,2.739834272712345,0.3678075305347626,3546.4017984867096
1e-06,86,p7,"K_ads,3",89002.06952814292,17197.0,4.175441619360523,0.3678075305347626,3546.4017984867096
1e-06,86,p8,"K_ads,4",16867.85991082235,124119.0,-0.8640992925271526,0.3678075305347626,3546.4017984867096
1e-06,86,p9,Inhibition / adsorption,94701.72831158806,98084.0,-0.034483419195913134,0.3678075305347626,3546.4017984867096
1e-07,86,p1,A1,98627.06762262425,15672.02,5.293194343972522,0.19304824033483384,2965.0200374126434
1e-07,86,p2,E1,9885.23899344506,3453.38,1.8624822618550696,0.19304824033483384,2965.0200374126434
1e-07,86,p3,"K_ads,1",98.38539135241368,30.836,2.1906016134522535,0.19304824033483384,2965.0200374126434
1e-07,86,p4,"K_ads,2",300.35349995660727,558.532,-0.4622447774583959,0.19304824033483384,2965.0200374126434
1e-07,86,p5,A2,0.10000164120811636,0.7439,-0.8655711235271993,0.19304824033483384,2965.0200374126434
1e-07,86,p6,E2,146843.89629577717,40000.0,2.6710974073944294,0.19304824033483384,2965.0200374126434
1e-07,86,p7,"K_ads,3",30288.617462369628,17197.0,0.7612733303698103,0.19304824033483384,2965.0200374126434
1e-07,86,p8,"K_ads,4",149592.57211494356,124119.0,0.2052350737191208,0.19304824033483384,2965.0200374126434
1e-07,86,p9,Inhibition / adsorption,95381.54634696047,98084.0,-0.02755244130581468,0.19304824033483384,2965.0200374126434
1e-05,87,p1,A1,98627.10892264487,15672.02,5.293196979243573,0.19348336939658872,2995.0902321338654
1e-05,87,p2,E1,9885.238700939346,3453.38,1.8624821771537872,0.19348336939658872,2995.0902321338654
1e-05,87,p3,"K_ads,1",100.17513152826206,30.836,2.248642221048841,0.19348336939658872,2995.0902321338654
1e-05,87,p4,"K_ads,2",293.75603336740403,558.532,-0.4740569325170196,0.19348336939658872,2995.0902321338654
1e-05,87,p5,A2,0.10000162974069526,0.7439,-0.8655711389424717,0.19348336939658872,2995.0902321338654
1e-05,87,p6,E2,146060.85805546082,40000.0,2.6515214513865204,0.19348336939658872,2995.0902321338654
1e-05,87,p7,"K_ads,3",30877.97055955547,17197.0,0.7955440227688242,0.19348336939658872,2995.0902321338654
1e-05,87,p8,"K_ads,4",149592.5708535456,124119.0,0.2052350635563096,0.19348336939658872,2995.0902321338654
1e-05,87,p9,Inhibition / adsorption,95225.91896536166,98084.0,-0.029139115805211214,0.19348336939658872,2995.0902321338654
1e-06,87,p1,A1,98627.07861592394,15672.02,5.293195045432811,0.3751431280355979,3015.7697496414185
1e-06,87,p2,E1,9885.230671749654,3453.38,1.8624798521302763,0.3751431280355979,3015.7697496414185
1e-06,87,p3,"K_ads,1",138.88098315290873,30.836,3.503858579352339,0.3751431280355979,3015.7697496414185
1e-06,87,p4,"K_ads,2",135.2258975408398,558.532,-0.7578905102288861,0.3751431280355979,3015.7697496414185
1e-06,87,p5,A2,0.10000163878919446,0.7439,-0.8655711267788756,0.3751431280355979,3015.7697496414185
1e-06,87,p6,E2,149589.01384697173,40000.0,2.739725346174293,0.3751431280355979,3015.7697496414185
1e-06,87,p7,"K_ads,3",88011.31906133548,17197.0,4.117829799461271,0.3751431280355979,3015.7697496414185
1e-06,87,p8,"K_ads,4",15341.172164205636,124119.0,-0.8763994862655545,0.3751431280355979,3015.7697496414185
1e-06,87,p9,Inhibition / adsorption,94095.6317936345,98084.0,-0.040662780946591696,0.3751431280355979,3015.7697496414185
1e-07,87,p1,A1,98627.07814743636,15672.02,5.293195015539564,0.37520888989709605,3012.3283495903015
1e-07,87,p2,E1,9885.23064857167,3453.38,1.8624798454185958,0.37520888989709605,3012.3283495903015
1e-07,87,p3,"K_ads,1",138.88684985929126,30.836,3.504048834456196,0.37520888989709605,3012.3283495903015
1e-07,87,p4,"K_ads,2",135.19796985895783,558.532,-0.7579405121658959,0.37520888989709605,3012.3283495903015
1e-07,87,p5,A2,0.1000016389215079,0.7439,-0.865571126601011,0.37520888989709605,3012.3283495903015
1e-07,87,p6,E2,149589.01334405906,40000.0,2.7397253336014766,0.37520888989709605,3012.3283495903015
1e-07,87,p7,"K_ads,3",88010.03938787805,17197.0,4.1177553868627115,0.37520888989709605,3012.3283495903015
1e-07,87,p8,"K_ads,4",15329.223065847047,124119.0,-0.8764957575725952,0.37520888989709605,3012.3283495903015
1e-07,87,p9,Inhibition / adsorption,94075.07346696233,98084.0,-0.040872380133739096,0.37520888989709605,3012.3283495903015
1e-05,88,p1,A1,98627.19197252684,15672.02,5.2932022784891055,0.3414915989436837,3006.8799307346344
1e-05,88,p2,E1,9885.246420518873,3453.38,1.8624844125230566,0.3414915989436837,3006.8799307346344
1e-05,88,p3,"K_ads,1",133.07336446061356,30.836,3.3155196672919174,0.3414915989436837,3006.8799307346344
1e-05,88,p4,"K_ads,2",164.61493653822782,558.532,-0.7052721481701535,0.3414915989436837,3006.8799307346344
1e-05,88,p5,A2,0.10000160578094172,0.7439,-0.8655711711507706,0.3414915989436837,3006.8799307346344
1e-05,88,p6,E2,149589.14299412532,40000.0,2.739728574853133,0.3414915989436837,3006.8799307346344
1e-05,88,p7,"K_ads,3",88471.21138770299,17197.0,4.1445723898181654,0.3414915989436837,3006.8799307346344
1e-05,88,p8,"K_ads,4",23394.738518236903,124119.0,-0.8115136399887455,0.3414915989436837,3006.8799307346344
1e-05,88,p9,Inhibition / adsorption,91948.06312351182,98084.0,-0.062557979655073,0.3414915989436837,3006.8799307346344
1e-06,88,p1,A1,98627.19145242148,15672.02,5.293202245302231,0.3414616800915152,2987.9694085121155
1e-06,88,p2,E1,9885.246296455212,3453.38,1.8624843765977714,0.3414616800915152,2987.9694085121155
1e-06,88,p3,"K_ads,1",132.99761377428425,30.836,3.3130631007356417,0.3414616800915152,2987.9694085121155
1e-06,88,p4,"K_ads,2",164.84224547766104,558.532,-0.7048651724920667,0.3414616800915152,2987.9694085121155
1e-06,88,p5,A2,0.10000160593632726,0.7439,-0.8655711709418911,0.3414616800915152,2987.9694085121155
1e-06,88,p6,E2,149589.13922619866,40000.0,2.7397284806549664,0.3414616800915152,2987.9694085121155
1e-06,88,p7,"K_ads,3",88514.54959864286,17197.0,4.147092492797747,0.3414616800915152,2987.9694085121155
1e-06,88,p8,"K_ads,4",23416.853881240037,124119.0,-0.8113354612811895,0.3414616800915152,2987.9694085121155
1e-06,88,p9,Inhibition / adsorption,91675.15462739815,98084.0,-0.06534037531709401,0.3414616800915152,2987.9694085121155
1e-07,88,p1,A1,98627.82208792413,15672.02,5.293242484882238,0.3414886795226071,3100.874745130539
1e-07,88,p2,E1,9885.480116451607,3453.38,1.8625520841759686,0.3414886795226071,3100.874745130539
1e-07,88,p3,"K_ads,1",132.99741056528646,30.836,3.313056510743497,0.3414886795226071,3100.874745130539
1e-07,88,p4,"K_ads,2",164.82917638965768,558.532,-0.704888571488012,0.3414886795226071,3100.874745130539
1e-07,88,p5,A2,0.10000141104340945,0.7439,-0.865571432929951,0.3414886795226071,3100.874745130539
1e-07,88,p6,E2,149593.39914532364,40000.0,2.739834978633091,0.3414886795226071,3100.874745130539
1e-07,88,p7,"K_ads,3",88516.09075097524,17197.0,4.147182110308498,0.3414886795226071,3100.874745130539
1e-07,88,p8,"K_ads,4",23409.20666230506,124119.0,-0.8113970732739946,0.3414886795226071,3100.874745130539
1e-07,88,p9,Inhibition / adsorption,91685.98538769699,98084.0,-0.06522995200341558,0.3414886795226071,3100.874745130539
1e-05,89,p1,A1,98627.20235900869,15672.02,5.2932029412295725,0.19741996995481984,3041.076959133148
1e-05,89,p2,E1,9885.267767403273,3453.38,1.8624905939697551,0.19741996995481984,3041.076959133148
1e-05,89,p3,"K_ads,1",99.3241382586222,30.836,2.221044826132514,0.19741996995481984,3041.076959133148
1e-05,89,p4,"K_ads,2",308.2309785778124,558.532,-0.4481408789866787,0.19741996995481984,3041.076959133148
1e-05,89,p5,A2,0.10000160133509853,0.7439,-0.8655711771271697,0.19741996995481984,3041.076959133148
1e-05,89,p6,E2,149589.33308607107,40000.0,2.739733327151777,0.19741996995481984,3041.076959133148
1e-05,89,p7,"K_ads,3",32165.260862604082,17197.0,0.870399538442989,0.19741996995481984,3041.076959133148
1e-05,89,p8,"K_ads,4",146298.10553400402,124119.0,0.17869226737247335,0.19741996995481984,3041.076959133148
1e-05,89,p9,Inhibition / adsorption,94442.03203237666,98084.0,-0.03713111177789788,0.19741996995481984,3041.076959133148
1e-06,89,p1,A1,98627.1776134413,15672.02,5.293201362264806,0.3434425044740226,2980.530421257019
1e-06,89,p2,E1,9885.24474793302,3453.38,1.862483928190069,0.3434425044740226,2980.530421257019
1e-06,89,p3,"K_ads,1",133.82525090948704,30.836,3.33990306490748,0.3434425044740226,2980.530421257019
1e-06,89,p4,"K_ads,2",162.21918755260606,558.532,-0.7095615156291742,0.3434425044740226,2980.530421257019
1e-06,89,p5,A2,0.10000160994879483,0.7439,-0.8655711655480645,0.3434425044740226,2980.530421257019
1e-06,89,p6,E2,149589.11437011414,40000.0,2.7397278592528536,0.3434425044740226,2980.530421257019
1e-06,89,p7,"K_ads,3",88145.22601456038,17197.0,4.125616445575413,0.3434425044740226,2980.530421257019
1e-06,89,p8,"K_ads,4",22708.771381038943,124119.0,-0.8170403291918326,0.3434425044740226,2980.530421257019
1e-06,89,p9,Inhibition / adsorption,93569.45779637255,98084.0,-0.04602730520398285,0.3434425044740226,2980.530421257019
1e-07,89,p1,A1,98627.17728987407,15672.02,5.2932013416186345,0.34344486341143865,3080.9893357753754
1e-07,89,p2,E1,9885.244797952077,3453.38,1.8624839426741557,0.34344486341143865,3080.9893357753754
1e-07,89,p3,"K_ads,1",133.83263284840467,30.836,3.340142458438341,0.34344486341143865,3080.9893357753754
1e-07,89,p4,"K_ads,2",162.18252550166304,558.532,-0.7096271556479073,0.34344486341143865,3080.9893357753754
1e-07,89,p5,A2,0.10000161003641823,0.7439,-0.8655711654302752,0.34344486341143865,3080.9893357753754
1e-07,89,p6,E2,149589.1154508271,40000.0,2.739727886270678,0.34344486341143865,3080.9893357753754
1e-07,89,p7,"K_ads,3",88140.23334014167,17197.0,4.125326123169255,0.34344486341143865,3080.9893357753754
1e-07,89,p8,"K_ads,4",22706.96736115771,124119.0,-0.8170548637907354,0.34344486341143865,3080.9893357753754
1e-07,89,p9,Inhibition / adsorption,93574.93846932286,98084.0,-0.04597142786465821,0.34344486341143865,3080.9893357753754
1e-05,90,p1,A1,98627.22144010548,15672.02,5.29320415875589,0.345804770561942,2336.8507902622223
1e-05,90,p2,E1,9885.240897148406,3453.38,1.8624828131130675,0.345804770561942,2336.8507902622223
1e-05,90,p3,"K_ads,1",133.7351901807861,30.836,3.3369824290046086,0.345804770561942,2336.8507902622223
1e-05,90,p4,"K_ads,2",162.2051134983175,558.532,-0.7095867139245067,0.345804770561942,2336.8507902622223
1e-05,90,p5,A2,0.10000159777889897,0.7439,-0.8655711819076503,0.345804770561942,2336.8507902622223
1e-05,90,p6,E2,149589.0175763642,40000.0,2.7397254394091046,0.345804770561942,2336.8507902622223
1e-05,90,p7,"K_ads,3",88316.17070472041,17197.0,4.135556824139118,0.345804770561942,2336.8507902622223
1e-05,90,p8,"K_ads,4",22052.081842106498,124119.0,-0.8223311351033564,0.345804770561942,2336.8507902622223
1e-05,90,p9,Inhibition / adsorption,103485.3816219872,98084.0,0.0550689370538232,0.345804770561942,2336.8507902622223
1e-06,90,p1,A1,98627.22321880465,15672.02,5.2932042722510975,0.3458763561257953,3051.1221866607666
1e-06,90,p2,E1,9885.240515257032,3453.38,1.8624827025282569,0.3458763561257953,3051.1221866607666
1e-06,90,p3,"K_ads,1",133.8019125845583,30.836,3.3391462117187154,0.3458763561257953,3051.1221866607666
1e-06,90,p4,"K_ads,2",161.98608543614895,558.532,-0.7099788634560795,0.3458763561257953,3051.1221866607666
1e-06,90,p5,A2,0.10000159729902632,0.7439,-0.865571182552727,0.3458763561257953,3051.1221866607666
1e-06,90,p6,E2,149589.02003641787,40000.0,2.739725500910447,0.3458763561257953,3051.1221866607666
1e-06,90,p7,"K_ads,3",88269.71079739816,17197.0,4.132855195522368,0.3458763561257953,3051.1221866607666
1e-06,90,p8,"K_ads,4",22021.208852494987,124119.0,-0.822579872118733,0.3458763561257953,3051.1221866607666
1e-06,90,p9,Inhibition / adsorption,103448.24895384038,98084.0,0.054690356774197375,0.3458763561257953,3051.1221866607666
1e-07,90,p1,A1,98627.2232437759,15672.02,5.293204273844462,0.3458959303182531,3069.6903767585754
1e-07,90,p2,E1,9885.240515761754,3453.38,1.86248270267441,0.3458959303182531,3069.6903767585754
1e-07,90,p3,"K_ads,1",133.80520989190939,30.836,3.3392531421685496,0.3458959303182531,3069.6903767585754
1e-07,90,p4,"K_ads,2",161.9598119822474,558.532,-0.7100259036505565,0.3458959303182531,3069.6903767585754
1e-07,90,p5,A2,0.100001597291933,0.7439,-0.8655711825622624,0.3458959303182531,3069.6903767585754
1e-07,90,p6,E2,149589.0197311572,40000.0,2.73972549327893,0.3458959303182531,3069.6903767585754
1e-07,90,p7,"K_ads,3",88268.5825761068,17197.0,4.132789589818387,0.3458959303182531,3069.6903767585754
1e-07,90,p8,"K_ads,4",22015.294941477187,124119.0,-0.8226275192236709,0.3458959303182531,3069.6903767585754
1e-07,90,p9,Inhibition / adsorption,103436.91605560516,98084.0,0.05457481399214107,0.3458959303182531,3069.6903767585754
1e-05,91,p1,A1,98627.26754543421,15672.02,5.293207100643963,0.3601447325199884,3133.6727747917175
1e-05,91,p2,E1,9885.225368604426,3453.38,1.862478316491213,0.3601447325199884,3133.6727747917175
1e-05,91,p3,"K_ads,1",133.80844698429956,30.836,3.339358119869619,0.3601447325199884,3133.6727747917175
1e-05,91,p4,"K_ads,2",158.7965379040096,558.532,-0.7156894539542773,0.3601447325199884,3133.6727747917175
1e-05,91,p5,A2,0.10000158540073992,0.7439,-0.8655711985471973,0.3601447325199884,3133.6727747917175
1e-05,91,p6,E2,149588.65579502028,40000.0,2.739716394875507,0.3601447325199884,3133.6727747917175
1e-05,91,p7,"K_ads,3",89172.0435149257,17197.0,4.185325551836116,0.3601447325199884,3133.6727747917175
1e-05,91,p8,"K_ads,4",18536.26836166541,124119.0,-0.8506572856559801,0.3601447325199884,3133.6727747917175
1e-05,91,p9,Inhibition / adsorption,106610.91705407378,98084.0,0.08693484211567415,0.3601447325199884,3133.6727747917175
1e-06,91,p1,A1,98627.26681177029,15672.02,5.293207053830347,0.3597896401875426,3118.8421082496643
1e-06,91,p2,E1,9885.225286905757,3453.38,1.8624782928336172,0.3597896401875426,3118.8421082496643
1e-06,91,p3,"K_ads,1",133.77832317580877,30.836,3.338381215975119,0.3597896401875426,3118.8421082496643
1e-06,91,p4,"K_ads,2",159.05341146163536,558.532,-0.7152295455557867,0.3597896401875426,3118.8421082496643
1e-06,91,p5,A2,0.10000158561791536,0.7439,-0.8655711982552555,0.3597896401875426,3118.8421082496643
1e-06,91,p6,E2,149588.65516018184,40000.0,2.739716379004546,0.3597896401875426,3118.8421082496643
1e-06,91,p7,"K_ads,3",89168.03021546458,17197.0,4.1850921797676675,0.3597896401875426,3118.8421082496643
1e-06,91,p8,"K_ads,4",18617.11346227002,124119.0,-0.8500059341255568,0.3597896401875426,3118.8421082496643
1e-06,91,p9,Inhibition / adsorption,106603.53160084691,98084.0,0.0868595448885334,0.3597896401875426,3118.8421082496643
1e-07,91,p1,A1,98627.26690543382,15672.02,5.293207059806829,0.35975896462590834,3110.492301464081
1e-07,91,p2,E1,9885.225331703969,3453.38,1.862478305805897,0.35975896462590834,3110.492301464081
1e-07,91,p3,"K_ads,1",133.78132640628837,30.836,3.3384786096214936,0.35975896462590834,3110.492301464081
1e-07,91,p4,"K_ads,2",159.05015606428103,558.532,-0.7152353740443143,0.35975896462590834,3110.492301464081
1e-07,91,p5,A2,0.10000158558841354,0.7439,-0.8655711982949139,0.35975896462590834,3110.492301464081
1e-07,91,p6,E2,149588.65618179814,40000.0,2.7397164045449536,0.35975896462590834,3110.492301464081
1e-07,91,p7,"K_ads,3",89165.06138937525,17197.0,4.1849195434887045,0.35975896462590834,3110.492301464081
1e-07,91,p8,"K_ads,4",18623.574192803408,124119.0,-0.849953881413777,0.35975896462590834,3110.492301464081
1e-07,91,p9,Inhibition / adsorption,106580.87604398001,98084.0,0.08662856372068849,0.35975896462590834,3110.492301464081
1e-05,92,p1,A1,98627.26552154336,15672.02,5.293206971503569,0.3606725196185599,3119.824557542801
1e-05,92,p2,E1,9885.224564762708,3453.38,1.8624780837216603,0.3606725196185599,3119.824557542801
1e-05,92,p3,"K_ads,1",133.80397842443378,30.836,3.3392132061367814,0.3606725196185599,3119.824557542801
1e-05,92,p4,"K_ads,2",158.8939943842935,558.532,-0.7155149671204274,0.3606725196185599,3119.824557542801
1e-05,92,p5,A2,0.10000158602921261,0.7439,-0.8655711977023623,0.3606725196185599,3119.824557542801
1e-05,92,p6,E2,149588.6331487681,40000.0,2.7397158287192025,0.3606725196185599,3119.824557542801
1e-05,92,p7,"K_ads,3",89292.512808504,17197.0,4.192330802378555,0.3606725196185599,3119.824557542801
1e-05,92,p8,"K_ads,4",18435.197155440605,124119.0,-0.8514715945548981,0.3606725196185599,3119.824557542801
1e-05,92,p9,Inhibition / adsorption,106549.47125987292,98084.0,0.0863083811821798,0.3606725196185599,3119.824557542801
1e-06,92,p1,A1,98627.2673828511,15672.02,5.2932070902698625,0.3610290314539293,3192.72212433815
1e-06,92,p2,E1,9885.224979086775,3453.38,1.862478203698051,0.3610290314539293,3192.72212433815
1e-06,92,p3,"K_ads,1",133.8414652313082,30.836,3.3404288893276757,0.3610290314539293,3192.72212433815
1e-06,92,p4,"K_ads,2",158.71198423549956,558.532,-0.7158408394944255,0.3610290314539293,3192.72212433815
1e-06,92,p5,A2,0.10000158546727511,0.7439,-0.8655711984577563,0.3610290314539293,3192.72212433815
1e-06,92,p6,E2,149588.64070402403,40000.0,2.7397160176006006,0.3610290314539293,3192.72212433815
1e-06,92,p7,"K_ads,3",89310.06287612837,17197.0,4.193351333146966,0.3610290314539293,3192.72212433815
1e-06,92,p8,"K_ads,4",18357.878760664218,124119.0,-0.8520945321774731,0.3610290314539293,3192.72212433815
1e-06,92,p9,Inhibition / adsorption,106642.13752637722,98084.0,0.08725314553216855,0.3610290314539293,3192.72212433815
1e-07,92,p1,A1,98627.26725492161,15672.02,5.29320708210694,0.36097676282237695,3133.9909093379974
1e-07,92,p2,E1,9885.22496451569,3453.38,1.8624781994786817,0.36097676282237695,3133.9909093379974
1e-07,92,p3,"K_ads,1",133.8367541892631,30.836,3.340276111988037,0.36097676282237695,3133.9909093379974
1e-07,92,p4,"K_ads,2",158.7354170107505,558.532,-0.715798885272911,0.36097676282237695,3133.9909093379974
1e-07,92,p5,A2,0.10000158550520578,0.7439,-0.8655711984067673,0.36097676282237695,3133.9909093379974
1e-07,92,p6,E2,149588.64051328978,40000.0,2.7397160128322446,0.36097676282237695,3133.9909093379974
1e-07,92,p7,"K_ads,3",89307.13206575024,17197.0,4.19318090746934,0.36097676282237695,3133.9909093379974
1e-07,92,p8,"K_ads,4",18369.22421784474,124119.0,-0.8520031242771473,0.36097676282237695,3133.9909093379974
1e-07,92,p9,Inhibition / adsorption,106640.06284476428,98084.0,0.08723199344199137,0.36097676282237695,3133.9909093379974
1e-05,93,p1,A1,98627.26648958384,15672.02,5.29320703327228,0.3606805519343956,3131.9131858348846
1e-05,93,p2,E1,9885.225035393985,3453.38,1.8624782200030072,0.3606805519343956,3131.9131858348846
1e-05,93,p3,"K_ads,1",133.7655941269826,30.836,3.337968417660611,0.3606805519343956,3131.9131858348846
1e-05,93,p4,"K_ads,2",159.05175439817154,558.532,-0.7152325123749911,0.3606805519343956,3131.9131858348846
1e-05,93,p5,A2,0.10000158572402046,0.7439,-0.8655711981126222,0.3606805519343956,3131.9131858348846
1e-05,93,p6,E2,149588.64129870306,40000.0,2.7397160324675767,0.3606805519343956,3131.9131858348846
1e-05,93,p7,"K_ads,3",89342.090553292,17197.0,4.195213732237716,0.3606805519343956,3131.9131858348846
1e-05,93,p8,"K_ads,4",18443.772400749855,124119.0,-0.8514025056538496,0.3606805519343956,3131.9131858348846
1e-05,93,p9,Inhibition / adsorption,106837.9517985328,98084.0,0.08924953915554829,0.3606805519343956,3131.9131858348846
1e-06,93,p1,A1,98627.26706710886,15672.02,5.293207070122986,0.36119745579760076,3130.692455291748
1e-06,93,p2,E1,9885.224878882704,3453.38,1.86247817468182,0.36119745579760076,3130.692455291748
1e-06,93,p3,"K_ads,1",133.84926984914156,30.836,3.340681990178414,0.36119745579760076,3130.692455291748
1e-06,93,p4,"K_ads,2",158.65912545752383,558.532,-0.7159354782581413,0.36119745579760076,3130.692455291748
1e-06,93,p5,A2,0.10000158556415274,0.7439,-0.8655711983275269,0.36119745579760076,3130.692455291748
1e-06,93,p6,E2,149588.63720677354,40000.0,2.7397159301693383,0.36119745579760076,3130.692455291748
1e-06,93,p7,"K_ads,3",89318.85934125495,17197.0,4.193862844755187,0.36119745579760076,3130.692455291748
1e-06,93,p8,"K_ads,4",18321.24210566535,124119.0,-0.8523897058011638,0.36119745579760076,3130.692455291748
1e-06,93,p9,Inhibition / adsorption,106658.31042734145,98084.0,0.08741803380104247,0.36119745579760076,3130.692455291748
1e-07,93,p1,A1,98627.2670698248,15672.02,5.293207070296285,0.36112083773036496,3204.4417192935944
1e-07,93,p2,E1,9885.224895378224,3453.38,1.8624781794584504,0.36112083773036496,3204.4417192935944
1e-07,93,p3,"K_ads,1",133.84158588595145,30.836,3.3404328021128373,0.36112083773036496,3204.4417192935944
1e-07,93,p4,"K_ads,2",158.70874473129211,558.532,-0.7158466395277404,0.36112083773036496,3204.4417192935944
1e-07,93,p5,A2,0.1000015855625033,0.7439,-0.8655711983297443,0.36112083773036496,3204.4417192935944
1e-07,93,p6,E2,149588.6378112651,40000.0,2.7397159452816275,0.36112083773036496,3204.4417192935944
1e-07,93,p7,"K_ads,3",89320.30148694415,17197.0,4.193946705061589,0.36112083773036496,3204.4417192935944
1e-07,93,p8,"K_ads,4",18338.918783479072,124119.0,-0.8522472886223779,0.36112083773036496,3204.4417192935944
1e-07,93,p9,Inhibition / adsorption,106670.91531440982,98084.0,0.08754654494524922,0.36112083773036496,3204.4417192935944
1e-05,94,p1,A1,98627.26367767272,15672.02,5.2932068538499,0.3609156752934004,2441.772229194641
1e-05,94,p2,E1,9885.224966037393,3453.38,1.8624781999193232,0.3609156752934004,2441.772229194641
1e-05,94,p3,"K_ads,1",133.48458942746583,30.836,3.3288555398711197,0.3609156752934004,2441.772229194641
1e-05,94,p4,"K_ads,2",160.8562896257724,558.532,-0.7120016585875609,0.3609156752934004,2441.772229194641
1e-05,94,p5,A2,0.10000158654048487,0.7439,-0.8655711970150761,0.3609156752934004,2441.772229194641
1e-05,94,p6,E2,149588.63313305826,40000.0,2.7397158283264567,0.3609156752934004,2441.772229194641
1e-05,94,p7,"K_ads,3",89954.3012944845,17197.0,4.230813589258853,0.3609156752934004,2441.772229194641
1e-05,94,p8,"K_ads,4",18490.94335222841,124119.0,-0.8510224594765635,0.3609156752934004,2441.772229194641
1e-05,94,p9,Inhibition / adsorption,106649.14598938926,98084.0,0.08732459921484911,0.3609156752934004,2441.772229194641
1e-06,94,p1,A1,98627.26722159177,15672.02,5.29320707998023,0.36073515766937775,3199.2280020713806
1e-06,94,p2,E1,9885.225051873978,3453.38,1.8624782247751415,0.36073515766937775,3199.2280020713806
1e-06,94,p3,"K_ads,1",133.42761181192597,30.836,3.327007777011479,0.36073515766937775,3199.2280020713806
1e-06,94,p4,"K_ads,2",161.08189593592257,558.532,-0.7115977313100725,0.36073515766937775,3199.2280020713806
1e-06,94,p5,A2,0.1000015855068792,0.7439,-0.8655711984045178,0.36073515766937775,3199.2280020713806
1e-06,94,p6,E2,149588.6339315397,40000.0,2.7397158482884922,0.36073515766937775,3199.2280020713806
1e-06,94,p7,"K_ads,3",89975.10068700208,17197.0,4.232023067221148,0.36073515766937775,3199.2280020713806
1e-06,94,p8,"K_ads,4",18536.496469877264,124119.0,-0.8506554478373395,0.36073515766937775,3199.2280020713806
1e-06,94,p9,Inhibition / adsorption,106764.50245186038,98084.0,0.08850069789017959,0.36073515766937775,3199.2280020713806
1e-07,94,p1,A1,98627.26711563785,15672.02,5.2932070732195236,0.36074678992224624,3128.03058385849
1e-07,94,p2,E1,9885.225082728495,3453.38,1.8624782337097263,0.36074678992224624,3128.03058385849
1e-07,94,p3,"K_ads,1",133.42471325256528,30.836,3.326913777810523,0.36074678992224624,3128.03058385849
1e-07,94,p4,"K_ads,2",161.0903766292644,558.532,-0.7115825474113133,0.36074678992224624,3128.03058385849
1e-07,94,p5,A2,0.10000158553605361,0.7439,-0.8655711983652996,0.36074678992224624,3128.03058385849
1e-07,94,p6,E2,149588.63436109494,40000.0,2.7397158590273736,0.36074678992224624,3128.03058385849
1e-07,94,p7,"K_ads,3",89977.72094302173,17197.0,4.232175434263054,0.36074678992224624,3128.03058385849
1e-07,94,p8,"K_ads,4",18534.182274699557,124119.0,-0.8506740928085179,0.36074678992224624,3128.03058385849
1e-07,94,p9,Inhibition / adsorption,106758.31388669477,98084.0,0.08843760334707772,0.36074678992224624,3128.03058385849
1e-05,95,p1,A1,98627.26613281858,15672.02,5.293207010507808,0.3603852612232435,3267.2576422691345
1e-05,95,p2,E1,9885.22457699535,3453.38,1.8624780872638833,0.3603852612232435,3267.2576422691345
1e-05,95,p3,"K_ads,1",133.30430045706652,30.836,3.3230088356812337,0.3603852612232435,3267.2576422691345
1e-05,95,p4,"K_ads,2",162.1692131702624,558.532,-0.7096509901487069,0.3603852612232435,3267.2576422691345
1e-05,95,p5,A2,0.10000158584687172,0.7439,-0.8655711979474773,0.3603852612232435,3267.2576422691345
1e-05,95,p6,E2,149588.6270089115,40000.0,2.739715675222788,0.3603852612232435,3267.2576422691345
1e-05,95,p7,"K_ads,3",90268.38149590447,17197.0,4.249077251608099,0.3603852612232435,3267.2576422691345
1e-05,95,p8,"K_ads,4",18666.294287577086,124119.0,-0.8496096948285349,0.3603852612232435,3267.2576422691345
1e-05,95,p9,Inhibition / adsorption,106637.19482125617,98084.0,0.08720275295926114,0.3603852612232435,3267.2576422691345
1e-06,95,p1,A1,98627.26680275153,15672.02,5.2932070532548785,0.36058294562046794,3214.9410042762756
1e-06,95,p2,E1,9885.225009100152,3453.38,1.8624782123890655,0.36058294562046794,3214.9410042762756
1e-06,95,p3,"K_ads,1",133.34504877377952,30.836,3.324330288421959,0.36058294562046794,3214.9410042762756
1e-06,95,p4,"K_ads,2",161.9914127835573,558.532,-0.7099693253321971,0.36058294562046794,3214.9410042762756
1e-06,95,p5,A2,0.10000158563008703,0.7439,-0.8655711982388937,0.36058294562046794,3214.9410042762756
1e-06,95,p6,E2,149588.63587022808,40000.0,2.739715896755702,0.36058294562046794,3214.9410042762756
1e-06,95,p7,"K_ads,3",90258.84829537204,17197.0,4.248522899073794,0.36058294562046794,3214.9410042762756
1e-06,95,p8,"K_ads,4",18620.18061460306,124119.0,-0.8499812227410545,0.36058294562046794,3214.9410042762756
1e-06,95,p9,Inhibition / adsorption,106789.056643565,98084.0,0.08875103629098524,0.36058294562046794,3214.9410042762756
1e-07,95,p1,A1,98627.26705582014,15672.02,5.293207069402676,0.36062823450257026,3190.0063920021057
1e-07,95,p2,E1,9885.225006993285,3453.38,1.8624782117789773,0.36062823450257026,3190.0063920021057
1e-07,95,p3,"K_ads,1",133.3523803183575,30.836,3.324568047683146,0.36062823450257026,3190.0063920021057
1e-07,95,p4,"K_ads,2",161.95542733409118,558.532,-0.7100337539584283,0.36062823450257026,3190.0063920021057
1e-07,95,p5,A2,0.10000158555667166,0.7439,-0.8655711983375836,0.36062823450257026,3190.0063920021057
1e-07,95,p6,E2,149588.63534287145,40000.0,2.7397158835717863,0.36062823450257026,3190.0063920021057
1e-07,95,p7,"K_ads,3",90257.05686558921,17197.0,4.248418728010073,0.36062823450257026,3190.0063920021057
1e-07,95,p8,"K_ads,4",18609.523198301755,124119.0,-0.8500670872444851,0.36062823450257026,3190.0063920021057
1e-07,95,p9,Inhibition / adsorption,106802.76034940656,98084.0,0.08889075026922388,0.36062823450257026,3190.0063920021057
1e-05,96,p1,A1,98627.2667594164,15672.02,5.293207050489751,0.3575200183914738,3238.851944208145
1e-05,96,p2,E1,9885.226589814441,3453.38,1.8624786701186782,0.3575200183914738,3238.851944208145
1e-05,96,p3,"K_ads,1",132.66453649477012,30.836,3.302261528563047,0.3575200183914738,3238.851944208145
1e-05,96,p4,"K_ads,2",164.40096634100698,558.532,-0.7056552420613197,0.3575200183914738,3238.851944208145
1e-05,96,p5,A2,0.10000158555834335,0.7439,-0.8655711983353362,0.3575200183914738,3238.851944208145
1e-05,96,p6,E2,149588.66152874005,40000.0,2.7397165382185014,0.3575200183914738,3238.851944208145
1e-05,96,p7,"K_ads,3",90163.933482357,17197.0,4.243003633328894,0.3575200183914738,3238.851944208145
1e-05,96,p8,"K_ads,4",19327.491396941616,124119.0,-0.8442825723947049,0.3575200183914738,3238.851944208145
1e-05,96,p9,Inhibition / adsorption,107004.39337855372,98084.0,0.09094646811461322,0.3575200183914738,3238.851944208145
1e-06,96,p1,A1,98627.26728890922,15672.02,5.293207084275621,0.3574218792653658,3235.0718495845795
1e-06,96,p2,E1,9885.226214947425,3453.38,1.8624785615679202,0.3574218792653658,3235.0718495845795
1e-06,96,p3,"K_ads,1",132.57180219950655,30.836,3.2992541898918977,0.3574218792653658,3235.0718495845795
1e-06,96,p4,"K_ads,2",164.5833219514943,558.532,-0.7053287511700416,0.3574218792653658,3235.0718495845795
1e-06,96,p5,A2,0.10000158542390224,0.7439,-0.865571198516061,0.3574218792653658,3235.0718495845795
1e-06,96,p6,E2,149588.65003104144,40000.0,2.739716250776036,0.3574218792653658,3235.0718495845795
1e-06,96,p7,"K_ads,3",90192.0575549808,17197.0,4.244639039075467,0.3574218792653658,3235.0718495845795
1e-06,96,p8,"K_ads,4",19354.588912405587,124119.0,-0.8440642535598452,0.3574218792653658,3235.0718495845795
1e-06,96,p9,Inhibition / adsorption,106835.38129974337,98084.0,0.08922333203930682,0.3574218792653658,3235.0718495845795
1e-07,96,p1,A1,98627.26713945053,15672.02,5.293207074738963,0.35743347337003767,3239.096122264862
1e-07,96,p2,E1,9885.226188996114,3453.38,1.8624785540531634,0.35743347337003767,3239.096122264862
1e-07,96,p3,"K_ads,1",132.57430386125696,30.836,3.2993353178511144,0.35743347337003767,3239.096122264862
1e-07,96,p4,"K_ads,2",164.57349615146003,558.532,-0.705346343358196,0.35743347337003767,3239.096122264862
1e-07,96,p5,A2,0.10000158546859116,0.7439,-0.8655711984559872,0.35743347337003767,3239.096122264862
1e-07,96,p6,E2,149588.64957590683,40000.0,2.739716239397671,0.35743347337003767,3239.096122264862
1e-07,96,p7,"K_ads,3",90190.65776691245,17197.0,4.2445576418510464,0.35743347337003767,3239.096122264862
1e-07,96,p8,"K_ads,4",19351.50219212582,124119.0,-0.8440891225990718,0.35743347337003767,3239.096122264862
1e-07,96,p9,Inhibition / adsorption,106834.09918565686,98084.0,0.08921026044672789,0.35743347337003767,3239.096122264862
1e-05,97,p1,A1,98627.26773036644,15672.02,5.293207112444116,0.3570711927750411,3271.478335618973
1e-05,97,p2,E1,9885.226066849882,3453.38,1.862478518683111,0.3570711927750411,3271.478335618973
1e-05,97,p3,"K_ads,1",132.4516599211783,30.836,3.2953580205337367,0.3570711927750411,3271.478335618973
1e-05,97,p4,"K_ads,2",165.0133436270186,558.532,-0.7045588370460089,0.3570711927750411,3271.478335618973
1e-05,97,p5,A2,0.10000158530302217,0.7439,-0.865571198678556,0.3570711927750411,3271.478335618973
1e-05,97,p6,E2,149588.64386390912,40000.0,2.739716096597728,0.3570711927750411,3271.478335618973
1e-05,97,p7,"K_ads,3",90196.11545610483,17197.0,4.24487500471622,0.3570711927750411,3271.478335618973
1e-05,97,p8,"K_ads,4",19439.368449198268,124119.0,-0.8433812031260463,0.3570711927750411,3271.478335618973
1e-05,97,p9,Inhibition / adsorption,106763.29514345905,98084.0,0.0884883889672021,0.3570711927750411,3271.478335618973
1e-06,97,p1,A1,98627.26902963595,15672.02,5.293207195347884,0.3575373424868829,3285.1949734687805
1e-06,97,p2,E1,9885.226279389412,3453.38,1.8624785802284751,0.3575373424868829,3285.1949734687805
1e-06,97,p3,"K_ads,1",132.54194233925745,30.836,3.29828584574061,0.3575373424868829,3285.1949734687805
1e-06,97,p4,"K_ads,2",164.5731923067035,558.532,-0.7053468873641914,0.3575373424868829,3285.1949734687805
1e-06,97,p5,A2,0.1000015849147757,0.7439,-0.8655711992004628,0.3575373424868829,3285.1949734687805
1e-06,97,p6,E2,149588.64744822014,40000.0,2.7397161862055035,0.3575373424868829,3285.1949734687805
1e-06,97,p7,"K_ads,3",90194.05396459995,17197.0,4.2447551296505175,0.3575373424868829,3285.1949734687805
1e-06,97,p8,"K_ads,4",19326.841119526038,124119.0,-0.8442878115395223,0.3575373424868829,3285.1949734687805
1e-06,97,p9,Inhibition / adsorption,106873.09690683466,98084.0,0.08960785558128401,0.3575373424868829,3285.1949734687805
1e-07,97,p1,A1,98627.26901353762,15672.02,5.293207194320682,0.3575532946880812,3284.7473678588867
1e-07,97,p2,E1,9885.226225047041,3453.38,1.8624785644924802,0.3575532946880812,3284.7473678588867
1e-07,97,p3,"K_ads,1",132.54604626040603,30.836,3.298418934375601,0.3575532946880812,3284.7473678588867
1e-07,97,p4,"K_ads,2",164.55627892943258,558.532,-0.7053771692052871,0.3575532946880812,3284.7473678588867
1e-07,97,p5,A2,0.1000015849229919,0.7439,-0.865571199189418,0.3575532946880812,3284.7473678588867
1e-07,97,p6,E2,149588.64646958723,40000.0,2.739716161739681,0.3575532946880812,3284.7473678588867
1e-07,97,p7,"K_ads,3",90190.21260505906,17197.0,4.24453175583294,0.3575532946880812,3284.7473678588867
1e-07,97,p8,"K_ads,4",19322.22666351174,124119.0,-0.8443249892158997,0.3575532946880812,3284.7473678588867
1e-07,97,p9,Inhibition / adsorption,106868.5731706504,98084.0,0.08956173454029609,0.3575532946880812,3284.7473678588867
1e-05,98,p1,A1,98627.28431922093,15672.02,5.293208170945476,0.3602942941659746,2536.7093703746796
1e-05,98,p2,E1,9885.226245826345,3453.38,1.8624785705095717,0.3602942941659746,2536.7093703746796
1e-05,98,p3,"K_ads,1",132.86007274789057,30.836,3.3086026964551363,0.3602942941659746,2536.7093703746796
1e-05,98,p4,"K_ads,2",162.55624410872554,558.532,-0.7089580469718377,0.3602942941659746,2536.7093703746796
1e-05,98,p5,A2,0.100001580468113,0.7439,-0.8655712051779634,0.3602942941659746,2536.7093703746796
1e-05,98,p6,E2,149588.6237531047,40000.0,2.7397155938276176,0.3602942941659746,2536.7093703746796
1e-05,98,p7,"K_ads,3",90167.24023805824,17197.0,4.243195920105729,0.3602942941659746,2536.7093703746796
1e-05,98,p8,"K_ads,4",18668.663313666413,124119.0,-0.8495906080965331,0.3602942941659746,2536.7093703746796
1e-05,98,p9,Inhibition / adsorption,106933.47001771121,98084.0,0.09022338014060612,0.3602942941659746,2536.7093703746796
1e-06,98,p1,A1,98627.2818269856,15672.02,5.293208011920965,0.3602239820082902,3376.8327610492706
1e-06,98,p2,E1,9885.226258180004,3453.38,1.8624785740868377,0.3602239820082902,3376.8327610492706
1e-06,98,p3,"K_ads,1",132.80395726497082,30.836,3.3067828922354012,0.3602239820082902,3376.8327610492706
1e-06,98,p4,"K_ads,2",162.68721989712057,558.532,-0.7087235469102565,0.3602239820082902,3376.8327610492706
1e-06,98,p5,A2,0.10000158119377944,0.7439,-0.8655712042024742,0.3602239820082902,3376.8327610492706
1e-06,98,p6,E2,149588.62706067978,40000.0,2.7397156765169943,0.3602239820082902,3376.8327610492706
1e-06,98,p7,"K_ads,3",90182.81927361233,17197.0,4.244101835995367,0.3602239820082902,3376.8327610492706
1e-06,98,p8,"K_ads,4",18687.134343134974,124119.0,-0.8494417909978733,0.3602239820082902,3376.8327610492706
1e-06,98,p9,Inhibition / adsorption,106904.51741729022,98084.0,0.08992819845530585,0.3602239820082902,3376.8327610492706
1e-07,98,p1,A1,98627.2818563782,15672.02,5.2932080137964475,0.3602375934954544,3326.297045946121
1e-07,98,p2,E1,9885.226265455683,3453.38,1.8624785761936662,0.3602375934954544,3326.297045946121
1e-07,98,p3,"K_ads,1",132.8202036835272,30.836,3.307309757540771,0.3602375934954544,3326.297045946121
1e-07,98,p4,"K_ads,2",162.64326035871358,558.532,-0.7088022524068208,0.3602375934954544,3326.297045946121
1e-07,98,p5,A2,0.10000158118484756,0.7439,-0.865571204214481,0.3602375934954544,3326.297045946121
1e-07,98,p6,E2,149588.62725712592,40000.0,2.739715681428148,0.3602375934954544,3326.297045946121
1e-07,98,p7,"K_ads,3",90176.04746805089,17197.0,4.2437080576874395,0.3602375934954544,3326.297045946121
1e-07,98,p8,"K_ads,4",18682.990754137078,124119.0,-0.8494751750003056,0.3602375934954544,3326.297045946121
1e-07,98,p9,Inhibition / adsorption,106915.03869767934,98084.0,0.0900354665152251,0.3602375934954544,3326.297045946121
1e-05,99,p1,A1,98627.2985196515,15672.02,5.293209077046321,0.36444594985293993,3376.5021929740906
1e-05,99,p2,E1,9885.22777410144,3453.38,1.8624790130542948,0.36444594985293993,3376.5021929740906
1e-05,99,p3,"K_ads,1",132.8829326724579,30.836,3.309344035298285,0.36444594985293993,3376.5021929740906
1e-05,99,p4,"K_ads,2",160.6097738870232,558.532,-0.7124430222672592,0.36444594985293993,3376.5021929740906
1e-05,99,p5,A2,0.10000157624917698,0.7439,-0.8655712108493387,0.36444594985293993,3376.5021929740906
1e-05,99,p6,E2,149588.6047249457,40000.0,2.7397151181236428,0.36444594985293993,3376.5021929740906
1e-05,99,p7,"K_ads,3",90350.70037801193,17197.0,4.253864068035816,0.36444594985293993,3376.5021929740906
1e-05,99,p8,"K_ads,4",17763.47315151322,124119.0,-0.8568835299066765,0.36444594985293993,3376.5021929740906
1e-05,99,p9,Inhibition / adsorption,106873.25146152674,98084.0,0.0896094313193461,0.36444594985293993,3376.5021929740906
1e-06,99,p1,A1,98627.29935720476,15672.02,5.293209130488906,0.3652971525626187,3376.40980052948
1e-06,99,p2,E1,9885.227975869455,3453.38,1.8624790714805364,0.3652971525626187,3376.40980052948
1e-06,99,p3,"K_ads,1",132.99381478321797,30.836,3.312939900869697,0.3652971525626187,3376.40980052948
1e-06,99,p4,"K_ads,2",160.00692417949102,558.532,-0.7135223690325871,0.3652971525626187,3376.40980052948
1e-06,99,p5,A2,0.10000157599485145,0.7439,-0.8655712111912199,0.3652971525626187,3376.40980052948
1e-06,99,p6,E2,149588.6082775253,40000.0,2.7397152069381323,0.3652971525626187,3376.40980052948
1e-06,99,p7,"K_ads,3",90349.17698902343,17197.0,4.253775483457779,0.3652971525626187,3376.40980052948
1e-06,99,p8,"K_ads,4",17579.750264728602,124119.0,-0.8583637455608844,0.3652971525626187,3376.40980052948
1e-06,99,p9,Inhibition / adsorption,106914.95596255262,98084.0,0.09003462300224926,0.3652971525626187,3376.40980052948
1e-07,99,p1,A1,98627.833413033,15672.02,5.293243207514602,0.1929152439631322,3407.7787578105927
1e-07,99,p2,E1,9885.483023567374,3453.38,1.862552925993483,0.1929152439631322,3407.7787578105927
1e-07,99,p3,"K_ads,1",95.73369387141828,30.836,2.1046080513496657,0.1929152439631322,3407.7787578105927
1e-07,99,p4,"K_ads,2",316.3587394580796,558.532,-0.4335888732282491,0.1929152439631322,3407.7787578105927
1e-07,99,p5,A2,0.10000140764953434,0.7439,-0.8655714374922243,0.1929152439631322,3407.7787578105927
1e-07,99,p6,E2,149593.4065203875,40000.0,2.7398351630096878,0.1929152439631322,3407.7787578105927
1e-07,99,p7,"K_ads,3",29072.687184011193,17197.0,0.6905673771013079,0.1929152439631322,3407.7787578105927
1e-07,99,p8,"K_ads,4",146975.50053810608,124119.0,0.18414989274894317,0.1929152439631322,3407.7787578105927
1e-07,99,p9,Inhibition / adsorption,104932.70249533602,98084.0,0.06982486945206173,0.1929152439631322,3407.7787578105927
1e-05,100,p1,A1,98627.25063018539,15672.02,5.293206021316038,0.40067826045300564,3395.809748649597
1e-05,100,p2,E1,9885.22947352797,3453.38,1.8624795051595742,0.40067826045300564,3395.809748649597
1e-05,100,p3,"K_ads,1",138.07780201101167,30.836,3.4778117139386326,0.40067826045300564,3395.809748649597
1e-05,100,p4,"K_ads,2",137.92777914791384,558.532,-0.7530530405636314,0.40067826045300564,3395.809748649597
1e-05,100,p5,A2,0.10000159008317937,0.7439,-0.8655711922527499,0.40067826045300564,3395.809748649597
1e-05,100,p6,E2,149588.60973988107,40000.0,2.739715243497027,0.40067826045300564,3395.809748649597
1e-05,100,p7,"K_ads,3",89225.29213726587,17197.0,4.188421942040232,0.40067826045300564,3395.809748649597
1e-05,100,p8,"K_ads,4",11568.668778134775,124119.0,-0.906793731998044,0.40067826045300564,3395.809748649597
1e-05,100,p9,Inhibition / adsorption,106860.73040927651,98084.0,0.08948177489984617,0.40067826045300564,3395.809748649597
1e-06,100,p1,A1,98627.83264389899,15672.02,5.293243158437711,0.4001002886498856,3442.065507173538
1e-06,100,p2,E1,9885.477058277344,3453.38,1.8625511986162377,0.4001002886498856,3442.065507173538
1e-06,100,p3,"K_ads,1",137.93436877718233,30.836,3.4731602275646107,0.4001002886498856,3442.065507173538
1e-06,100,p4,"K_ads,2",138.34652726686696,558.532,-0.7523033107022213,0.4001002886498856,3442.065507173538
1e-06,100,p5,A2,0.10000140821952302,0.7439,-0.8655714367260074,0.4001002886498856,3442.065507173538
1e-06,100,p6,E2,149593.30250994407,40000.0,2.7398325627486018,0.4001002886498856,3442.065507173538
1e-06,100,p7,"K_ads,3",89274.77742900915,17197.0,4.191299495784681,0.4001002886498856,3442.065507173538
1e-06,100,p8,"K_ads,4",11648.140329124315,124119.0,-0.906153446860478,0.4001002886498856,3442.065507173538
1e-06,100,p9,Inhibition / adsorption,107124.4481798648,98084.0,0.09217046796485466,0.4001002886498856,3442.065507173538
1e-07,100,p1,A1,98627.83266150879,15672.02,5.293243159561357,0.4001697595707406,3414.580198287964
1e-07,100,p2,E1,9885.477058368138,3453.38,1.8625511986425294,0.4001697595707406,3414.580198287964
1e-07,100,p3,"K_ads,1",137.94509534904412,30.836,3.4735080862966705,0.4001697595707406,3414.580198287964
1e-07,100,p4,"K_ads,2",138.31016689935038,558.532,-0.7523684105846211,0.4001697595707406,3414.580198287964
1e-07,100,p5,A2,0.10000140821441665,0.7439,-0.8655714367328718,0.4001697595707406,3414.580198287964
1e-07,100,p6,E2,149593.30253225125,40000.0,2.7398325633062814,0.4001697595707406,3414.580198287964
1e-07,100,p7,"K_ads,3",89272.33003005206,17197.0,4.191157180325177,0.4001697595707406,3414.580198287964
1e-07,100,p8,"K_ads,4",11638.960424822433,124119.0,-0.9062274073685541,0.4001697595707406,3414.580198287964
1e-07,100,p9,Inhibition / adsorption,107118.99782404884,98084.0,0.0921148997191065,0.4001697595707406,3414.580198287964
1e-05,101,p1,A1,98627.24811266358,15672.02,5.293205860678047,0.4030785701776464,3419.465760946274
1e-05,101,p2,E1,9885.234252356538,3453.38,1.8624808889715403,0.4030785701776464,3419.465760946274
1e-05,101,p3,"K_ads,1",138.02793702194685,30.836,3.4761946109076036,0.4030785701776464,3419.465760946274
1e-05,101,p4,"K_ads,2",137.1369749898686,558.532,-0.7544689024265958,0.4030785701776464,3419.465760946274
1e-05,101,p5,A2,0.10000159053885817,0.7439,-0.865571191640196,0.4030785701776464,3419.465760946274
1e-05,101,p6,E2,149588.68053370982,40000.0,2.7397170133427453,0.4030785701776464,3419.465760946274
1e-05,101,p7,"K_ads,3",89357.64343596181,17197.0,4.1961181273455725,0.4030785701776464,3419.465760946274
1e-05,101,p8,"K_ads,4",11278.11389703036,124119.0,-0.9091346699777604,0.4030785701776464,3419.465760946274
1e-05,101,p9,Inhibition / adsorption,107172.42960132008,98084.0,0.09265965500305942,0.4030785701776464,3419.465760946274
1e-06,101,p1,A1,98627.24717353928,15672.02,5.293205800754419,0.4050180941537996,3451.7046818733215
1e-06,101,p2,E1,9885.234200945051,3453.38,1.8624808740842453,0.4050180941537996,3451.7046818733215
1e-06,101,p3,"K_ads,1",138.12254527085398,30.836,3.479262721197755,0.4050180941537996,3451.7046818733215
1e-06,101,p4,"K_ads,2",136.66226861337537,558.532,-0.7553188203838359,0.4050180941537996,3451.7046818733215
1e-06,101,p5,A2,0.10000159081210111,0.7439,-0.8655711912728846,0.4050180941537996,3451.7046818733215
1e-06,101,p6,E2,149588.67753235507,40000.0,2.739716938308877,0.4050180941537996,3451.7046818733215
1e-06,101,p7,"K_ads,3",89384.69867240841,17197.0,4.197691380613387,0.4050180941537996,3451.7046818733215
1e-06,101,p8,"K_ads,4",11041.683687580227,124119.0,-0.9110395371572424,0.4050180941537996,3451.7046818733215
1e-06,101,p9,Inhibition / adsorption,107123.67883781742,98084.0,0.09216262425897623,0.4050180941537996,3451.7046818733215
1e-07,101,p1,A1,98627.8321283766,15672.02,5.293243125543267,0.4050139238915525,3429.895828962326
1e-07,101,p2,E1,9885.47792998392,3453.38,1.8625514510375107,0.4050139238915525,3429.895828962326
1e-07,101,p3,"K_ads,1",138.11807958994308,30.836,3.479117900828353,0.4050139238915525,3429.895828962326
1e-07,101,p4,"K_ads,2",136.67512426064883,558.532,-0.7552958035338193,0.4050139238915525,3429.895828962326
1e-07,101,p5,A2,0.10000140831867727,0.7439,-0.8655714365927176,0.4050139238915525,3429.895828962326
1e-07,101,p6,E2,149593.31411425275,40000.0,2.7398328528563187,0.4050139238915525,3429.895828962326
1e-07,101,p7,"K_ads,3",89389.84390454108,17197.0,4.197990574201377,0.4050139238915525,3429.895828962326
1e-07,101,p8,"K_ads,4",11042.762662179413,124119.0,-0.9110308440917231,0.4050139238915525,3429.895828962326
1e-07,101,p9,Inhibition / adsorption,107116.55418631637,98084.0,0.09208998599482451,0.4050139238915525,3429.895828962326
1e-05,102,p1,A1,98627.13625194975,15672.02,5.293198723071419,0.193011767993609,2644.3781344890594
1e-05,102,p2,E1,9885.288168811308,3453.38,1.8624965016335613,0.193011767993609,2644.3781344890594
1e-05,102,p3,"K_ads,1",97.62124425990069,30.836,2.1658206077280027,0.193011767993609,2644.3781344890594
1e-05,102,p4,"K_ads,2",301.81022369764963,558.532,-0.4596366480386986,0.193011767993609,2644.3781344890594
1e-05,102,p5,A2,0.1000016176543155,0.7439,-0.8655711551897897,0.193011767993609,2644.3781344890594
1e-05,102,p6,E2,148362.08284884066,40000.0,2.7090520712210164,0.193011767993609,2644.3781344890594
1e-05,102,p7,"K_ads,3",29435.772218598002,17197.0,0.7116806546838403,0.193011767993609,2644.3781344890594
1e-05,102,p8,"K_ads,4",149592.7735325791,124119.0,0.20523669649754753,0.193011767993609,2644.3781344890594
1e-05,102,p9,Inhibition / adsorption,105585.81902781391,98084.0,0.07648361636774507,0.193011767993609,2644.3781344890594
1e-06,102,p1,A1,98627.22285391454,15672.02,5.293204248968196,0.4138335121209844,3442.0482528209686
1e-06,102,p2,E1,9885.258068477224,3453.38,1.862487785438389,0.4138335121209844,3442.0482528209686
1e-06,102,p3,"K_ads,1",140.0105818214187,30.836,3.5404910436314276,0.4138335121209844,3442.0482528209686
1e-06,102,p4,"K_ads,2",128.69455573459066,558.532,-0.769584274966178,0.4138335121209844,3442.0482528209686
1e-06,102,p5,A2,0.10000159622422483,0.7439,-0.8655711839975468,0.4138335121209844,3442.0482528209686
1e-06,102,p6,E2,149591.3669016532,40000.0,2.7397841725413303,0.4138335121209844,3442.0482528209686
1e-06,102,p7,"K_ads,3",88846.36418068464,17197.0,4.166387403656722,0.4138335121209844,3442.0482528209686
1e-06,102,p8,"K_ads,4",10002.356535794777,124119.0,-0.9194131717481225,0.4138335121209844,3442.0482528209686
1e-06,102,p9,Inhibition / adsorption,107064.37331425543,98084.0,0.09155798411826013,0.4138335121209844,3442.0482528209686
1e-07,102,p1,A1,98627.2229591322,15672.02,5.293204255681921,0.41383530783595573,3446.236537218094
1e-07,102,p2,E1,9885.258045616736,3453.38,1.862487778818646,0.41383530783595573,3446.236537218094
1e-07,102,p3,"K_ads,1",140.01104584041758,30.836,3.540506091594811,0.41383530783595573,3446.236537218094
1e-07,102,p4,"K_ads,2",128.69897406432312,558.532,-0.7695763643545525,0.41383530783595573,3446.236537218094
1e-07,102,p5,A2,0.10000159619600457,0.7439,-0.8655711840354825,0.41383530783595573,3446.236537218094
1e-07,102,p6,E2,149591.363965836,40000.0,2.7397840991459,0.41383530783595573,3446.236537218094
1e-07,102,p7,"K_ads,3",88849.39657595384,17197.0,4.166563736462979,0.41383530783595573,3446.236537218094
1e-07,102,p8,"K_ads,4",10002.361544729465,124119.0,-0.9194131313922166,0.41383530783595573,3446.236537218094
1e-07,102,p9,Inhibition / adsorption,107059.52061713995,98084.0,0.09150850920782133,0.41383530783595573,3446.236537218094
1e-05,103,p1,A1,98627.20443893237,15672.02,5.2932030739453095,0.4139561012866258,3513.4902954101562
1e-05,103,p2,E1,9885.292266119002,3453.38,1.86249768809659,0.4139561012866258,3513.4902954101562
1e-05,103,p3,"K_ads,1",138.31450584685493,30.836,3.485487931212055,0.4139561012866258,3513.4902954101562
1e-05,103,p4,"K_ads,2",136.1793927516771,558.532,-0.7561833650503872,0.4139561012866258,3513.4902954101562
1e-05,103,p5,A2,0.10000159852192282,0.7439,-0.865571180908828,0.4139561012866258,3513.4902954101562
1e-05,103,p6,E2,149593.96392319302,40000.0,2.7398490980798256,0.4139561012866258,3513.4902954101562
1e-05,103,p7,"K_ads,3",89114.18339110714,17197.0,4.181961004309307,0.4139561012866258,3513.4902954101562
1e-05,103,p8,"K_ads,4",10000.166161306772,124119.0,-0.9194308191227228,0.4139561012866258,3513.4902954101562
1e-05,103,p9,Inhibition / adsorption,108926.74036273026,98084.0,0.11054545453621646,0.4139561012866258,3513.4902954101562
1e-06,103,p1,A1,98627.20639967981,15672.02,5.29320319905665,0.4139549746413323,3504.871465444565
1e-06,103,p2,E1,9885.292340947331,3453.38,1.8624977097647322,0.4139549746413323,3504.871465444565
1e-06,103,p3,"K_ads,1",138.29473833144374,30.836,3.484846878046561,0.4139549746413323,3504.871465444565
1e-06,103,p4,"K_ads,2",136.18623547385292,558.532,-0.7561711137878351,0.4139549746413323,3504.871465444565
1e-06,103,p5,A2,0.10000159797701892,0.7439,-0.8655711816413242,0.4139549746413323,3504.871465444565
1e-06,103,p6,E2,149593.96592689358,40000.0,2.7398491481723393,0.4139549746413323,3504.871465444565
1e-06,103,p7,"K_ads,3",89107.31475458125,17197.0,4.181561595312046,0.4139549746413323,3504.871465444565
1e-06,103,p8,"K_ads,4",10000.16536422907,124119.0,-0.9194308255446059,0.4139549746413323,3504.871465444565
1e-06,103,p9,Inhibition / adsorption,109037.18386790062,98084.0,0.11167146392786405,0.4139549746413323,3504.871465444565
1e-07,103,p1,A1,98627.20658729499,15672.02,5.293203211027997,0.41395352082075326,3455.4664165973663
1e-07,103,p2,E1,9885.292363567585,3453.38,1.8624977163149103,0.41395352082075326,3455.4664165973663
1e-07,103,p3,"K_ads,1",138.29944927706617,30.836,3.484999652259248,0.41395352082075326,3455.4664165973663
1e-07,103,p4,"K_ads,2",136.1763168428266,558.532,-0.7561888721813135,0.41395352082075326,3455.4664165973663
1e-07,103,p5,A2,0.10000159792286265,0.7439,-0.8655711817141246,0.41395352082075326,3455.4664165973663
1e-07,103,p6,E2,149593.96640711758,40000.0,2.7398491601779393,0.41395352082075326,3455.4664165973663
1e-07,103,p7,"K_ads,3",89105.79831309564,17197.0,4.1814734147290595,0.41395352082075326,3455.4664165973663
1e-07,103,p8,"K_ads,4",10000.165173535475,124119.0,-0.919430827080983,0.41395352082075326,3455.4664165973663
1e-07,103,p9,Inhibition / adsorption,109018.95050561766,98084.0,0.11148556854958665,0.41395352082075326,3455.4664165973663
1e-05,104,p1,A1,98627.25645141775,15672.02,5.293206392757139,0.4150386950787906,3471.196864128113
1e-05,104,p2,E1,9885.305706362127,3453.38,1.8625015800062914,0.4150386950787906,3471.196864128113
1e-05,104,p3,"K_ads,1",134.23068373204495,30.836,3.3530511004035852,0.4150386950787906,3471.196864128113
1e-05,104,p4,"K_ads,2",150.07039750716064,558.532,-0.7313128030136847,0.4150386950787906,3471.196864128113
1e-05,104,p5,A2,0.10000158294510246,0.7439,-0.865571201848229,0.4150386950787906,3471.196864128113
1e-05,104,p6,E2,149594.19929139575,40000.0,2.7398549822848937,0.4150386950787906,3471.196864128113
1e-05,104,p7,"K_ads,3",90790.43279415763,17197.0,4.279434366119535,0.4150386950787906,3471.196864128113
1e-05,104,p8,"K_ads,4",10000.077570674983,124119.0,-0.9194315328783266,0.4150386950787906,3471.196864128113
1e-05,104,p9,Inhibition / adsorption,113807.93787771698,98084.0,0.16031093631700355,0.4150386950787906,3471.196864128113
1e-06,104,p1,A1,98627.2545138424,15672.02,5.293206269124362,0.41503872746253534,3501.1123611927032
1e-06,104,p2,E1,9885.30602008007,3453.38,1.862501670850028,0.41503872746253534,3501.1123611927032
1e-06,104,p3,"K_ads,1",134.31074887680893,30.836,3.3556475832406583,0.41503872746253534,3501.1123611927032
1e-06,104,p4,"K_ads,2",149.93393544179656,558.532,-0.7315571257478595,0.41503872746253534,3501.1123611927032
1e-06,104,p5,A2,0.10000158344861926,0.7439,-0.8655712011713682,0.41503872746253534,3501.1123611927032
1e-06,104,p6,E2,149594.20032786854,40000.0,2.7398550081967135,0.41503872746253534,3501.1123611927032
1e-06,104,p7,"K_ads,3",90792.67702229606,17197.0,4.279564867261502,0.41503872746253534,3501.1123611927032
1e-06,104,p8,"K_ads,4",10000.077202169483,124119.0,-0.9194315358472959,0.41503872746253534,3501.1123611927032
1e-06,104,p9,Inhibition / adsorption,113715.87431911871,98084.0,0.1593723167807054,0.41503872746253534,3501.1123611927032
1e-07,104,p1,A1,98627.25457975498,15672.02,5.293206273330112,0.4150367053025177,3454.302350282669
1e-07,104,p2,E1,9885.305995449537,3453.38,1.8625016637177305,0.4150367053025177,3454.302350282669
1e-07,104,p3,"K_ads,1",134.3148933672546,30.836,3.35578198752285,0.4150367053025177,3454.302350282669
1e-07,104,p4,"K_ads,2",149.92970870372946,558.532,-0.7315646933322899,0.4150367053025177,3454.302350282669
1e-07,104,p5,A2,0.10000158343269884,0.7439,-0.8655712011927694,0.4150367053025177,3454.302350282669
1e-07,104,p6,E2,149594.20029761238,40000.0,2.7398550074403096,0.4150367053025177,3454.302350282669
1e-07,104,p7,"K_ads,3",90789.62278121043,17197.0,4.27938726412807,0.4150367053025177,3454.302350282669
1e-07,104,p8,"K_ads,4",10000.077212825245,124119.0,-0.9194315357614448,0.4150367053025177,3454.302350282669
1e-07,104,p9,Inhibition / adsorption,113713.88414862262,98084.0,0.15935202631033213,0.4150367053025177,3454.302350282669
1e-05,105,p1,A1,98627.25311573992,15672.02,5.293206179914262,0.41508388575144,3509.106099128723
1e-05,105,p2,E1,9885.305791583336,3453.38,1.8625016046839142,0.41508388575144,3509.106099128723
1e-05,105,p3,"K_ads,1",134.31280708269298,30.836,3.3557143300912244,0.41508388575144,3509.106099128723
1e-05,105,p4,"K_ads,2",149.98153349811534,558.532,-0.731471905820767,0.41508388575144,3509.106099128723
1e-05,105,p5,A2,0.10000158385447505,0.7439,-0.8655712006257897,0.41508388575144,3509.106099128723
1e-05,105,p6,E2,149594.20018343092,40000.0,2.739855004585773,0.41508388575144,3509.106099128723
1e-05,105,p7,"K_ads,3",90861.8461570615,17197.0,4.283587030125109,0.41508388575144,3509.106099128723
1e-05,105,p8,"K_ads,4",10000.077251779649,124119.0,-0.9194315354475975,0.41508388575144,3509.106099128723
1e-05,105,p9,Inhibition / adsorption,113704.26358390231,98084.0,0.15925394135539245,0.41508388575144,3509.106099128723
1e-06,105,p1,A1,98627.25435784795,15672.02,5.293206259170671,0.41504934351465345,3539.765516757965
1e-06,105,p2,E1,9885.306019906895,3453.38,1.8625016707998814,0.41504934351465345,3539.765516757965
1e-06,105,p3,"K_ads,1",134.2922305741753,30.836,3.355047041580468,0.41504934351465345,3539.765516757965
1e-06,105,p4,"K_ads,2",150.00324532311822,558.532,-0.731433032801848,0.41504934351465345,3539.765516757965
1e-06,105,p5,A2,0.10000158349131164,0.7439,-0.8655712011139782,0.41504934351465345,3539.765516757965
1e-06,105,p6,E2,149594.2006941979,40000.0,2.7398550173549476,0.41504934351465345,3539.765516757965
1e-06,105,p7,"K_ads,3",90808.64367068096,17197.0,4.280493322712156,0.41504934351465345,3539.765516757965
1e-06,105,p8,"K_ads,4",10000.077070485948,124119.0,-0.9194315369082418,0.41504934351465345,3539.765516757965
1e-06,105,p9,Inhibition / adsorption,113738.41547175095,98084.0,0.15960213155816394,0.41504934351465345,3539.765516757965
1e-07,105,p1,A1,98627.25428831944,15672.02,5.293206254734197,0.4150493867766499,3523.2059276103973
1e-07,105,p2,E1,9885.305972688242,3453.38,1.8625016571267112,0.4150493867766499,3523.2059276103973
1e-07,105,p3,"K_ads,1",134.2963235645402,30.836,3.355179775734213,0.4150493867766499,3523.2059276103973
1e-07,105,p4,"K_ads,2",150.00321212338113,558.532,-0.7314330922429134,0.4150493867766499,3523.2059276103973
1e-07,105,p5,A2,0.10000158351491831,0.7439,-0.8655712010822445,0.4150493867766499,3523.2059276103973
1e-07,105,p6,E2,149594.20048991797,40000.0,2.7398550122479493,0.4150493867766499,3523.2059276103973
1e-07,105,p7,"K_ads,3",90808.63868186985,17197.0,4.280493032614401,0.4150493867766499,3523.2059276103973
1e-07,105,p8,"K_ads,4",10000.077143332484,124119.0,-0.9194315363213329,0.4150493867766499,3523.2059276103973
1e-07,105,p9,Inhibition / adsorption,113738.07971333283,98084.0,0.15959870838600415,0.4150493867766499,3523.2059276103973
1e-05,106,p1,A1,98627.25062984815,15672.02,5.29320602129452,0.4148210769976865,2738.3394236564636
1e-05,106,p2,E1,9885.305768152168,3453.38,1.8625015978989186,0.4148210769976865,2738.3394236564636
1e-05,106,p3,"K_ads,1",134.42088219505305,30.836,3.359219165749548,0.4148210769976865,2738.3394236564636
1e-05,106,p4,"K_ads,2",149.23704479540555,558.532,-0.7328048441353305,0.4148210769976865,2738.3394236564636
1e-05,106,p5,A2,0.10000158454239255,0.7439,-0.8655711997010451,0.4148210769976865,2738.3394236564636
1e-05,106,p6,E2,149594.19396721886,40000.0,2.7398548491804715,0.4148210769976865,2738.3394236564636
1e-05,106,p7,"K_ads,3",90457.3654328037,17197.0,4.260066606547868,0.4148210769976865,2738.3394236564636
1e-05,106,p8,"K_ads,4",10000.079487157062,124119.0,-0.9194315174376441,0.4148210769976865,2738.3394236564636
1e-05,106,p9,Inhibition / adsorption,113644.39916536378,98084.0,0.15864360308881956,0.4148210769976865,2738.3394236564636
1e-06,106,p1,A1,98627.25304804811,15672.02,5.293206175594984,0.41481740775435155,3549.0468587875366
1e-06,106,p2,E1,9885.305849327913,3453.38,1.862501621405091,0.41481740775435155,3549.0468587875366
1e-06,106,p3,"K_ads,1",134.4727529412894,30.836,3.360901314738922,0.41481740775435155,3549.0468587875366
1e-06,106,p4,"K_ads,2",149.17627471789126,558.532,-0.7329136473507494,0.41481740775435155,3549.0468587875366
1e-06,106,p5,A2,0.10000158387016436,0.7439,-0.865571200604699,0.41481740775435155,3549.0468587875366
1e-06,106,p6,E2,149594.193905514,40000.0,2.73985484763785,0.41481740775435155,3549.0468587875366
1e-06,106,p7,"K_ads,3",90444.30427169151,17197.0,4.259307104244432,0.41481740775435155,3549.0468587875366
1e-06,106,p8,"K_ads,4",10000.079509837922,124119.0,-0.9194315172549092,0.41481740775435155,3549.0468587875366
1e-06,106,p9,Inhibition / adsorption,113718.94719039007,98084.0,0.1594036457565971,0.41481740775435155,3549.0468587875366
1e-07,106,p1,A1,98627.25303381169,15672.02,5.293206174686587,0.41481842924782236,3546.2746908664703
1e-07,106,p2,E1,9885.305838052342,3453.38,1.8625016181400083,0.41481842924782236,3546.2746908664703
1e-07,106,p3,"K_ads,1",134.4653448840731,30.836,3.3606610742013587,0.41481842924782236,3546.2746908664703
1e-07,106,p4,"K_ads,2",149.1907533398143,558.532,-0.7328877247144043,0.41481842924782236,3546.2746908664703
1e-07,106,p5,A2,0.10000158387516242,0.7439,-0.8655712005979803,0.41481842924782236,3546.2746908664703
1e-07,106,p6,E2,149594.1939571202,40000.0,2.739854848928005,0.41481842924782236,3546.2746908664703
1e-07,106,p7,"K_ads,3",90445.96827911632,17197.0,4.259403865739159,0.41481842924782236,3546.2746908664703
1e-07,106,p8,"K_ads,4",10000.079491188571,124119.0,-0.9194315174051629,0.41481842924782236,3546.2746908664703
1e-07,106,p9,Inhibition / adsorption,113723.14566288663,98084.0,0.1594464506227991,0.41481842924782236,3546.2746908664703
1e-05,107,p1,A1,98627.24791357869,15672.02,5.293205847974842,0.4146115667620662,3714.6698865890503
1e-05,107,p2,E1,9885.30589336164,3453.38,1.8625016341559977,0.4146115667620662,3714.6698865890503
1e-05,107,p3,"K_ads,1",134.4992220031979,30.836,3.3617596965623915,0.4146115667620662,3714.6698865890503
1e-05,107,p4,"K_ads,2",148.6926351954055,558.532,-0.7337795592814638,0.4146115667620662,3714.6698865890503
1e-05,107,p5,A2,0.10000158527753955,0.7439,-0.8655711987128115,0.4146115667620662,3714.6698865890503
1e-05,107,p6,E2,149594.18761907396,40000.0,2.739854690476849,0.4146115667620662,3714.6698865890503
1e-05,107,p7,"K_ads,3",90135.40847362488,17197.0,4.241344913277018,0.4146115667620662,3714.6698865890503
1e-05,107,p8,"K_ads,4",10000.081776658935,124119.0,-0.9194314989916215,0.4146115667620662,3714.6698865890503
1e-05,107,p9,Inhibition / adsorption,113613.78153045228,98084.0,0.158331445806169,0.4146115667620662,3714.6698865890503
1e-06,107,p1,A1,98627.25246417396,15672.02,5.293206138339151,0.41463974428923445,3603.0344235897064
1e-06,107,p2,E1,9885.305574462716,3453.38,1.8625015418119975,0.41463974428923445,3603.0344235897064
1e-06,107,p3,"K_ads,1",134.4994027535714,30.836,3.361765558229712,0.41463974428923445,3603.0344235897064
1e-06,107,p4,"K_ads,2",148.71164425518035,558.532,-0.7337455253142519,0.41463974428923445,3603.0344235897064
1e-06,107,p5,A2,0.10000158405838827,0.7439,-0.8655712003516759,0.41463974428923445,3603.0344235897064
1e-06,107,p6,E2,149594.18555879552,40000.0,2.739854638969888,0.41463974428923445,3603.0344235897064
1e-06,107,p7,"K_ads,3",90169.10703452416,17197.0,4.2433044737177505,0.41463974428923445,3603.0344235897064
1e-06,107,p8,"K_ads,4",10000.082517319992,124119.0,-0.9194314930242751,0.41463974428923445,3603.0344235897064
1e-06,107,p9,Inhibition / adsorption,113735.87414262717,98084.0,0.15957622183666217,0.41463974428923445,3603.0344235897064
1e-07,107,p1,A1,98627.2526327688,15672.02,5.293206149096848,0.4146396776281478,3579.6643517017365
1e-07,107,p2,E1,9885.305554784256,3453.38,1.8625015361136787,0.4146396776281478,3579.6643517017365
1e-07,107,p3,"K_ads,1",134.50291487263357,30.836,3.361879454943364,0.4146396776281478,3579.6643517017365
1e-07,107,p4,"K_ads,2",148.70758217010265,558.532,-0.7337527981027001,0.4146396776281478,3579.6643517017365
1e-07,107,p5,A2,0.1000015840139155,0.7439,-0.8655712004114593,0.4146396776281478,3579.6643517017365
1e-07,107,p6,E2,149594.18543196638,40000.0,2.7398546357991598,0.4146396776281478,3579.6643517017365
1e-07,107,p7,"K_ads,3",90168.96907162633,17197.0,4.243296451219766,0.4146396776281478,3579.6643517017365
1e-07,107,p8,"K_ads,4",10000.082562919328,124119.0,-0.9194314926568912,0.4146396776281478,3579.6643517017365
1e-07,107,p9,Inhibition / adsorption,113734.22773912492,98084.0,0.15955943618862325,0.4146396776281478,3579.6643517017365
1e-05,108,p1,A1,98627.25484535396,15672.02,5.293206290277447,0.4144477492178858,3627.962125301361
1e-05,108,p2,E1,9885.304738451641,3453.38,1.8625012997271198,0.4144477492178858,3627.962125301361
1e-05,108,p3,"K_ads,1",134.32981254718945,30.836,3.356265810973844,0.4144477492178858,3627.962125301361
1e-05,108,p4,"K_ads,2",148.5332488115643,558.532,-0.734064925892224,0.4144477492178858,3627.962125301361
1e-05,108,p5,A2,0.10000158348271616,0.7439,-0.8655712011255328,0.4144477492178858,3627.962125301361
1e-05,108,p6,E2,149594.16872345336,40000.0,2.739854218086334,0.4144477492178858,3627.962125301361
1e-05,108,p7,"K_ads,3",89870.29316141554,17197.0,4.2259285434328975,0.4144477492178858,3627.962125301361
1e-05,108,p8,"K_ads,4",10000.088611734634,124119.0,-0.9194314439228914,0.4144477492178858,3627.962125301361
1e-05,108,p9,Inhibition / adsorption,113929.67878774153,98084.0,0.16155212662352203,0.4144477492178858,3627.962125301361
1e-06,108,p1,A1,98627.25379493479,15672.02,5.293206223252318,0.4144497476747326,3654.259312391281
1e-06,108,p2,E1,9885.304873094441,3453.38,1.8625013387158207,0.4144497476747326,3654.259312391281
1e-06,108,p3,"K_ads,1",134.32528608528992,30.836,3.3561190194996082,0.4144497476747326,3654.259312391281
1e-06,108,p4,"K_ads,2",148.52779354213263,558.532,-0.7340746930486837,0.4144497476747326,3654.259312391281
1e-06,108,p5,A2,0.1000015837594043,0.7439,-0.8655712007535902,0.4144497476747326,3654.259312391281
1e-06,108,p6,E2,149594.16923275174,40000.0,2.7398542308187936,0.4144497476747326,3654.259312391281
1e-06,108,p7,"K_ads,3",89884.4053324837,17197.0,4.22674916162608,0.4144497476747326,3654.259312391281
1e-06,108,p8,"K_ads,4",10000.088428906354,124119.0,-0.9194314453958995,0.4144497476747326,3654.259312391281
1e-06,108,p9,Inhibition / adsorption,113773.10569418428,98084.0,0.15995581026654992,0.4144497476747326,3654.259312391281
1e-07,108,p1,A1,98627.83332392806,15672.02,5.293243201828996,0.41445351192324936,3596.144136428833
1e-07,108,p2,E1,9885.490782234512,3453.38,1.8625551726814054,0.41445351192324936,3596.144136428833
1e-07,108,p3,"K_ads,1",134.3218452004302,30.836,3.3560074328846223,0.41445351192324936,3596.144136428833
1e-07,108,p4,"K_ads,2",148.5288300606992,558.532,-0.7340728372578488,0.41445351192324936,3596.144136428833
1e-07,108,p5,A2,0.10000140703747286,0.7439,-0.8655714383149982,0.41445351192324936,3596.144136428833
1e-07,108,p6,E2,149594.31392435025,40000.0,2.7398578481087563,0.41445351192324936,3596.144136428833
1e-07,108,p7,"K_ads,3",89888.41661601502,17197.0,4.226982416468862,0.41445351192324936,3596.144136428833
1e-07,108,p8,"K_ads,4",10000.03800200699,124119.0,-0.9194318516745463,0.41445351192324936,3596.144136428833
1e-07,108,p9,Inhibition / adsorption,113784.86986764004,98084.0,0.1600757500473068,0.41445351192324936,3596.144136428833
1e-05,109,p1,A1,98627.83316115846,15672.02,5.293243191442995,0.4145626289940804,3680.880719900131
1e-05,109,p2,E1,9885.490687210768,3453.38,1.862555145165249,0.4145626289940804,3680.880719900131
1e-05,109,p3,"K_ads,1",134.4010549426263,30.836,3.3585761753348784,0.4145626289940804,3680.880719900131
1e-05,109,p4,"K_ads,2",148.85115226777035,558.532,-0.7334957490926746,0.4145626289940804,3680.880719900131
1e-05,109,p5,A2,0.10000140709130412,0.7439,-0.8655714382426346,0.4145626289940804,3680.880719900131
1e-05,109,p6,E2,149594.31165953696,40000.0,2.739857791488424,0.4145626289940804,3680.880719900131
1e-05,109,p7,"K_ads,3",90053.80032085859,17197.0,4.236599425531115,0.4145626289940804,3680.880719900131
1e-05,109,p8,"K_ads,4",10000.038827628303,124119.0,-0.9194318450226935,0.4145626289940804,3680.880719900131
1e-05,109,p9,Inhibition / adsorption,113800.67149987533,98084.0,0.16023685310423036,0.4145626289940804,3680.880719900131
1e-06,109,p1,A1,98627.25016627564,15672.02,5.293205991714893,0.41458188689407893,3676.3063781261444
1e-06,109,p2,E1,9885.30399744423,3453.38,1.862501085152584,0.41458188689407893,3676.3063781261444
1e-06,109,p3,"K_ads,1",134.3733535568117,30.836,3.357677829705919,0.41458188689407893,3676.3063781261444
1e-06,109,p4,"K_ads,2",148.93588109963648,558.532,-0.7333440499387027,0.41458188689407893,3676.3063781261444
1e-06,109,p5,A2,0.10000158478866426,0.7439,-0.8655711993699902,0.41458188689407893,3676.3063781261444
1e-06,109,p6,E2,149594.1589108242,40000.0,2.7398539727706046,0.41458188689407893,3676.3063781261444
1e-06,109,p7,"K_ads,3",90085.12002168735,17197.0,4.238420656026479,0.41458188689407893,3676.3063781261444
1e-06,109,p8,"K_ads,4",10000.092339365616,124119.0,-0.919431413890173,0.41458188689407893,3676.3063781261444
1e-06,109,p9,Inhibition / adsorption,113806.9516574666,98084.0,0.16030088146350685,0.41458188689407893,3676.3063781261444
1e-07,109,p1,A1,98627.25040293222,15672.02,5.293206006815471,0.4145847204472228,3661.624385356903
1e-07,109,p2,E1,9885.304363876923,3453.38,1.862501191261003,0.4145847204472228,3661.624385356903
1e-07,109,p3,"K_ads,1",134.36850240278275,30.836,3.3575205085868065,0.4145847204472228,3661.624385356903
1e-07,109,p4,"K_ads,2",148.95315438262352,558.532,-0.7333131237196373,0.4145847204472228,3661.624385356903
1e-07,109,p5,A2,0.10000158474075717,0.7439,-0.8655711994343902,0.4145847204472228,3661.624385356903
1e-07,109,p6,E2,149594.15889918638,40000.0,2.7398539724796596,0.4145847204472228,3661.624385356903
1e-07,109,p7,"K_ads,3",90088.0633930632,17197.0,4.238591812122068,0.4145847204472228,3661.624385356903
1e-07,109,p8,"K_ads,4",10000.092193946022,124119.0,-0.9194314150617873,0.4145847204472228,3661.624385356903
1e-07,109,p9,Inhibition / adsorption,113830.91148822637,98084.0,0.1605451601507521,0.4145847204472228,3661.624385356903
1e-05,110,p1,A1,98627.2593295537,15672.02,5.293206576405192,0.41468839039995875,2846.67986536026
1e-05,110,p2,E1,9885.303135222135,3453.38,1.862500835477745,0.41468839039995875,2846.67986536026
1e-05,110,p3,"K_ads,1",134.5579983825435,30.836,3.3636657926625864,0.41468839039995875,2846.67986536026
1e-05,110,p4,"K_ads,2",149.2371572726377,558.532,-0.7328046427552268,0.41468839039995875,2846.67986536026
1e-05,110,p5,A2,0.10000158239803615,0.7439,-0.8655712025836321,0.41468839039995875,2846.67986536026
1e-05,110,p6,E2,149594.1263417584,40000.0,2.7398531585439603,0.41468839039995875,2846.67986536026
1e-05,110,p7,"K_ads,3",90234.51253789355,17197.0,4.247107782630316,0.41468839039995875,2846.67986536026
1e-05,110,p8,"K_ads,4",10000.104187270492,124119.0,-0.91943131843416,0.41468839039995875,2846.67986536026
1e-05,110,p9,Inhibition / adsorption,113957.49268790038,98084.0,0.16183569886934032,0.41468839039995875,2846.67986536026
1e-06,110,p1,A1,98627.25707911782,15672.02,5.293206432809415,0.41470056365562463,3754.7296533584595
1e-06,110,p2,E1,9885.302777678278,3453.38,1.8625007319432783,0.41470056365562463,3754.7296533584595
1e-06,110,p3,"K_ads,1",134.54663271866292,30.836,3.363297208414286,0.41470056365562463,3754.7296533584595
1e-06,110,p4,"K_ads,2",149.35802408349048,558.532,-0.7325882418849942,0.41470056365562463,3754.7296533584595
1e-06,110,p5,A2,0.10000158305115306,0.7439,-0.8655712017056687,0.41470056365562463,3754.7296533584595
1e-06,110,p6,E2,149594.12543307187,40000.0,2.7398531358267966,0.41470056365562463,3754.7296533584595
1e-06,110,p7,"K_ads,3",90257.92154112333,17197.0,4.248469008613324,0.41470056365562463,3754.7296533584595
1e-06,110,p8,"K_ads,4",10000.104518036627,124119.0,-0.9194313157692487,0.41470056365562463,3754.7296533584595
1e-06,110,p9,Inhibition / adsorption,113918.77586343259,98084.0,0.16144096757302503,0.41470056365562463,3754.7296533584595
1e-07,110,p1,A1,98627.25733904792,15672.02,5.293206449395031,0.414701505851119,3702.358946323395
1e-07,110,p2,E1,9885.302775355443,3453.38,1.8625007312706516,0.414701505851119,3702.358946323395
1e-07,110,p3,"K_ads,1",134.54326437424763,30.836,3.3631879742589064,0.414701505851119,3702.358946323395
1e-07,110,p4,"K_ads,2",149.36254994718314,558.532,-0.732580138743737,0.414701505851119,3702.358946323395
1e-07,110,p5,A2,0.1000015829796923,0.7439,-0.865571201801731,0.414701505851119,3702.358946323395
1e-07,110,p6,E2,149594.12544503275,40000.0,2.7398531361258187,0.414701505851119,3702.358946323395
1e-07,110,p7,"K_ads,3",90258.66672708724,17197.0,4.248512340936631,0.414701505851119,3702.358946323395
1e-07,110,p8,"K_ads,4",10000.104513563709,124119.0,-0.9194313158052859,0.414701505851119,3702.358946323395
1e-07,110,p9,Inhibition / adsorption,113930.229714012,98084.0,0.16155774350568908,0.414701505851119,3702.358946323395
1e-05,111,p1,A1,98627.83329630767,15672.02,5.293243200066594,0.415003406369655,3768.865204334259
1e-05,111,p2,E1,9885.490354785139,3453.38,1.8625550489043021,0.415003406369655,3768.865204334259
1e-05,111,p3,"K_ads,1",133.3757825636547,30.836,3.3253269737856628,0.415003406369655,3768.865204334259
1e-05,111,p4,"K_ads,2",151.7325836959351,558.532,-0.7283368120431146,0.415003406369655,3768.865204334259
1e-05,111,p5,A2,0.10000140708439033,0.7439,-0.8655714382519286,0.415003406369655,3768.865204334259
1e-05,111,p6,E2,149594.3032433742,40000.0,2.7398575810843546,0.415003406369655,3768.865204334259
1e-05,111,p7,"K_ads,3",90762.6459212629,17197.0,4.2778185684283825,0.415003406369655,3768.865204334259
1e-05,111,p8,"K_ads,4",10000.041932868233,124119.0,-0.9194318200044455,0.415003406369655,3768.865204334259
1e-05,111,p9,Inhibition / adsorption,114145.88317751787,98084.0,0.16375640448511347,0.415003406369655,3768.865204334259
1e-06,111,p1,A1,98627.25031159475,15672.02,5.2932060009874125,0.41496484822480767,3721.3362674713135
1e-06,111,p2,E1,9885.302798125242,3453.38,1.8625007378641336,0.41496484822480767,3721.3362674713135
1e-06,111,p3,"K_ads,1",133.42034961987133,30.836,3.3267722668268043,0.41496484822480767,3721.3362674713135
1e-06,111,p4,"K_ads,2",151.486162291676,558.532,-0.7287780068256143,0.41496484822480767,3721.3362674713135
1e-06,111,p5,A2,0.10000158490982083,0.7439,-0.8655711992071236,0.41496484822480767,3721.3362674713135
1e-06,111,p6,E2,149594.11097390123,40000.0,2.739852774347531,0.41496484822480767,3721.3362674713135
1e-06,111,p7,"K_ads,3",90704.12085945219,17197.0,4.274415354971925,0.41496484822480767,3721.3362674713135
1e-06,111,p8,"K_ads,4",10000.109874149615,124119.0,-0.9194312726162022,0.41496484822480767,3721.3362674713135
1e-06,111,p9,Inhibition / adsorption,114098.35551515833,98084.0,0.16327184367642356,0.41496484822480767,3721.3362674713135
1e-07,111,p1,A1,98627.25035301047,15672.02,5.293206003630066,0.4149658271756052,3726.742340564728
1e-07,111,p2,E1,9885.302758168045,3453.38,1.8625007262936732,0.4149658271756052,3726.742340564728
1e-07,111,p3,"K_ads,1",133.41090130396347,30.836,3.326465861459446,0.4149658271756052,3726.742340564728
1e-07,111,p4,"K_ads,2",151.50961118472145,558.532,-0.7287360237466762,0.4149658271756052,3726.742340564728
1e-07,111,p5,A2,0.10000158490215554,0.7439,-0.8655711992174278,0.4149658271756052,3726.742340564728
1e-07,111,p6,E2,149594.11048213043,40000.0,2.739852762053261,0.4149658271756052,3726.742340564728
1e-07,111,p7,"K_ads,3",90706.94003907689,17197.0,4.274579289357265,0.4149658271756052,3726.742340564728
1e-07,111,p8,"K_ads,4",10000.110057223621,124119.0,-0.9194312711412144,0.4149658271756052,3726.742340564728
1e-07,111,p9,Inhibition / adsorption,114088.48823352263,98084.0,0.1631712433579649,0.4149658271756052,3726.742340564728
1e-05,112,p1,A1,98627.23169240779,15672.02,5.29320481293463,0.41492741735631355,3777.9696927070618
1e-05,112,p2,E1,9885.30314535323,3453.38,1.86250083841142,0.41492741735631355,3777.9696927070618
1e-05,112,p3,"K_ads,1",133.46656747130092,30.836,3.328271094542124,0.41492741735631355,3777.9696927070618
1e-05,112,p4,"K_ads,2",151.27507725180203,558.532,-0.7291559351088174,0.41492741735631355,3777.9696927070618
1e-05,112,p5,A2,0.10000158998956814,0.7439,-0.8655711923785884,0.41492741735631355,3777.9696927070618
1e-05,112,p6,E2,149594.11568212067,40000.0,2.7398528920530167,0.41492741735631355,3777.9696927070618
1e-05,112,p7,"K_ads,3",90649.16725600278,17197.0,4.271219820666557,0.41492741735631355,3777.9696927070618
1e-05,112,p8,"K_ads,4",10000.108120974342,124119.0,-0.9194312867411569,0.41492741735631355,3777.9696927070618
1e-05,112,p9,Inhibition / adsorption,114017.12595418922,98084.0,0.16244368045949617,0.41492741735631355,3777.9696927070618
1e-06,112,p1,A1,98627.23137677296,15672.02,5.293204792794608,0.4149631717364159,3791.3395919799805
1e-06,112,p2,E1,9885.302939573616,3453.38,1.862500778823534,0.4149631717364159,3791.3395919799805
1e-06,112,p3,"K_ads,1",133.4119196989997,30.836,3.32649888763133,0.4149631717364159,3791.3395919799805
1e-06,112,p4,"K_ads,2",151.47529768105258,558.532,-0.7287974589082585,0.4149631717364159,3791.3395919799805
1e-06,112,p5,A2,0.10000159009616937,0.7439,-0.8655711922352879,0.4149631717364159,3791.3395919799805
1e-06,112,p6,E2,149594.1146508815,40000.0,2.7398528662720376,0.4149631717364159,3791.3395919799805
1e-06,112,p7,"K_ads,3",90699.64235871681,17197.0,4.274154931599512,0.4149631717364159,3791.3395919799805
1e-06,112,p8,"K_ads,4",10000.108501678415,124119.0,-0.9194312836739064,0.4149631717364159,3791.3395919799805
1e-06,112,p9,Inhibition / adsorption,114125.33678407715,98084.0,0.163546926961351,0.4149631717364159,3791.3395919799805
1e-07,112,p1,A1,98627.82931307403,15672.02,5.2932429459044865,0.41496234513565283,3885.80659866333
1e-07,112,p2,E1,9885.490424285555,3453.38,1.8625550690296333,0.41496234513565283,3885.80659866333
1e-07,112,p3,"K_ads,1",133.41841127119173,30.836,3.326709406900757,0.41496234513565283,3885.80659866333
1e-07,112,p4,"K_ads,2",151.4639955159926,558.532,-0.7288176943917403,0.41496234513565283,3885.80659866333
1e-07,112,p5,A2,0.10000140817226658,0.7439,-0.8655714367895329,0.41496234513565283,3885.80659866333
1e-07,112,p6,E2,149594.30394330435,40000.0,2.7398575985826086,0.41496234513565283,3885.80659866333
1e-07,112,p7,"K_ads,3",90696.68832911985,17197.0,4.273983155731805,0.41496234513565283,3885.80659866333
1e-07,112,p8,"K_ads,4",10000.041672635516,124119.0,-0.9194318221010843,0.41496234513565283,3885.80659866333
1e-07,112,p9,Inhibition / adsorption,114129.00222388691,98084.0,0.16358429737660488,0.41496234513565283,3885.80659866333
1e-05,113,p1,A1,98627.23614232095,15672.02,5.293205096874618,0.4150749949148114,3825.3184649944305
1e-05,113,p2,E1,9885.30450624798,3453.38,1.8625012324875858,0.4150749949148114,3825.3184649944305
1e-05,113,p3,"K_ads,1",133.13871101376554,30.836,3.317638831682629,0.4150749949148114,3825.3184649944305
1e-05,113,p4,"K_ads,2",151.85803876247007,558.532,-0.7281121963245256,0.4150749949148114,3825.3184649944305
1e-05,113,p5,A2,0.10000158863765715,0.7439,-0.8655711941959172,0.4150749949148114,3825.3184649944305
1e-05,113,p6,E2,149594.12490648247,40000.0,2.7398531226620615,0.4150749949148114,3825.3184649944305
1e-05,113,p7,"K_ads,3",90888.24321600764,17197.0,4.285122010583685,0.4150749949148114,3825.3184649944305
1e-05,113,p8,"K_ads,4",10000.104697493298,124119.0,-0.919431314323405,0.4150749949148114,3825.3184649944305
1e-05,113,p9,Inhibition / adsorption,114010.0784345514,98084.0,0.1623718285811284,0.4150749949148114,3825.3184649944305
1e-06,113,p1,A1,98627.23751737397,15672.02,5.293205184613979,0.4150466343001766,3832.930690050125
1e-06,113,p2,E1,9885.304574930848,3453.38,1.8625012523761786,0.4150466343001766,3832.930690050125
1e-06,113,p3,"K_ads,1",133.18912896614918,30.836,3.319273867108224,0.4150466343001766,3832.930690050125
1e-06,113,p4,"K_ads,2",151.7135094224594,558.532,-0.7283709627694395,0.4150466343001766,3832.930690050125
1e-06,113,p5,A2,0.10000158825449076,0.7439,-0.8655711947109951,0.4150466343001766,3832.930690050125
1e-06,113,p6,E2,149594.12534687016,40000.0,2.739853133671754,0.4150466343001766,3832.930690050125
1e-06,113,p7,"K_ads,3",90837.19119313217,17197.0,4.282153351929532,0.4150466343001766,3832.930690050125
1e-06,113,p8,"K_ads,4",10000.104537166426,124119.0,-0.919431315615124,0.4150466343001766,3832.930690050125
1e-06,113,p9,Inhibition / adsorption,114077.67196830134,98084.0,0.16306096782657045,0.4150466343001766,3832.930690050125
1e-07,113,p1,A1,98627.23761946,15672.02,5.293205191127882,0.4150470121601837,3823.332773208618
1e-07,113,p2,E1,9885.30458656425,3453.38,1.862501255744879,0.4150470121601837,3823.332773208618
1e-07,113,p3,"K_ads,1",133.191045832001,30.836,3.3193360303541644,0.4150470121601837,3823.332773208618
1e-07,113,p4,"K_ads,2",151.71217832196814,558.532,-0.7283733459820241,0.4150470121601837,3823.332773208618
1e-07,113,p5,A2,0.10000158822539192,0.7439,-0.8655711947501117,0.4150470121601837,3823.332773208618
1e-07,113,p6,E2,149594.12571057837,40000.0,2.7398531427644595,0.4150470121601837,3823.332773208618
1e-07,113,p7,"K_ads,3",90837.23621151988,17197.0,4.282155969734249,0.4150470121601837,3823.332773208618
1e-07,113,p8,"K_ads,4",10000.104402195724,124119.0,-0.9194313167025538,0.4150470121601837,3823.332773208618
1e-07,113,p9,Inhibition / adsorption,114083.89423188369,98084.0,0.16312440593658184,0.4150470121601837,3823.332773208618
1e-05,114,p1,A1,98627.83002685974,15672.02,5.293242991449713,0.415053096605743,2945.3211166858673
1e-05,114,p2,E1,9885.492510544025,3453.38,1.86255567315037,0.415053096605743,2945.3211166858673
1e-05,114,p3,"K_ads,1",133.405550459254,30.836,3.3262923355575946,0.415053096605743,2945.3211166858673
1e-05,114,p4,"K_ads,2",149.66727176100943,558.532,-0.7320345624583562,0.415053096605743,2945.3211166858673
1e-05,114,p5,A2,0.10000140776685769,0.7439,-0.8655714373345104,0.415053096605743,2945.3211166858673
1e-05,114,p6,E2,149594.31349293358,40000.0,2.7398578373233393,0.415053096605743,2945.3211166858673
1e-05,114,p7,"K_ads,3",90832.63261800699,17197.0,4.281888272257195,0.415053096605743,2945.3211166858673
1e-05,114,p8,"K_ads,4",10000.038176447806,124119.0,-0.9194318502691142,0.415053096605743,2945.3211166858673
1e-05,114,p9,Inhibition / adsorption,113670.01873612571,98084.0,0.15890480339429175,0.415053096605743,2945.3211166858673
1e-06,114,p1,A1,98627.23652253632,15672.02,5.293205121135394,0.4150541021666281,3826.3019461631775
1e-06,114,p2,E1,9885.314407555798,3453.38,1.8625040996229194,0.4150541021666281,3826.3019461631775
1e-06,114,p3,"K_ads,1",133.42044193087636,30.836,3.326775260438331,0.4150541021666281,3826.3019461631775
1e-06,114,p4,"K_ads,2",149.6582002591987,558.532,-0.7320508041451543,0.4150541021666281,3826.3019461631775
1e-06,114,p5,A2,0.10000158753583403,0.7439,-0.8655711956770614,0.4150541021666281,3826.3019461631775
1e-06,114,p6,E2,149594.16712072908,40000.0,2.739854178018227,0.4150541021666281,3826.3019461631775
1e-06,114,p7,"K_ads,3",90837.03029702193,17197.0,4.282143995872649,0.4150541021666281,3826.3019461631775
1e-06,114,p8,"K_ads,4",10000.089293581215,124119.0,-0.9194314384294007,0.4150541021666281,3826.3019461631775
1e-06,114,p9,Inhibition / adsorption,113634.06742649956,98084.0,0.15853826746971536,0.4150541021666281,3826.3019461631775
1e-07,114,p1,A1,98627.23652411807,15672.02,5.293205121236322,0.41505491410612483,3836.4382643699646
1e-07,114,p2,E1,9885.314431008012,3453.38,1.8625041064140093,0.41505491410612483,3836.4382643699646
1e-07,114,p3,"K_ads,1",133.4197480946774,30.836,3.3267527595887083,0.41505491410612483,3836.4382643699646
1e-07,114,p4,"K_ads,2",149.6583220933976,558.532,-0.732050586012265,0.41505491410612483,3836.4382643699646
1e-07,114,p5,A2,0.10000158753293167,0.7439,-0.865571195680963,0.41505491410612483,3836.4382643699646
1e-07,114,p6,E2,149594.16732343673,40000.0,2.739854183085918,0.41505491410612483,3836.4382643699646
1e-07,114,p7,"K_ads,3",90838.1496190674,17197.0,4.282209084088352,0.41505491410612483,3836.4382643699646
1e-07,114,p8,"K_ads,4",10000.089219831138,124119.0,-0.9194314390235891,0.41505491410612483,3836.4382643699646
1e-07,114,p9,Inhibition / adsorption,113635.64846293457,98084.0,0.158554386678098,0.41505491410612483,3836.4382643699646
1e-05,115,p1,A1,98627.2717711782,15672.02,5.293207370280168,0.41472716272122484,3866.2027299404144
1e-05,115,p2,E1,9885.319819051598,3453.38,1.8625056666372068,0.41472716272122484,3866.2027299404144
1e-05,115,p3,"K_ads,1",134.25354054225434,30.836,3.3537923382492654,0.41472716272122484,3866.2027299404144
1e-05,115,p4,"K_ads,2",146.87204892134625,558.532,-0.7370391509862527,0.41472716272122484,3866.2027299404144
1e-05,115,p5,A2,0.10000157738950344,0.7439,-0.8655712093164357,0.41472716272122484,3866.2027299404144
1e-05,115,p6,E2,149594.1782950255,40000.0,2.739854457375637,0.41472716272122484,3866.2027299404144
1e-05,115,p7,"K_ads,3",90378.8476965076,17197.0,4.255500825522335,0.41472716272122484,3866.2027299404144
1e-05,115,p8,"K_ads,4",10000.085300100729,124119.0,-0.9194314706040112,0.41472716272122484,3866.2027299404144
1e-05,115,p9,Inhibition / adsorption,112140.65318404189,98084.0,0.14331239737410678,0.41472716272122484,3866.2027299404144
1e-06,115,p1,A1,98627.83647551216,15672.02,5.293243402925223,0.41473716066773947,3882.712484359741
1e-06,115,p2,E1,9885.493481739259,3453.38,1.8625559543807106,0.41473716066773947,3882.712484359741
1e-06,115,p3,"K_ads,1",134.24862367727263,30.836,3.353632886148419,0.41473716066773947,3882.712484359741
1e-06,115,p4,"K_ads,2",146.91554881457395,558.532,-0.7369612684419622,0.41473716066773947,3882.712484359741
1e-06,115,p5,A2,0.1000014059128322,0.7439,-0.8655714398268151,0.41473716066773947,3882.712484359741
1e-06,115,p6,E2,149594.3154364471,40000.0,2.7398578859111775,0.41473716066773947,3882.712484359741
1e-06,115,p7,"K_ads,3",90392.59823573728,17197.0,4.25630041494082,0.41473716066773947,3882.712484359741
1e-06,115,p8,"K_ads,4",10000.037482465608,124119.0,-0.9194318558603791,0.41473716066773947,3882.712484359741
1e-06,115,p9,Inhibition / adsorption,112160.47697286923,98084.0,0.14351450769615057,0.41473716066773947,3882.712484359741
1e-07,115,p1,A1,98627.27104868296,15672.02,5.293207324179203,0.41473606566031074,3992.8618671894073
1e-07,115,p2,E1,9885.319757458055,3453.38,1.86250564880148,0.41473606566031074,3992.8618671894073
1e-07,115,p3,"K_ads,1",134.2475438148221,30.836,3.3535978666111723,0.41473606566031074,3992.8618671894073
1e-07,115,p4,"K_ads,2",146.91371483735588,558.532,-0.7369645520089164,0.41473606566031074,3992.8618671894073
1e-07,115,p5,A2,0.10000157759319099,0.7439,-0.8655712090426254,0.41473606566031074,3992.8618671894073
1e-07,115,p6,E2,149594.17770605432,40000.0,2.739854442651358,0.41473606566031074,3992.8618671894073
1e-07,115,p7,"K_ads,3",90392.62265618956,17197.0,4.256301834982239,0.41473606566031074,3992.8618671894073
1e-07,115,p8,"K_ads,4",10000.085514656923,124119.0,-0.9194314688753783,0.41473606566031074,3992.8618671894073
1e-07,115,p9,Inhibition / adsorption,112147.31100411259,98084.0,0.14338027613181142,0.41473606566031074,3992.8618671894073
1e-05,116,p1,A1,98627.25836371125,15672.02,5.293206514776733,0.41392611417264685,3934.054044008255
1e-05,116,p2,E1,9885.335870205034,3453.38,1.862510314591801,0.41392611417264685,3934.054044008255
1e-05,116,p3,"K_ads,1",136.60093862225685,30.836,3.4299175840659246,0.41392611417264685,3934.054044008255
1e-05,116,p4,"K_ads,2",139.02569289657785,558.532,-0.7510873273213032,0.41392611417264685,3934.054044008255
1e-05,116,p5,A2,0.10000157926212866,0.7439,-0.8655712067991279,0.41392611417264685,3934.054044008255
1e-05,116,p6,E2,149594.15720182884,40000.0,2.739853930045721,0.41392611417264685,3934.054044008255
1e-05,116,p7,"K_ads,3",89266.36100845065,17197.0,4.190810083645441,0.41392611417264685,3934.054044008255
1e-05,116,p8,"K_ads,4",10000.093369968019,124119.0,-0.9194314055868319,0.41392611417264685,3934.054044008255
1e-05,116,p9,Inhibition / adsorption,106867.87967235595,98084.0,0.08955466408747553,0.41392611417264685,3934.054044008255
1e-06,116,p1,A1,98627.25970100332,15672.02,5.293206600106643,0.41393487295119985,3921.593629837036
1e-06,116,p2,E1,9885.335843663313,3453.38,1.8625103069060784,0.41393487295119985,3921.593629837036
1e-06,116,p3,"K_ads,1",136.57675369547735,30.836,3.4291332758943236,0.41393487295119985,3921.593629837036
1e-06,116,p4,"K_ads,2",139.07349674802037,558.532,-0.7510017389370343,0.41393487295119985,3921.593629837036
1e-06,116,p5,A2,0.10000157890822689,0.7439,-0.8655712072748664,0.41393487295119985,3921.593629837036
1e-06,116,p6,E2,149594.15548490244,40000.0,2.739853887122561,0.41393487295119985,3921.593629837036
1e-06,116,p7,"K_ads,3",89280.49479013821,17197.0,4.191631958489167,0.41393487295119985,3921.593629837036
1e-06,116,p8,"K_ads,4",10000.09400814368,124119.0,-0.9194314004451882,0.41393487295119985,3921.593629837036
1e-06,116,p9,Inhibition / adsorption,106876.85900216896,98084.0,0.08964621143274092,0.41393487295119985,3921.593629837036
1e-07,116,p1,A1,98627.25964186978,15672.02,5.293206596333452,0.4139318170983029,3917.903417110443
1e-07,116,p2,E1,9885.335871609861,3453.38,1.8625103149985986,0.4139318170983029,3917.903417110443
1e-07,116,p3,"K_ads,1",136.5791255810784,30.836,3.4292101952613305,0.4139318170983029,3917.903417110443
1e-07,116,p4,"K_ads,2",139.05789668549616,558.532,-0.7510296694092797,0.4139318170983029,3917.903417110443
1e-07,116,p5,A2,0.10000157892071307,0.7439,-0.8655712072580817,0.4139318170983029,3917.903417110443
1e-07,116,p6,E2,149594.15559103346,40000.0,2.739853889775836,0.4139318170983029,3917.903417110443
1e-07,116,p7,"K_ads,3",89276.02169494721,17197.0,4.191371849447416,0.4139318170983029,3917.903417110443
1e-07,116,p8,"K_ads,4",10000.093969140251,124119.0,-0.9194314007594305,0.4139318170983029,3917.903417110443
1e-07,116,p9,Inhibition / adsorption,106866.94120904461,98084.0,0.0895450961323418,0.4139318170983029,3917.903417110443
1e-05,117,p1,A1,98627.13595129107,15672.02,5.293198703886995,0.4137134337478215,4012.7378907203674
1e-05,117,p2,E1,9885.342635260522,3453.38,1.8625122735582305,0.4137134337478215,4012.7378907203674
1e-05,117,p3,"K_ads,1",137.32879535924712,30.836,3.453521707071187,0.4137134337478215,4012.7378907203674
1e-05,117,p4,"K_ads,2",136.25875307035136,558.532,-0.7560412777238343,0.4137134337478215,4012.7378907203674
1e-05,117,p5,A2,0.10000161026207702,0.7439,-0.8655711651269297,0.4137134337478215,4012.7378907203674
1e-05,117,p6,E2,149594.09771752884,40000.0,2.739852442938221,0.4137134337478215,4012.7378907203674
1e-05,117,p7,"K_ads,3",89056.07029402621,17197.0,4.178581746468931,0.4137134337478215,4012.7378907203674
1e-05,117,p8,"K_ads,4",10000.116189741302,124119.0,-0.9194312217328428,0.4137134337478215,4012.7378907203674
1e-05,117,p9,Inhibition / adsorption,100791.51524246218,98084.0,0.027604045944926568,0.4137134337478215,4012.7378907203674
1e-06,117,p1,A1,98627.13523978864,15672.02,5.2931986584874595,0.41369644283558477,3938.679089307785
1e-06,117,p2,E1,9885.342621048107,3453.38,1.8625122694427216,0.41369644283558477,3938.679089307785
1e-06,117,p3,"K_ads,1",137.36139022474046,30.836,3.4545787464243243,0.41369644283558477,3938.679089307785
1e-06,117,p4,"K_ads,2",136.1870798824528,558.532,-0.7561696019521661,0.41369644283558477,3938.679089307785
1e-06,117,p5,A2,0.10000161044546704,0.7439,-0.8655711648804045,0.41369644283558477,3938.679089307785
1e-06,117,p6,E2,149594.09737049785,40000.0,2.7398524342624464,0.41369644283558477,3938.679089307785
1e-06,117,p7,"K_ads,3",89028.74253655659,17197.0,4.176992646191579,0.41369644283558477,3938.679089307785
1e-06,117,p8,"K_ads,4",10000.11632477321,124119.0,-0.9194312206449198,0.41369644283558477,3938.679089307785
1e-06,117,p9,Inhibition / adsorption,100786.40972848595,98084.0,0.02755199347993501,0.41369644283558477,3938.679089307785
1e-07,117,p1,A1,98627.13489076986,15672.02,5.293198636217275,0.41369503342688035,3957.819918870926
1e-07,117,p2,E1,9885.34244231836,3453.38,1.8625122176877031,0.41369503342688035,3957.819918870926
1e-07,117,p3,"K_ads,1",137.3601482534675,30.836,3.454538469758318,0.41369503342688035,3957.819918870926
1e-07,117,p4,"K_ads,2",136.17626461974217,558.532,-0.7561889656819266,0.41369503342688035,3957.819918870926
1e-07,117,p5,A2,0.10000161050744708,0.7439,-0.865571164797087,0.41369503342688035,3957.819918870926
1e-07,117,p6,E2,149594.09712076673,40000.0,2.7398524280191685,0.41369503342688035,3957.819918870926
1e-07,117,p7,"K_ads,3",89026.44832097084,17197.0,4.176859238295682,0.41369503342688035,3957.819918870926
1e-07,117,p8,"K_ads,4",10000.116760231927,124119.0,-0.9194312171365228,0.41369503342688035,3957.819918870926
1e-07,117,p9,Inhibition / adsorption,100787.19995844371,98084.0,0.02756005014521955,0.41369503342688035,3957.819918870926
1e-05,118,p1,A1,98627.13479502487,15672.02,5.29319863010798,0.41386945904405703,3054.108145713806
1e-05,118,p2,E1,9885.342803169286,3453.38,1.8625123221798021,0.41386945904405703,3054.108145713806
1e-05,118,p3,"K_ads,1",137.16766837106485,30.836,3.4482964188307452,0.41386945904405703,3054.108145713806
1e-05,118,p4,"K_ads,2",136.93035423435293,558.532,-0.7548388378206567,0.41386945904405703,3054.108145713806
1e-05,118,p5,A2,0.10000161052397777,0.7439,-0.8655711647748652,0.41386945904405703,3054.108145713806
1e-05,118,p6,E2,149594.10580111312,40000.0,2.739852645027828,0.41386945904405703,3054.108145713806
1e-05,118,p7,"K_ads,3",89303.89425664251,17197.0,4.192992629914666,0.41386945904405703,3054.108145713806
1e-05,118,p8,"K_ads,4",10000.113056048089,124119.0,-0.9194312469803327,0.41386945904405703,3054.108145713806
1e-05,118,p9,Inhibition / adsorption,100864.07319185068,98084.0,0.02834379910944373,0.41386945904405703,3054.108145713806
1e-06,118,p1,A1,98627.1356309468,15672.02,5.293198683446473,0.4138730122210345,4061.7948665618896
1e-06,118,p2,E1,9885.342513863614,3453.38,1.8625122384051607,0.4138730122210345,4061.7948665618896
1e-06,118,p3,"K_ads,1",137.15641773366198,30.836,3.447931564848294,0.4138730122210345,4061.7948665618896
1e-06,118,p4,"K_ads,2",136.95509694785258,558.532,-0.7547945382756001,0.4138730122210345,4061.7948665618896
1e-06,118,p5,A2,0.10000161036063367,0.7439,-0.8655711649944432,0.4138730122210345,4061.7948665618896
1e-06,118,p6,E2,149594.10015159147,40000.0,2.7398525037897867,0.4138730122210345,4061.7948665618896
1e-06,118,p7,"K_ads,3",89310.12353305514,17197.0,4.193354860327681,0.4138730122210345,4061.7948665618896
1e-06,118,p8,"K_ads,4",10000.115232120626,124119.0,-0.9194312294481858,0.4138730122210345,4061.7948665618896
1e-06,118,p9,Inhibition / adsorption,100854.01014567006,98084.0,0.028241202904347958,0.4138730122210345,4061.7948665618896
1e-07,118,p1,A1,98627.13570552446,15672.02,5.293198688205123,0.4138738651336029,4022.839161157608
1e-07,118,p2,E1,9885.342521513467,3453.38,1.862512240620339,0.4138738651336029,4022.839161157608
1e-07,118,p3,"K_ads,1",137.15651100621798,30.836,3.44793458964256,0.4138738651336029,4022.839161157608
1e-07,118,p4,"K_ads,2",136.9554740970649,558.532,-0.7547938630247418,0.4138738651336029,4022.839161157608
1e-07,118,p5,A2,0.10000161034035711,0.7439,-0.8655711650217003,0.4138738651336029,4022.839161157608
1e-07,118,p6,E2,149594.10026728633,40000.0,2.739852506682158,0.4138738651336029,4022.839161157608
1e-07,118,p7,"K_ads,3",89311.59285498282,17197.0,4.193440300923581,0.4138738651336029,4022.839161157608
1e-07,118,p8,"K_ads,4",10000.115187841928,124119.0,-0.9194312298049296,0.4138738651336029,4022.839161157608
1e-07,118,p9,Inhibition / adsorption,100840.55622931854,98084.0,0.028104035615579868,0.4138738651336029,4022.839161157608
1e-05,119,p1,A1,98627.13616131229,15672.02,5.293198717288026,0.4140179210465613,4893.238552570343
1e-05,119,p2,E1,9885.342370645967,3453.38,1.8625121969334295,0.4140179210465613,4893.238552570343
1e-05,119,p3,"K_ads,1",137.0048672880421,30.836,3.443016840317879,0.4140179210465613,4893.238552570343
1e-05,119,p4,"K_ads,2",137.55955935043144,558.532,-0.753712304128624,0.4140179210465613,4893.238552570343
1e-05,119,p5,A2,0.10000161023644222,0.7439,-0.8655711651613897,0.4140179210465613,4893.238552570343
1e-05,119,p6,E2,149594.10483549142,40000.0,2.7398526208872855,0.4140179210465613,4893.238552570343
1e-05,119,p7,"K_ads,3",89542.45017473568,17197.0,4.206864579562463,0.4140179210465613,4893.238552570343
1e-05,119,p8,"K_ads,4",10000.113468968908,124119.0,-0.9194312436535188,0.4140179210465613,4893.238552570343
1e-05,119,p9,Inhibition / adsorption,100766.56315246085,98084.0,0.027349650834599396,0.4140179210465613,4893.238552570343
1e-06,119,p1,A1,98627.13579605783,15672.02,5.293198693981875,0.41399769352469024,4071.767158508301
1e-06,119,p2,E1,9885.342461855236,3453.38,1.862512223345023,0.41399769352469024,4071.767158508301
1e-06,119,p3,"K_ads,1",137.04454018843512,30.836,3.444303417707716,0.41399769352469024,4071.767158508301
1e-06,119,p4,"K_ads,2",137.4606827680682,558.532,-0.7538893335241881,0.41399769352469024,4071.767158508301
1e-06,119,p5,A2,0.10000161032521919,0.7439,-0.8655711650420498,0.41399769352469024,4071.767158508301
1e-06,119,p6,E2,149594.1029918262,40000.0,2.7398525747956546,0.41399769352469024,4071.767158508301
1e-06,119,p7,"K_ads,3",89507.98955252336,17197.0,4.204860705502318,0.41399769352469024,4071.767158508301
1e-06,119,p8,"K_ads,4",10000.114125903801,124119.0,-0.919431238360736,0.41399769352469024,4071.767158508301
1e-06,119,p9,Inhibition / adsorption,100866.32782885384,98084.0,0.028366785906507097,0.41399769352469024,4071.767158508301
1e-07,119,p1,A1,98627.13583477835,15672.02,5.293198696452554,0.41400101912077986,4064.765570640564
1e-07,119,p2,E1,9885.342447801744,3453.38,1.8625122192755341,0.41400101912077986,4064.765570640564
1e-07,119,p3,"K_ads,1",137.0358801488012,30.836,3.444022575846452,0.41400101912077986,4064.765570640564
1e-07,119,p4,"K_ads,2",137.47812081551115,558.532,-0.7538581123095702,0.41400101912077986,4064.765570640564
1e-07,119,p5,A2,0.10000161031788532,0.7439,-0.8655711650519083,0.41400101912077986,4064.765570640564
1e-07,119,p6,E2,149594.10282118252,40000.0,2.739852570529563,0.41400101912077986,4064.765570640564
1e-07,119,p7,"K_ads,3",89513.28966187235,17197.0,4.205168905150454,0.41400101912077986,4064.765570640564
1e-07,119,p8,"K_ads,4",10000.114191385255,124119.0,-0.9194312378331662,0.41400101912077986,4064.765570640564
1e-07,119,p9,Inhibition / adsorption,100879.51651849289,98084.0,0.02850124911803038,0.41400101912077986,4064.765570640564
1e-05,120,p1,A1,98627.13174677346,15672.02,5.293198435605203,0.41406772053525537,4113.14509677887
1e-05,120,p2,E1,9885.342721240413,3453.38,1.8625122984555458,0.41406772053525537,4113.14509677887
1e-05,120,p3,"K_ads,1",137.01553711992145,30.836,3.4433628589934315,0.41406772053525537,4113.14509677887
1e-05,120,p4,"K_ads,2",137.64415730536754,558.532,-0.7535608392977169,0.41406772053525537,4113.14509677887
1e-05,120,p5,A2,0.10000161131147015,0.7439,-0.8655711637162655,0.41406772053525537,4113.14509677887
1e-05,120,p6,E2,149594.11215552347,40000.0,2.7398528038880867,0.41406772053525537,4113.14509677887
1e-05,120,p7,"K_ads,3",89616.66416431051,17197.0,4.211180099105106,0.41406772053525537,4113.14509677887
1e-05,120,p8,"K_ads,4",10000.110594067904,124119.0,-0.9194312668159759,0.41406772053525537,4113.14509677887
1e-05,120,p9,Inhibition / adsorption,100845.527412438,98084.0,0.028154718531442375,0.41406772053525537,4113.14509677887
1e-06,120,p1,A1,98627.13567540012,15672.02,5.29319868628295,0.4140711260811312,4112.067110776901
1e-06,120,p2,E1,9885.342522609548,3453.38,1.8625122409377328,0.4140711260811312,4112.067110776901
1e-06,120,p3,"K_ads,1",137.0149717291242,30.836,3.4433445235803672,0.4140711260811312,4112.067110776901
1e-06,120,p4,"K_ads,2",137.7053777517541,558.532,-0.7534512297383962,0.4140711260811312,4112.067110776901
1e-06,120,p5,A2,0.10000161034468386,0.7439,-0.8655711650158839,0.4140711260811312,4112.067110776901
1e-06,120,p6,E2,149594.10999533598,40000.0,2.7398527498833993,0.4140711260811312,4112.067110776901
1e-06,120,p7,"K_ads,3",89622.3279478611,17197.0,4.2115094462906955,0.4140711260811312,4112.067110776901
1e-06,120,p8,"K_ads,4",10000.111419907435,124119.0,-0.9194312601623649,0.4140711260811312,4112.067110776901
1e-06,120,p9,Inhibition / adsorption,100892.82434927518,98084.0,0.028636927014346673,0.4140711260811312,4112.067110776901
1e-07,120,p1,A1,98627.13600941945,15672.02,5.29319870759605,0.41406943706150384,4111.97772693634
1e-07,120,p2,E1,9885.342540501139,3453.38,1.8625122461186252,0.41406943706150384,4111.97772693634
1e-07,120,p3,"K_ads,1",137.01349583599708,30.836,3.4432966609157183,0.41406943706150384,4111.97772693634
1e-07,120,p4,"K_ads,2",137.69380912654998,558.532,-0.7534719422941748,0.41406943706150384,4111.97772693634
1e-07,120,p5,A2,0.10000161025654418,0.7439,-0.8655711651343673,0.41406943706150384,4111.97772693634
1e-07,120,p6,E2,149594.11012548875,40000.0,2.7398527531372188,0.41406943706150384,4111.97772693634
1e-07,120,p7,"K_ads,3",89619.50379074467,17197.0,4.211345222465818,0.41406943706150384,4111.97772693634
1e-07,120,p8,"K_ads,4",10000.11137038228,124119.0,-0.9194312605613784,0.41406943706150384,4111.97772693634
1e-07,120,p9,Inhibition / adsorption,100899.76830517418,98084.0,0.02870772302489883,0.41406943706150384,4111.97772693634
1e-05,121,p1,A1,98627.1344700961,15672.02,5.29319860937493,0.4139857040733989,4071.111292362213
1e-05,121,p2,E1,9885.342564234368,3453.38,1.8625122529910894,0.4139857040733989,4071.111292362213
1e-05,121,p3,"K_ads,1",136.91505674738826,30.836,3.4401043179202317,0.4139857040733989,4071.111292362213
1e-05,121,p4,"K_ads,2",137.52709538566327,558.532,-0.7537704278614953,0.4139857040733989,4071.111292362213
1e-05,121,p5,A2,0.10000161064684797,0.7439,-0.8655711646096949,0.4139857040733989,4071.111292362213
1e-05,121,p6,E2,149594.0912509872,40000.0,2.73985228127468,0.4139857040733989,4071.111292362213
1e-05,121,p7,"K_ads,3",89495.03267674641,17197.0,4.20410726735747,0.4139857040733989,4071.111292362213
1e-05,121,p8,"K_ads,4",10000.118685604133,124119.0,-0.9194312016242144,0.4139857040733989,4071.111292362213
1e-05,121,p9,Inhibition / adsorption,100839.5867546574,98084.0,0.028094151489105264,0.4139857040733989,4071.111292362213
1e-06,121,p1,A1,98627.1387046119,15672.02,5.293198879570847,0.413986777732218,4174.322065591812
1e-06,121,p2,E1,9885.342200461753,3453.38,1.8625121476529525,0.413986777732218,4174.322065591812
1e-06,121,p3,"K_ads,1",136.90098421354898,30.836,3.4396479508869175,0.413986777732218,4174.322065591812
1e-06,121,p4,"K_ads,2",137.6716742757475,558.532,-0.7535115727017476,0.413986777732218,4174.322065591812
1e-06,121,p5,A2,0.1000016096274597,0.7439,-0.8655711659800246,0.413986777732218,4174.322065591812
1e-06,121,p6,E2,149594.08915301756,40000.0,2.739852228825439,0.413986777732218,4174.322065591812
1e-06,121,p7,"K_ads,3",89498.45929153866,17197.0,4.204306523901765,0.413986777732218,4174.322065591812
1e-06,121,p8,"K_ads,4",10000.119486614785,124119.0,-0.9194311951706444,0.413986777732218,4174.322065591812
1e-06,121,p9,Inhibition / adsorption,100942.72396651603,98084.0,0.029145670716080405,0.413986777732218,4174.322065591812
1e-07,121,p1,A1,98627.13853980966,15672.02,5.293198869055147,0.4139868129745499,4134.427656888962
1e-07,121,p2,E1,9885.342201686613,3453.38,1.862512148007637,0.4139868129745499,4134.427656888962
1e-07,121,p3,"K_ads,1",136.89982530008436,30.836,3.4396103677547143,0.4139868129745499,4134.427656888962
1e-07,121,p4,"K_ads,2",137.6691599253875,558.532,-0.753516074414022,0.4139868129745499,4134.427656888962
1e-07,121,p5,A2,0.10000160966936042,0.7439,-0.8655711659236989,0.4139868129745499,4134.427656888962
1e-07,121,p6,E2,149594.08897834015,40000.0,2.7398522244585037,0.4139868129745499,4134.427656888962
1e-07,121,p7,"K_ads,3",89498.49162325641,17197.0,4.204308403980718,0.4139868129745499,4134.427656888962
1e-07,121,p8,"K_ads,4",10000.119554568593,124119.0,-0.9194311946231553,0.4139868129745499,4134.427656888962
1e-07,121,p9,Inhibition / adsorption,100942.33028842723,98084.0,0.02914165703302503,0.4139868129745499,4134.427656888962
1e-05,122,p1,A1,98627.13594212932,15672.02,5.293198703302402,0.41394445276633407,3152.0015943050385
1e-05,122,p2,E1,9885.341532840268,3453.38,1.86251195432888,0.41394445276633407,3152.0015943050385
1e-05,122,p3,"K_ads,1",136.54100636087492,30.836,3.4279740031416175,0.41394445276633407,3152.0015943050385
1e-05,122,p4,"K_ads,2",138.06451507964604,558.532,-0.7528082274969992,0.41394445276633407,3152.0015943050385
1e-05,122,p5,A2,0.1000016104451313,0.7439,-0.8655711648808558,0.41394445276633407,3152.0015943050385
1e-05,122,p6,E2,149594.05282159045,40000.0,2.739851320539761,0.41394445276633407,3152.0015943050385
1e-05,122,p7,"K_ads,3",89450.11665319157,17197.0,4.201495415083536,0.41394445276633407,3152.0015943050385
1e-05,122,p8,"K_ads,4",10000.133781766117,124119.0,-0.9194310799976949,0.41394445276633407,3152.0015943050385
1e-05,122,p9,Inhibition / adsorption,101088.13269128432,98084.0,0.030628162506467126,0.41394445276633407,3152.0015943050385
1e-06,122,p1,A1,4.295276503606286,15672.02,-0.9997259270659681,0.4140325676576566,4246.4805154800415
1e-06,122,p2,E1,2.825389405890906,3453.38,-0.999181848100733,0.4140325676576566,4246.4805154800415
1e-06,122,p3,"K_ads,1",102.80258255921025,30.836,2.3338494798031606,0.4140325676576566,4246.4805154800415
1e-06,122,p4,"K_ads,2",45.20023249982911,558.532,-0.9190731551642,0.4140325676576566,4246.4805154800415
1e-06,122,p5,A2,1.5696592480815574,0.7439,1.1100406614888525,0.4140325676576566,4246.4805154800415
1e-06,122,p6,E2,21915.07675567931,40000.0,-0.45212308110801724,0.4140325676576566,4246.4805154800415
1e-06,122,p7,"K_ads,3",24190.09417660152,17197.0,0.40664616948313775,0.4140325676576566,4246.4805154800415
1e-06,122,p8,"K_ads,4",21416.02291997781,124119.0,-0.8274557245870672,0.4140325676576566,4246.4805154800415
1e-06,122,p9,Inhibition / adsorption,23448.595726776624,98084.0,-0.7609335291507624,0.4140325676576566,4246.4805154800415
1e-07,122,p1,A1,98627.13444860344,15672.02,5.293198608003527,0.41394499089777465,4114.526335954666
1e-07,122,p2,E1,9885.341574138283,3453.38,1.862511966287603,0.41394499089777465,4114.526335954666
1e-07,122,p3,"K_ads,1",136.52904533912798,30.836,3.4275861116593584,0.41394499089777465,4114.526335954666
1e-07,122,p4,"K_ads,2",138.09578181398462,558.532,-0.7527522472947215,0.41394499089777465,4114.526335954666
1e-07,122,p5,A2,0.1000016108184946,0.7439,-0.8655711643789561,0.41394499089777465,4114.526335954666
1e-07,122,p6,E2,149594.05656704292,40000.0,2.739851414176073,0.41394499089777465,4114.526335954666
1e-07,122,p7,"K_ads,3",89453.13609992796,17197.0,4.201670994936789,0.41394499089777465,4114.526335954666
1e-07,122,p8,"K_ads,4",10000.132294090148,124119.0,-0.9194310919835791,0.41394499089777465,4114.526335954666
1e-07,122,p9,Inhibition / adsorption,101005.97417084579,98084.0,0.029790528229331877,0.41394499089777465,4114.526335954666
1e-05,123,p1,A1,98627.13384737849,15672.02,5.293198569640575,0.4141161077920387,4154.744699716568
1e-05,123,p2,E1,9885.340299261785,3453.38,1.8625115971198607,0.4141161077920387,4154.744699716568
1e-05,123,p3,"K_ads,1",135.4956991518401,30.836,3.3940750795122625,0.4141161077920387,4154.744699716568
1e-05,123,p4,"K_ads,2",139.98060159092165,558.532,-0.7493776514310342,0.4141161077920387,4154.744699716568
1e-05,123,p5,A2,0.10000161118309805,0.7439,-0.8655711638888318,0.4141161077920387,4154.744699716568
1e-05,123,p6,E2,149593.97417875915,40000.0,2.7398493544689786,0.4141161077920387,4154.744699716568
1e-05,123,p7,"K_ads,3",89765.5428863016,17197.0,4.2198373487411525,0.4141161077920387,4154.744699716568
1e-05,123,p8,"K_ads,4",10000.165792235777,124119.0,-0.919430822096248,0.4141161077920387,4154.744699716568
1e-05,123,p9,Inhibition / adsorption,101294.49947545178,98084.0,0.03273214260686537,0.4141161077920387,4154.744699716568
1e-06,123,p1,A1,98627.13271441526,15672.02,5.293198497348476,0.41409310179097664,4166.187124490738
1e-06,123,p2,E1,9885.340313840865,3453.38,1.862511601341545,0.41409310179097664,4166.187124490738
1e-06,123,p3,"K_ads,1",135.50603160702033,30.836,3.3944101571870653,0.41409310179097664,4166.187124490738
1e-06,123,p4,"K_ads,2",139.92528391616068,558.532,-0.7494766926225165,0.41409310179097664,4166.187124490738
1e-06,123,p5,A2,0.10000161147004064,0.7439,-0.8655711635031045,0.41409310179097664,4166.187124490738
1e-06,123,p6,E2,149593.97353887805,40000.0,2.7398493384719513,0.41409310179097664,4166.187124490738
1e-06,123,p7,"K_ads,3",89732.10494900975,17197.0,4.217892943479081,0.41409310179097664,4166.187124490738
1e-06,123,p8,"K_ads,4",10000.166066990132,124119.0,-0.9194308198826115,0.41409310179097664,4166.187124490738
1e-06,123,p9,Inhibition / adsorption,101171.22923483433,98084.0,0.03147536025074765,0.41409310179097664,4166.187124490738
1e-07,123,p1,A1,98627.13283280018,15672.02,5.293198504902379,0.41409204558749724,4193.822422027588
1e-07,123,p2,E1,9885.340313547422,3453.38,1.8625116012565723,0.41409204558749724,4193.822422027588
1e-07,123,p3,"K_ads,1",135.50890156585467,30.836,3.3945032288835995,0.41409204558749724,4193.822422027588
1e-07,123,p4,"K_ads,2",139.91580420594426,558.532,-0.749493665168792,0.41409204558749724,4193.822422027588
1e-07,123,p5,A2,0.10000161143980918,0.7439,-0.8655711635437434,0.41409204558749724,4193.822422027588
1e-07,123,p6,E2,149593.9736677011,40000.0,2.7398493416925276,0.41409204558749724,4193.822422027588
1e-07,123,p7,"K_ads,3",89730.14116394904,17197.0,4.217778750011574,0.41409204558749724,4193.822422027588
1e-07,123,p8,"K_ads,4",10000.166012696176,124119.0,-0.9194308203200462,0.41409204558749724,4193.822422027588
1e-07,123,p9,Inhibition / adsorption,101179.27097217654,98084.0,0.03155734851939707,0.41409204558749724,4193.822422027588
1e-05,124,p1,A1,98627.13402138522,15672.02,5.293198580743594,0.4141346455407311,4247.617528438568
1e-05,124,p2,E1,9885.339077203122,3453.38,1.8625112432466515,0.4141346455407311,4247.617528438568
1e-05,124,p3,"K_ads,1",135.6376571535246,30.836,3.398678724657044,0.4141346455407311,4247.617528438568
1e-05,124,p4,"K_ads,2",140.31597208159735,558.532,-0.7487772015182705,0.4141346455407311,4247.617528438568
1e-05,124,p5,A2,0.10000161134682556,0.7439,-0.8655711636687382,0.4141346455407311,4247.617528438568
1e-05,124,p6,E2,149593.67335451217,40000.0,2.7398418338628043,0.4141346455407311,4247.617528438568
1e-05,124,p7,"K_ads,3",89797.76006506477,17197.0,4.221710767288758,0.4141346455407311,4247.617528438568
1e-05,124,p8,"K_ads,4",10000.304718184618,124119.0,-0.9194297027998565,0.4141346455407311,4247.617528438568
1e-05,124,p9,Inhibition / adsorption,101353.27754527458,98084.0,0.0333314051759164,0.4141346455407311,4247.617528438568
1e-06,124,p1,A1,98627.13276896301,15672.02,5.293198500829058,0.41412413718811075,4191.529634714127
1e-06,124,p2,E1,9885.339136346596,3453.38,1.8625112603729088,0.41412413718811075,4191.529634714127
1e-06,124,p3,"K_ads,1",135.70463419538913,30.836,3.4008507651896855,0.41412413718811075,4191.529634714127
1e-06,124,p4,"K_ads,2",140.22110155135377,558.532,-0.7489470584472264,0.41412413718811075,4191.529634714127
1e-06,124,p5,A2,0.10000161165757095,0.7439,-0.8655711632510137,0.41412413718811075,4191.529634714127
1e-06,124,p6,E2,149593.70057250297,40000.0,2.739842514312574,0.41412413718811075,4191.529634714127
1e-06,124,p7,"K_ads,3",89779.36649655005,17197.0,4.220641187215796,0.41412413718811075,4191.529634714127
1e-06,124,p8,"K_ads,4",10000.290953149293,124119.0,-0.9194298137017758,0.41412413718811075,4191.529634714127
1e-06,124,p9,Inhibition / adsorption,101302.27890294544,98084.0,0.03281145653669756,0.41412413718811075,4191.529634714127
1e-07,124,p1,A1,98627.13252620319,15672.02,5.293198485339043,0.41412335531917366,4147.0111565589905
1e-07,124,p2,E1,9885.33917230589,3453.38,1.8625112707856912,0.41412335531917366,4147.0111565589905
1e-07,124,p3,"K_ads,1",135.7050185446802,30.836,3.4008632294941044,0.41412335531917366,4147.0111565589905
1e-07,124,p4,"K_ads,2",140.21328915243,558.532,-0.7489610458265059,0.41412335531917366,4147.0111565589905
1e-07,124,p5,A2,0.1000016117137899,0.7439,-0.8655711631754405,0.41412335531917366,4147.0111565589905
1e-07,124,p6,E2,149593.70329337873,40000.0,2.739842582334468,0.41412335531917366,4147.0111565589905
1e-07,124,p7,"K_ads,3",89777.86023075208,17197.0,4.220553598345763,0.41412335531917366,4147.0111565589905
1e-07,124,p8,"K_ads,4",10000.289601291623,124119.0,-0.9194298245934014,0.41412335531917366,4147.0111565589905
1e-07,124,p9,Inhibition / adsorption,101311.27728739104,98084.0,0.03290319815047351,0.41412335531917366,4147.0111565589905
1e-05,125,p1,A1,98627.14345686015,15672.02,5.293199182802226,0.41414024584816306,4296.531739473343
1e-05,125,p2,E1,9885.339162694469,3453.38,1.8625112680024984,0.41414024584816306,4296.531739473343
1e-05,125,p3,"K_ads,1",135.62890982676942,30.836,3.398395052106934,0.41414024584816306,4296.531739473343
1e-05,125,p4,"K_ads,2",140.34025807746727,558.532,-0.74873371968398,0.41414024584816306,4296.531739473343
1e-05,125,p5,A2,0.10000160891342358,0.7439,-0.8655711669398796,0.41414024584816306,4296.531739473343
1e-05,125,p6,E2,149593.73568335926,40000.0,2.7398433920839818,0.41414024584816306,4296.531739473343
1e-05,125,p7,"K_ads,3",89806.07913014556,17197.0,4.222194518238388,0.41414024584816306,4296.531739473343
1e-05,125,p8,"K_ads,4",10000.27354413944,124119.0,-0.9194299539624117,0.41414024584816306,4296.531739473343
1e-05,125,p9,Inhibition / adsorption,101366.86672208316,98084.0,0.03346995149140691,0.41414024584816306,4296.531739473343
1e-06,125,p1,A1,98627.13833050993,15672.02,5.293198855700154,0.4141413922625414,4318.280511379242
1e-06,125,p2,E1,9885.339204087431,3453.38,1.8625112799887158,0.4141413922625414,4318.280511379242
1e-06,125,p3,"K_ads,1",135.638464034086,30.836,3.398704891493255,0.4141413922625414,4318.280511379242
1e-06,125,p4,"K_ads,2",140.32700629150406,558.532,-0.7487574457837616,0.4141413922625414,4318.280511379242
1e-06,125,p5,A2,0.10000161022181482,0.7439,-0.8655711651810527,0.4141413922625414,4318.280511379242
1e-06,125,p6,E2,149593.7155061065,40000.0,2.7398428876526624,0.4141413922625414,4318.280511379242
1e-06,125,p7,"K_ads,3",89808.23795493817,17197.0,4.22232005320336,0.4141413922625414,4318.280511379242
1e-06,125,p8,"K_ads,4",10000.283503758588,124119.0,-0.9194298737199093,0.4141413922625414,4318.280511379242
1e-06,125,p9,Inhibition / adsorption,101321.21826548944,98084.0,0.033004549829630137,0.4141413922625414,4318.280511379242
1e-07,125,p1,A1,98627.13810278625,15672.02,5.2931988411695645,0.4141408775614614,4283.565616369247
1e-07,125,p2,E1,9885.339211292516,3453.38,1.862511282075102,0.4141408775614614,4283.565616369247
1e-07,125,p3,"K_ads,1",135.63987761468104,30.836,3.398750733385687,0.4141408775614614,4283.565616369247
1e-07,125,p4,"K_ads,2",140.32367724914582,558.532,-0.7487634061268722,0.4141408775614614,4283.565616369247
1e-07,125,p5,A2,0.10000161027895949,0.7439,-0.8655711651042352,0.4141408775614614,4283.565616369247
1e-07,125,p6,E2,149593.71647491932,40000.0,2.739842911872983,0.4141408775614614,4283.565616369247
1e-07,125,p7,"K_ads,3",89807.4380293656,17197.0,4.222273537789475,0.4141408775614614,4283.565616369247
1e-07,125,p8,"K_ads,4",10000.283025729632,124119.0,-0.9194298775712854,0.4141408775614614,4283.565616369247
1e-07,125,p9,Inhibition / adsorption,101317.07489048138,98084.0,0.03296230670120897,0.4141408775614614,4283.565616369247
1e-05,126,p1,A1,98627.12862399894,15672.02,5.293198236347257,0.41459266613051704,3262.023714542389
1e-05,126,p2,E1,9885.339797033574,3453.38,1.8625114516889463,0.41459266613051704,3262.023714542389
1e-05,126,p3,"K_ads,1",134.3763360617166,30.836,3.357774551229621,0.41459266613051704,3262.023714542389
1e-05,126,p4,"K_ads,2",142.7477533001318,558.532,-0.7444233216715752,0.41459266613051704,3262.023714542389
1e-05,126,p5,A2,0.10000161260771993,0.7439,-0.86557116197376,0.41459266613051704,3262.023714542389
1e-05,126,p6,E2,149593.6582718629,40000.0,2.7398414567965723,0.41459266613051704,3262.023714542389
1e-05,126,p7,"K_ads,3",90557.17599831788,17197.0,4.265870558720584,0.41459266613051704,3262.023714542389
1e-05,126,p8,"K_ads,4",10000.312245905438,124119.0,-0.9194296421506342,0.41459266613051704,3262.023714542389
1e-05,126,p9,Inhibition / adsorption,101384.45140418527,98084.0,0.033649233352894124,0.41459266613051704,3262.023714542389
1e-06,126,p1,A1,98627.13239287771,15672.02,5.2931984768318125,0.4146235731459654,4276.216692209244
1e-06,126,p2,E1,9885.339804133411,3453.38,1.862511453744856,0.4146235731459654,4276.216692209244
1e-06,126,p3,"K_ads,1",134.3477993659024,30.836,3.356849116808354,0.4146235731459654,4276.216692209244
1e-06,126,p4,"K_ads,2",142.8442659916505,558.532,-0.7442505246044085,0.4146235731459654,4276.216692209244
1e-06,126,p5,A2,0.10000161164398,0.7439,-0.8655711632692835,0.4146235731459654,4276.216692209244
1e-06,126,p6,E2,149593.6636662187,40000.0,2.7398415916554675,0.4146235731459654,4276.216692209244
1e-06,126,p7,"K_ads,3",90604.15190963418,17197.0,4.2686021928030575,0.4146235731459654,4276.216692209244
1e-06,126,p8,"K_ads,4",10000.309486449127,124119.0,-0.9194296643829782,0.4146235731459654,4276.216692209244
1e-06,126,p9,Inhibition / adsorption,101477.49362575098,98084.0,0.034597830693599195,0.4146235731459654,4276.216692209244
1e-07,126,p1,A1,98627.13258830168,15672.02,5.293198489301423,0.4146210797541498,4209.88130736351
1e-07,126,p2,E1,9885.339829285778,3453.38,1.8625114610282616,0.4146210797541498,4209.88130736351
1e-07,126,p3,"K_ads,1",134.35404071093984,30.836,3.3570515213043146,0.4146210797541498,4209.88130736351
1e-07,126,p4,"K_ads,2",142.82207188174655,558.532,-0.7442902611099337,0.4146210797541498,4209.88130736351
1e-07,126,p5,A2,0.10000161158990119,0.7439,-0.8655711633419799,0.4146210797541498,4209.88130736351
1e-07,126,p6,E2,149593.66595053746,40000.0,2.7398416487634365,0.4146210797541498,4209.88130736351
1e-07,126,p7,"K_ads,3",90599.71967698068,17197.0,4.268344459904674,0.4146210797541498,4209.88130736351
1e-07,126,p8,"K_ads,4",10000.308323739144,124119.0,-0.9194296737506816,0.4146210797541498,4209.88130736351
1e-07,126,p9,Inhibition / adsorption,101483.38689352779,98084.0,0.03465791457860391,0.4146210797541498,4209.88130736351
1e-05,127,p1,A1,98627.19708727104,15672.02,5.293202604850621,0.4146254846639432,4351.497107505798
1e-05,127,p2,E1,9885.339526733751,3453.38,1.8625113734178547,0.4146254846639432,4351.497107505798
1e-05,127,p3,"K_ads,1",134.31420270782004,30.836,3.3557595896945145,0.4146254846639432,4351.497107505798
1e-05,127,p4,"K_ads,2",143.0076165031592,558.532,-0.7439580605889025,0.4146254846639432,4351.497107505798
1e-05,127,p5,A2,0.10000159497643114,0.7439,-0.8655711856749144,0.4146254846639432,4351.497107505798
1e-05,127,p6,E2,149593.59979435446,40000.0,2.7398399948588614,0.4146254846639432,4351.497107505798
1e-05,127,p7,"K_ads,3",90622.74522115327,17197.0,4.26968338786726,0.4146254846639432,4351.497107505798
1e-05,127,p8,"K_ads,4",10000.342932024007,124119.0,-0.9194293949191984,0.4146254846639432,4351.497107505798
1e-05,127,p9,Inhibition / adsorption,100798.64560974021,98084.0,0.027676742483383747,0.4146254846639432,4351.497107505798
1e-06,127,p1,A1,98627.82328449145,15672.02,5.293242561232786,0.41463273130452055,4296.065582513809
1e-06,127,p2,E1,9885.497009810537,3453.38,1.862556976009167,0.41463273130452055,4296.065582513809
1e-06,127,p3,"K_ads,1",134.28855642423912,30.836,3.3549278902658948,0.41463273130452055,4296.065582513809
1e-06,127,p4,"K_ads,2",143.10170315172866,558.532,-0.7437896071277409,0.41463273130452055,4296.065582513809
1e-06,127,p5,A2,0.10000140901590862,0.7439,-0.8655714356554529,0.41463273130452055,4296.065582513809
1e-06,127,p6,E2,149594.20471346716,40000.0,2.739855117836679,0.41463273130452055,4296.065582513809
1e-06,127,p7,"K_ads,3",90632.94583332803,17197.0,4.270276550173172,0.41463273130452055,4296.065582513809
1e-06,127,p8,"K_ads,4",10000.087327579093,124119.0,-0.9194314542690556,0.41463273130452055,4296.065582513809
1e-06,127,p9,Inhibition / adsorption,100743.57975283657,98084.0,0.027115327197469164,0.41463273130452055,4296.065582513809
1e-07,127,p1,A1,98627.1981883542,15672.02,5.293202675108518,0.41462828592923445,4273.921657800674
1e-07,127,p2,E1,9885.33917364245,3453.38,1.8625112711727203,0.41462828592923445,4273.921657800674
1e-07,127,p3,"K_ads,1",134.29257660439197,30.836,3.35505826321157,0.41462828592923445,4273.921657800674
1e-07,127,p4,"K_ads,2",143.08964020066585,558.532,-0.7438112047283489,0.41462828592923445,4273.921657800674
1e-07,127,p5,A2,0.10000159473948361,0.7439,-0.8655711859934351,0.41462828592923445,4273.921657800674
1e-07,127,p6,E2,149593.5678398905,40000.0,2.7398391959972623,0.41462828592923445,4273.921657800674
1e-07,127,p7,"K_ads,3",90630.1021838755,17197.0,4.270111192875239,0.41462828592923445,4273.921657800674
1e-07,127,p8,"K_ads,4",10000.360146071533,124119.0,-0.9194292562293321,0.41462828592923445,4273.921657800674
1e-07,127,p9,Inhibition / adsorption,100744.48053940535,98084.0,0.02712451102529826,0.41462828592923445,4273.921657800674
1e-05,128,p1,A1,98627.24171585347,15672.02,5.293205452510491,0.4143717139625924,4295.776949882507
1e-05,128,p2,E1,9885.344842760263,3453.38,1.862512912786969,0.4143717139625924,4295.776949882507
1e-05,128,p3,"K_ads,1",135.21525720926115,30.836,3.384980451720754,0.4143717139625924,4295.776949882507
1e-05,128,p4,"K_ads,2",139.78283573958288,558.532,-0.749731732936371,0.4143717139625924,4295.776949882507
1e-05,128,p5,A2,0.10000158254609344,0.7439,-0.8655712023846035,0.4143717139625924,4295.776949882507
1e-05,128,p6,E2,149593.74457870048,40000.0,2.739843614467512,0.4143717139625924,4295.776949882507
1e-05,128,p7,"K_ads,3",90177.32326970538,17197.0,4.243782245141907,0.4143717139625924,4295.776949882507
1e-05,128,p8,"K_ads,4",10000.270663717152,124119.0,-0.9194299771693524,0.4143717139625924,4295.776949882507
1e-05,128,p9,Inhibition / adsorption,97788.78430236655,98084.0,-0.003009825227697196,0.4143717139625924,4295.776949882507
1e-06,128,p1,A1,98627.24343694314,15672.02,5.293205562329753,0.41436831159628756,4291.189149618149
1e-06,128,p2,E1,9885.344831512302,3453.38,1.8625129095298814,0.41436831159628756,4291.189149618149
1e-06,128,p3,"K_ads,1",135.23098163496846,30.836,3.3854903889923618,0.41436831159628756,4291.189149618149
1e-06,128,p4,"K_ads,2",139.81324761097252,558.532,-0.7496772832873093,0.41436831159628756,4291.189149618149
1e-06,128,p5,A2,0.10000158209504005,0.7439,-0.8655712029909396,0.41436831159628756,4291.189149618149
1e-06,128,p6,E2,149593.73858436933,40000.0,2.7398434646092333,0.41436831159628756,4291.189149618149
1e-06,128,p7,"K_ads,3",90172.76805805389,17197.0,4.243517361054479,0.41436831159628756,4291.189149618149
1e-06,128,p8,"K_ads,4",10000.273634144622,124119.0,-0.9194299532372592,0.41436831159628756,4291.189149618149
1e-06,128,p9,Inhibition / adsorption,97947.62122614477,98084.0,-0.0013904283456550978,0.41436831159628756,4291.189149618149
1e-07,128,p1,A1,98627.24331334769,15672.02,5.293205554443376,0.4143707542664456,4310.346077680588
1e-07,128,p2,E1,9885.344822639265,3453.38,1.8625129069605038,0.4143707542664456,4310.346077680588
1e-07,128,p3,"K_ads,1",135.22584764567705,30.836,3.385323895630985,0.4143707542664456,4310.346077680588
1e-07,128,p4,"K_ads,2",139.8285297530542,558.532,-0.7496499220222759,0.4143707542664456,4310.346077680588
1e-07,128,p5,A2,0.10000158212863319,0.7439,-0.8655712029457814,0.4143707542664456,4310.346077680588
1e-07,128,p6,E2,149593.73861208645,40000.0,2.7398434653021613,0.4143707542664456,4310.346077680588
1e-07,128,p7,"K_ads,3",90176.83982474574,17197.0,4.243754132973526,0.4143707542664456,4310.346077680588
1e-07,128,p8,"K_ads,4",10000.273619727557,124119.0,-0.9194299533534145,0.4143707542664456,4310.346077680588
1e-07,128,p9,Inhibition / adsorption,97951.00625894102,98084.0,-0.0013559167760182835,0.4143707542664456,4310.346077680588
1e-05,129,p1,A1,98627.2353755487,15672.02,5.293205047948426,0.4143875655138358,4342.673552274704
1e-05,129,p2,E1,9885.345428242661,3453.38,1.8625130823259128,0.4143875655138358,4342.673552274704
1e-05,129,p3,"K_ads,1",135.2662916451413,30.836,3.3866354794766282,0.4143875655138358,4342.673552274704
1e-05,129,p4,"K_ads,2",139.58059422191513,558.532,-0.7500938277092178,0.4143875655138358,4342.673552274704
1e-05,129,p5,A2,0.10000158413160687,0.7439,-0.8655712002532506,0.4143875655138358,4342.673552274704
1e-05,129,p6,E2,149593.68661829067,40000.0,2.739842165457267,0.4143875655138358,4342.673552274704
1e-05,129,p7,"K_ads,3",90183.11402245909,17197.0,4.244118975545682,0.4143875655138358,4342.673552274704
1e-05,129,p8,"K_ads,4",10000.300059097975,124119.0,-0.9194297403371121,0.4143875655138358,4342.673552274704
1e-05,129,p9,Inhibition / adsorption,95953.83752510954,98084.0,-0.021717736581812096,0.4143875655138358,4342.673552274704
1e-06,129,p1,A1,98627.23276225821,15672.02,5.293204881199628,0.41437231063057595,4424.177854061127
1e-06,129,p2,E1,9885.345525493261,3453.38,1.862513110486903,0.41437231063057595,4424.177854061127
1e-06,129,p3,"K_ads,1",135.3062845644489,30.836,3.387932434960725,0.41437231063057595,4424.177854061127
1e-06,129,p4,"K_ads,2",139.48418457322975,558.532,-0.7502664402877011,0.41437231063057595,4424.177854061127
1e-06,129,p5,A2,0.10000158480286392,0.7439,-0.8655711993509021,0.41437231063057595,4424.177854061127
1e-06,129,p6,E2,149593.69615888997,40000.0,2.7398424039722493,0.41437231063057595,4424.177854061127
1e-06,129,p7,"K_ads,3",90154.13974978952,17197.0,4.242434130940834,0.41437231063057595,4424.177854061127
1e-06,129,p8,"K_ads,4",10000.295208689196,124119.0,-0.919429779415809,0.41437231063057595,4424.177854061127
1e-06,129,p9,Inhibition / adsorption,95705.36090166192,98084.0,-0.024251040927552755,0.41437231063057595,4424.177854061127
1e-07,129,p1,A1,98627.23302874544,15672.02,5.2932048982036415,0.4143745888371772,4423.4783844947815
1e-07,129,p2,E1,9885.34549135758,3453.38,1.8625131006021869,0.4143745888371772,4423.4783844947815
1e-07,129,p3,"K_ads,1",135.30450804780193,30.836,3.387874823187247,0.4143745888371772,4423.4783844947815
1e-07,129,p4,"K_ads,2",139.4945959134453,558.532,-0.7502477997438906,0.4143745888371772,4423.4783844947815
1e-07,129,p5,A2,0.10000158473776191,0.7439,-0.8655711994384166,0.4143745888371772,4423.4783844947815
1e-07,129,p6,E2,149593.6945169006,40000.0,2.739842362922515,0.4143745888371772,4423.4783844947815
1e-07,129,p7,"K_ads,3",90157.89747382581,17197.0,4.242652641380811,0.4143745888371772,4423.4783844947815
1e-07,129,p8,"K_ads,4",10000.29603122399,124119.0,-0.9194297727888238,0.4143745888371772,4423.4783844947815
1e-07,129,p9,Inhibition / adsorption,95712.39794074836,98084.0,-0.02417929590199873,0.4143745888371772,4423.4783844947815
1e-05,130,p1,A1,98626.91421110432,15672.02,5.293184555092727,0.41476899198177297,3362.405204772949
1e-05,130,p2,E1,9885.34890723583,3453.38,1.8625140897427532,0.41476899198177297,3362.405204772949
1e-05,130,p3,"K_ads,1",136.0068611889699,30.836,3.4106518740747798,0.41476899198177297,3362.405204772949
1e-05,130,p4,"K_ads,2",137.15428160349532,558.532,-0.7544379165320961,0.41476899198177297,3362.405204772949
1e-05,130,p5,A2,0.10000166322349469,0.7439,-0.8655710939326594,0.41476899198177297,3362.405204772949
1e-05,130,p6,E2,149593.44699930205,40000.0,2.739836174982551,0.41476899198177297,3362.405204772949
1e-05,130,p7,"K_ads,3",89865.80217039597,17197.0,4.22566739375449,0.41476899198177297,3362.405204772949
1e-05,130,p8,"K_ads,4",10000.438796403163,124119.0,-0.9194286225605817,0.41476899198177297,3362.405204772949
1e-05,130,p9,Inhibition / adsorption,82343.63874664453,98084.0,-0.16047837826103614,0.41476899198177297,3362.405204772949
1e-06,130,p1,A1,98626.91603580085,15672.02,5.293184671522933,0.4147241373289416,4415.044402837753
1e-06,130,p2,E1,9885.348946219177,3453.38,1.862514101031215,0.4147241373289416,4415.044402837753
1e-06,130,p3,"K_ads,1",136.07841597279815,30.836,3.4129723690750473,0.4147241373289416,4415.044402837753
1e-06,130,p4,"K_ads,2",136.90025977331473,558.532,-0.7548927191757774,0.4147241373289416,4415.044402837753
1e-06,130,p5,A2,0.10000166278426564,0.7439,-0.8655710945231003,0.4147241373289416,4415.044402837753
1e-06,130,p6,E2,149593.46482895705,40000.0,2.739836620723926,0.4147241373289416,4415.044402837753
1e-06,130,p7,"K_ads,3",89793.71424323051,17197.0,4.221475504054807,0.4147241373289416,4415.044402837753
1e-06,130,p8,"K_ads,4",10000.427685594514,124119.0,-0.9194287120779695,0.4147241373289416,4415.044402837753
1e-06,130,p9,Inhibition / adsorption,82359.75775816174,98084.0,-0.16031403941354616,0.4147241373289416,4415.044402837753
1e-07,130,p1,A1,98626.91615739622,15672.02,5.293184679281689,0.4147258475656852,4366.441125869751
1e-07,130,p2,E1,9885.348942451574,3453.38,1.8625140999402248,0.4147258475656852,4366.441125869751
1e-07,130,p3,"K_ads,1",136.07524944970012,30.836,3.41286967990985,0.4147258475656852,4366.441125869751
1e-07,130,p4,"K_ads,2",136.90933139955362,558.532,-0.7548764772662021,0.4147258475656852,4366.441125869751
1e-07,130,p5,A2,0.10000166275660026,0.7439,-0.86557109456029,0.4147258475656852,4366.441125869751
1e-07,130,p6,E2,149593.4637903781,40000.0,2.7398365947594523,0.4147258475656852,4366.441125869751
1e-07,130,p7,"K_ads,3",89796.60064887894,17197.0,4.221643347611732,0.4147258475656852,4366.441125869751
1e-07,130,p8,"K_ads,4",10000.428329077578,124119.0,-0.9194287068935653,0.4147258475656852,4366.441125869751
1e-07,130,p9,Inhibition / adsorption,82360.34052724595,98084.0,-0.16030809788297837,0.4147258475656852,4366.441125869751
1e-05,131,p1,A1,98626.91563499553,15672.02,5.2931846459483545,0.41466024307421145,4473.52046751976
1e-05,131,p2,E1,9885.348820248673,3453.38,1.8625140645537628,0.41466024307421145,4473.52046751976
1e-05,131,p3,"K_ads,1",136.18656164548472,30.836,3.4164794929784903,0.41466024307421145,4473.52046751976
1e-05,131,p4,"K_ads,2",136.5285942874555,558.532,-0.7555581519278117,0.41466024307421145,4473.52046751976
1e-05,131,p5,A2,0.10000166291462897,0.7439,-0.8655710943478573,0.41466024307421145,4473.52046751976
1e-05,131,p6,E2,149593.38555280498,40000.0,2.7398346388201245,0.41466024307421145,4473.52046751976
1e-05,131,p7,"K_ads,3",89678.8920612831,17197.0,4.214798631231209,0.41466024307421145,4473.52046751976
1e-05,131,p8,"K_ads,4",10000.47852456227,124119.0,-0.9194283024793766,0.41466024307421145,4473.52046751976
1e-05,131,p9,Inhibition / adsorption,82272.2300941936,98084.0,-0.16120641394933324,0.41466024307421145,4473.52046751976
1e-06,131,p1,A1,98626.91506519898,15672.02,5.293184609590785,0.4146596068570612,4443.1083984375
1e-06,131,p2,E1,9885.34889933561,3453.38,1.8625140874550756,0.4146596068570612,4443.1083984375
1e-06,131,p3,"K_ads,1",136.1361725060348,30.836,3.414845391945609,0.4146596068570612,4443.1083984375
1e-06,131,p4,"K_ads,2",136.666440787894,558.532,-0.7553113504904034,0.4146596068570612,4443.1083984375
1e-06,131,p5,A2,0.10000166302707074,0.7439,-0.8655710941967056,0.4146596068570612,4443.1083984375
1e-06,131,p6,E2,149593.38784997698,40000.0,2.7398346962494244,0.4146596068570612,4443.1083984375
1e-06,131,p7,"K_ads,3",89691.59608997066,17197.0,4.21553736639941,0.4146596068570612,4443.1083984375
1e-06,131,p8,"K_ads,4",10000.477034618381,124119.0,-0.9194283144835329,0.4146596068570612,4443.1083984375
1e-06,131,p9,Inhibition / adsorption,82354.89387441167,98084.0,-0.16036362837555895,0.4146596068570612,4443.1083984375
1e-07,131,p1,A1,98626.91516828894,15672.02,5.293184616168747,0.41465863589245733,4399.098018169403
1e-07,131,p2,E1,9885.348917273386,3453.38,1.8625140926493424,0.41465863589245733,4399.098018169403
1e-07,131,p3,"K_ads,1",136.13674285700017,30.836,3.4148638882150792,0.41465863589245733,4399.098018169403
1e-07,131,p4,"K_ads,2",136.6595396029728,558.532,-0.7553237064251058,0.41465863589245733,4399.098018169403
1e-07,131,p5,A2,0.10000166299799775,0.7439,-0.8655710942357875,0.41465863589245733,4399.098018169403
1e-07,131,p6,E2,149593.39201185957,40000.0,2.739834800296489,0.41465863589245733,4399.098018169403
1e-07,131,p7,"K_ads,3",89689.82140650143,17197.0,4.21543416912842,0.41465863589245733,4399.098018169403
1e-07,131,p8,"K_ads,4",10000.474302408365,124119.0,-0.9194283364963594,0.41465863589245733,4399.098018169403
1e-07,131,p9,Inhibition / adsorption,82353.7577986544,98084.0,-0.1603752110573141,0.41465863589245733,4399.098018169403
1e-05,132,p1,A1,98626.91575540589,15672.02,5.293184653631497,0.41462435646117596,4432.508489847183
1e-05,132,p2,E1,9885.34893400405,3453.38,1.862514097494064,0.41462435646117596,4432.508489847183
1e-05,132,p3,"K_ads,1",136.16532026641167,30.836,3.4157906429631493,0.41462435646117596,4432.508489847183
1e-05,132,p4,"K_ads,2",136.52171118255694,558.532,-0.7555704754919021,0.41462435646117596,4432.508489847183
1e-05,132,p5,A2,0.10000166285760442,0.7439,-0.8655710944245135,0.41462435646117596,4432.508489847183
1e-05,132,p6,E2,149593.30108680998,40000.0,2.7398325271702495,0.41462435646117596,4432.508489847183
1e-05,132,p7,"K_ads,3",89636.60326592819,17197.0,4.212339551429214,0.41462435646117596,4432.508489847183
1e-05,132,p8,"K_ads,4",10000.536807831242,124119.0,-0.919427832903655,0.41462435646117596,4432.508489847183
1e-05,132,p9,Inhibition / adsorption,82357.54887229491,98084.0,-0.1603365597620926,0.41462435646117596,4432.508489847183
1e-06,132,p1,A1,98626.91427158806,15672.02,5.293184558952072,0.41458976359779065,4511.814444541931
1e-06,132,p2,E1,9885.348880030262,3453.38,1.8625140818647996,0.41458976359779065,4511.814444541931
1e-06,132,p3,"K_ads,1",136.18065938091834,30.836,3.416288084735969,0.41458976359779065,4511.814444541931
1e-06,132,p4,"K_ads,2",136.43236378801785,558.532,-0.7557304437561002,0.41458976359779065,4511.814444541931
1e-06,132,p5,A2,0.10000166322113693,0.7439,-0.8655710939358289,0.41458976359779065,4511.814444541931
1e-06,132,p6,E2,149593.29140685897,40000.0,2.7398322851714743,0.41458976359779065,4511.814444541931
1e-06,132,p7,"K_ads,3",89583.16754778978,17197.0,4.2092322816648124,0.41458976359779065,4511.814444541931
1e-06,132,p8,"K_ads,4",10000.543627403087,124119.0,-0.9194277779598362,0.41458976359779065,4511.814444541931
1e-06,132,p9,Inhibition / adsorption,82358.65228044947,98084.0,-0.16032531013774445,0.41458976359779065,4511.814444541931
1e-07,132,p1,A1,98626.91455605015,15672.02,5.293184577103024,0.4145888528423829,4427.178079843521
1e-07,132,p2,E1,9885.348870065445,3453.38,1.862514078979274,0.4145888528423829,4427.178079843521
1e-07,132,p3,"K_ads,1",136.18091836600993,30.836,3.4162964835260716,0.4145888528423829,4427.178079843521
1e-07,132,p4,"K_ads,2",136.4314847872781,558.532,-0.7557320175258031,0.4145888528423829,4427.178079843521
1e-07,132,p5,A2,0.10000166315708957,0.7439,-0.8655710940219256,0.4145888528423829,4427.178079843521
1e-07,132,p6,E2,149593.28137696945,40000.0,2.739832034424236,0.4145888528423829,4427.178079843521
1e-07,132,p7,"K_ads,3",89581.6657135238,17197.0,4.209144950486934,0.4145888528423829,4427.178079843521
1e-07,132,p8,"K_ads,4",10000.550868940292,124119.0,-0.9194277196163336,0.4145888528423829,4427.178079843521
1e-07,132,p9,Inhibition / adsorption,82356.67193391116,98084.0,-0.16034550044950086,0.4145888528423829,4427.178079843521
1e-05,133,p1,A1,98626.908691932,15672.02,5.293184202925468,0.41460816108906956,4527.619077682495
1e-05,133,p2,E1,9885.349033158482,3453.38,1.862514126206349,0.41460816108906956,4527.619077682495
1e-05,133,p3,"K_ads,1",136.1720738033366,30.836,3.416009657651336,0.41460816108906956,4527.619077682495
1e-05,133,p4,"K_ads,2",136.4222532678897,558.532,-0.7557485457093064,0.41460816108906956,4527.619077682495
1e-05,133,p5,A2,0.10000166449038159,0.7439,-0.8655710922296255,0.41460816108906956,4527.619077682495
1e-05,133,p6,E2,149593.29248829963,40000.0,2.739832312207491,0.41460816108906956,4527.619077682495
1e-05,133,p7,"K_ads,3",89596.2218032624,17197.0,4.2099913824075355,0.41460816108906956,4527.619077682495
1e-05,133,p8,"K_ads,4",10000.543093280688,124119.0,-0.9194277822631451,0.41460816108906956,4527.619077682495
1e-05,133,p9,Inhibition / adsorption,82235.60593410094,98084.0,-0.1615798098150469,0.41460816108906956,4527.619077682495
1e-06,133,p1,A1,98626.91436403175,15672.02,5.293184564850717,0.41461538433250733,4466.722577095032
1e-06,133,p2,E1,9885.348872692612,3453.38,1.8625140797400261,0.41461538433250733,4466.722577095032
1e-06,133,p3,"K_ads,1",136.1679402699421,30.836,3.415875608702235,0.41461538433250733,4466.722577095032
1e-06,133,p4,"K_ads,2",136.525332358599,558.532,-0.7555639921103912,0.41461538433250733,4466.722577095032
1e-06,133,p5,A2,0.10000166320031972,0.7439,-0.8655710939638126,0.41461538433250733,4466.722577095032
1e-06,133,p6,E2,149593.31577858826,40000.0,2.7398328944647066,0.41461538433250733,4466.722577095032
1e-06,133,p7,"K_ads,3",89621.7419412159,17197.0,4.2114753701934005,0.41461538433250733,4466.722577095032
1e-06,133,p8,"K_ads,4",10000.526238755094,124119.0,-0.9194279180564209,0.41461538433250733,4466.722577095032
1e-06,133,p9,Inhibition / adsorption,82345.41410190777,98084.0,-0.16046027790559353,0.41461538433250733,4466.722577095032
1e-07,133,p1,A1,98626.91450662173,15672.02,5.293184573949097,0.4146125785434139,4525.036306381226
1e-07,133,p2,E1,9885.348861281316,3453.38,1.8625140764356416,0.4146125785434139,4525.036306381226
1e-07,133,p3,"K_ads,1",136.16770293435155,30.836,3.4158679119973914,0.4146125785434139,4525.036306381226
1e-07,133,p4,"K_ads,2",136.52508830840264,558.532,-0.7555644290597447,0.4146125785434139,4525.036306381226
1e-07,133,p5,A2,0.10000166316998407,0.7439,-0.865571094004592,0.4146125785434139,4525.036306381226
1e-07,133,p6,E2,149593.30990282047,40000.0,2.739832747570512,0.4146125785434139,4525.036306381226
1e-07,133,p7,"K_ads,3",89621.08342195605,17197.0,4.211437077510964,0.4146125785434139,4525.036306381226
1e-07,133,p8,"K_ads,4",10000.530385546412,124119.0,-0.9194278846466181,0.4146125785434139,4525.036306381226
1e-07,133,p9,Inhibition / adsorption,82375.37173441677,98084.0,-0.16015484957366372,0.4146125785434139,4525.036306381226
1e-05,134,p1,A1,98626.91799964696,15672.02,5.293184796831994,0.4146726724152214,3485.631425857544
1e-05,134,p2,E1,9885.348699575383,3453.38,1.8625140296102318,0.4146726724152214,3485.631425857544
1e-05,134,p3,"K_ads,1",136.15130239803628,30.836,3.4153360487104774,0.4146726724152214,3485.631425857544
1e-05,134,p4,"K_ads,2",136.83766539843518,558.532,-0.7550047886272672,0.4146726724152214,3485.631425857544
1e-05,134,p5,A2,0.10000166239148063,0.7439,-0.8655710950511081,0.4146726724152214,3485.631425857544
1e-05,134,p6,E2,149593.27903410536,40000.0,2.739831975852634,0.4146726724152214,3485.631425857544
1e-05,134,p7,"K_ads,3",89760.12280188696,17197.0,4.2195221725816685,0.4146726724152214,3485.631425857544
1e-05,134,p8,"K_ads,4",10000.552416715045,124119.0,-0.9194277071462464,0.4146726724152214,3485.631425857544
1e-05,134,p9,Inhibition / adsorption,82748.89352482832,98084.0,-0.15634666688931606,0.4146726724152214,3485.631425857544
1e-06,134,p1,A1,98626.91489706196,15672.02,5.2931845988623,0.414693070302604,4525.370119571686
1e-06,134,p2,E1,9885.348820418958,3453.38,1.8625140646030722,0.414693070302604,4525.370119571686
1e-06,134,p3,"K_ads,1",136.17659388828102,30.836,3.4161562423232916,0.414693070302604,4525.370119571686
1e-06,134,p4,"K_ads,2",136.74569601946854,558.532,-0.7551694513126043,0.414693070302604,4525.370119571686
1e-06,134,p5,A2,0.10000166308869635,0.7439,-0.8655710941138642,0.414693070302604,4525.370119571686
1e-06,134,p6,E2,149593.3578798728,40000.0,2.7398339469968205,0.414693070302604,4525.370119571686
1e-06,134,p7,"K_ads,3",89747.870056536,17197.0,4.218809679393848,0.414693070302604,4525.370119571686
1e-06,134,p8,"K_ads,4",10000.497173739313,124119.0,-0.9194281522269813,0.414693070302604,4525.370119571686
1e-06,134,p9,Inhibition / adsorption,82402.34632585906,98084.0,-0.1598798343678983,0.414693070302604,4525.370119571686
1e-07,134,p1,A1,98626.91478498594,15672.02,5.293184591710956,0.41469234134204513,4512.035285711288
1e-07,134,p2,E1,9885.348793935913,3453.38,1.8625140569343404,0.41469234134204513,4512.035285711288
1e-07,134,p3,"K_ads,1",136.17840140084047,30.836,3.416214859282672,0.41469234134204513,4512.035285711288
1e-07,134,p4,"K_ads,2",136.74949485514554,558.532,-0.7551626498479128,0.41469234134204513,4512.035285711288
1e-07,134,p5,A2,0.10000166312223273,0.7439,-0.8655710940687825,0.41469234134204513,4512.035285711288
1e-07,134,p6,E2,149593.34633939146,40000.0,2.739833658484786,0.41469234134204513,4512.035285711288
1e-07,134,p7,"K_ads,3",89746.55339890599,17197.0,4.218733116177589,0.41469234134204513,4512.035285711288
1e-07,134,p8,"K_ads,4",10000.505028322665,124119.0,-0.9194280889442982,0.41469234134204513,4512.035285711288
1e-07,134,p9,Inhibition / adsorption,82398.9825039224,98084.0,-0.15991412968555122,0.41469234134204513,4512.035285711288
1e-05,135,p1,A1,98626.91519661866,15672.02,5.29318461797641,0.4147011044648467,4579.929172992706
1e-05,135,p2,E1,9885.348629221711,3453.38,1.8625140092378223,0.4147011044648467,4579.929172992706
1e-05,135,p3,"K_ads,1",136.12366304696093,30.836,3.4144397148450167,0.4147011044648467,4579.929172992706
1e-05,135,p4,"K_ads,2",136.88844939018276,558.532,-0.7549138645768143,0.4147011044648467,4579.929172992706
1e-05,135,p5,A2,0.10000166306968904,0.7439,-0.8655710941394151,0.4147011044648467,4579.929172992706
1e-05,135,p6,E2,149593.22316304815,40000.0,2.739830579076204,0.4147011044648467,4579.929172992706
1e-05,135,p7,"K_ads,3",89771.04005819416,17197.0,4.220157007512599,0.4147011044648467,4579.929172992706
1e-05,135,p8,"K_ads,4",10000.59387567276,124119.0,-0.9194273731203704,0.4147011044648467,4579.929172992706
1e-05,135,p9,Inhibition / adsorption,82450.93625608411,98084.0,-0.15938444337420873,0.4147011044648467,4579.929172992706
1e-06,135,p1,A1,98626.91384206775,15672.02,5.293184531545247,0.4146842873131829,4540.767462968826
1e-06,135,p2,E1,9885.348783448131,3453.38,1.862514053897379,0.4146842873131829,4540.767462968826
1e-06,135,p3,"K_ads,1",136.15855123039282,30.836,3.415571125645117,0.4146842873131829,4540.767462968826
1e-06,135,p4,"K_ads,2",136.77289489775126,558.532,-0.7551207542311787,0.4146842873131829,4540.767462968826
1e-06,135,p5,A2,0.10000166334648741,0.7439,-0.8655710937673243,0.4146842873131829,4540.767462968826
1e-06,135,p6,E2,149593.34433155746,40000.0,2.7398336082889365,0.4146842873131829,4540.767462968826
1e-06,135,p7,"K_ads,3",89737.47834039242,17197.0,4.218205404453824,0.4146842873131829,4540.767462968826
1e-06,135,p8,"K_ads,4",10000.506339664786,124119.0,-0.9194280783790976,0.4146842873131829,4540.767462968826
1e-06,135,p9,Inhibition / adsorption,82415.75517144479,98084.0,-0.15974312659103634,0.4146842873131829,4540.767462968826
1e-07,135,p1,A1,98626.91322221994,15672.02,5.293184491994008,0.4146859051179341,4545.3250279426575
1e-07,135,p2,E1,9885.348798054882,3453.38,1.8625140581270758,0.4146859051179341,4545.3250279426575
1e-07,135,p3,"K_ads,1",136.1597895548198,30.836,3.4156112840452657,0.4146859051179341,4545.3250279426575
1e-07,135,p4,"K_ads,2",136.76567318851528,558.532,-0.7551336840350862,0.4146859051179341,4545.3250279426575
1e-07,135,p5,A2,0.10000166348852298,0.7439,-0.8655710935763906,0.4146859051179341,4545.3250279426575
1e-07,135,p6,E2,149593.34293151766,40000.0,2.7398335732879415,0.4146859051179341,4545.3250279426575
1e-07,135,p7,"K_ads,3",89739.15305016868,17197.0,4.218302788286834,0.4146859051179341,4545.3250279426575
1e-07,135,p8,"K_ads,4",10000.50732267229,124119.0,-0.9194280704592183,0.4146859051179341,4545.3250279426575
1e-07,135,p9,Inhibition / adsorption,82410.86309292406,98084.0,-0.15979300300840035,0.4146859051179341,4545.3250279426575
1e-05,136,p1,A1,98626.9211010059,15672.02,5.293184994723456,0.40665274591418893,4594.654220581055
1e-05,136,p2,E1,9885.347975379744,3453.38,1.8625138199039037,0.40665274591418893,4594.654220581055
1e-05,136,p3,"K_ads,1",135.49154688853793,30.836,3.3939404231592274,0.40665274591418893,4594.654220581055
1e-05,136,p4,"K_ads,2",140.11756712798697,558.532,-0.7491324272772429,0.40665274591418893,4594.654220581055
1e-05,136,p5,A2,0.1000016618491349,0.7439,-0.8655710957801654,0.40665274591418893,4594.654220581055
1e-05,136,p6,E2,149591.04382621116,40000.0,2.739776095655279,0.40665274591418893,4594.654220581055
1e-05,136,p7,"K_ads,3",90014.48347051413,17197.0,4.23431316337234,0.40665274591418893,4594.654220581055
1e-05,136,p8,"K_ads,4",10935.503076384768,124119.0,-0.9118950114294767,0.40665274591418893,4594.654220581055
1e-05,136,p9,Inhibition / adsorption,82453.64096482549,98084.0,-0.1593568679415043,0.40665274591418893,4594.654220581055
1e-06,136,p1,A1,98626.91914712403,15672.02,5.293184870050193,0.4075164145639873,4582.516333818436
1e-06,136,p2,E1,9885.347984546976,3453.38,1.8625138225584719,0.4075164145639873,4582.516333818436
1e-06,136,p3,"K_ads,1",135.56850833941948,30.836,3.3964362543591737,0.4075164145639873,4582.516333818436
1e-06,136,p4,"K_ads,2",139.78580708514912,558.532,-0.7497264130163551,0.4075164145639873,4582.516333818436
1e-06,136,p5,A2,0.10000166230839834,0.7439,-0.865571095162793,0.4075164145639873,4582.516333818436
1e-06,136,p6,E2,149591.04445109284,40000.0,2.7397761112773207,0.4075164145639873,4582.516333818436
1e-06,136,p7,"K_ads,3",89997.29346363246,17197.0,4.233313570019914,0.4075164145639873,4582.516333818436
1e-06,136,p8,"K_ads,4",10830.431703840244,124119.0,-0.9127415488052576,0.4075164145639873,4582.516333818436
1e-06,136,p9,Inhibition / adsorption,82518.92252692585,98084.0,-0.15869130003949833,0.4075164145639873,4582.516333818436
1e-07,136,p1,A1,98626.91923491628,15672.02,5.293184875652039,0.40755054165569926,4596.68717622757
1e-07,136,p2,E1,9885.347966227957,3453.38,1.8625138172538083,0.40755054165569926,4596.68717622757
1e-07,136,p3,"K_ads,1",135.56256378954532,30.836,3.396243474819864,0.40755054165569926,4596.68717622757
1e-07,136,p4,"K_ads,2",139.79902244912012,558.532,-0.7497027521267893,0.40755054165569926,4596.68717622757
1e-07,136,p5,A2,0.10000166229249645,0.7439,-0.8655710951841694,0.40755054165569926,4596.68717622757
1e-07,136,p6,E2,149591.04395100748,40000.0,2.739776098775187,0.40755054165569926,4596.68717622757
1e-07,136,p7,"K_ads,3",90004.0709550009,17197.0,4.2337076789556845,0.40755054165569926,4596.68717622757
1e-07,136,p8,"K_ads,4",10826.76366364015,124119.0,-0.9127711014136421,0.40755054165569926,4596.68717622757
1e-07,136,p9,Inhibition / adsorption,82531.03516827388,98084.0,-0.1585678075091362,0.40755054165569926,4596.68717622757
1e-05,137,p1,A1,98627.7457125218,15672.02,5.2932376115217945,0.18309025552554012,4736.1342833042145
1e-05,137,p2,E1,9885.499280019825,3453.38,1.8625576333967953,0.18309025552554012,4736.1342833042145
1e-05,137,p3,"K_ads,1",93.6380921209891,30.836,2.0366484667592784,0.18309025552554012,4736.1342833042145
1e-05,137,p4,"K_ads,2",312.1974500116981,558.532,-0.4410392779434337,0.18309025552554012,4736.1342833042145
1e-05,137,p5,A2,0.10000142730194893,0.7439,-0.8655714110741377,0.18309025552554012,4736.1342833042145
1e-05,137,p6,E2,142237.67974727903,40000.0,2.555941993681976,0.18309025552554012,4736.1342833042145
1e-05,137,p7,"K_ads,3",24556.58644192937,17197.0,0.42795757643364357,0.18309025552554012,4736.1342833042145
1e-05,137,p8,"K_ads,4",149594.14070073684,124119.0,0.20524771147638024,0.18309025552554012,4736.1342833042145
1e-05,137,p9,Inhibition / adsorption,81342.98146643746,98084.0,-0.17068042222546534,0.18309025552554012,4736.1342833042145
1e-06,137,p1,A1,98627.77395594202,15672.02,5.293239413677497,0.40815495838776955,4668.21577334404
1e-06,137,p2,E1,9885.498607502823,3453.38,1.8625574386551211,0.40815495838776955,4668.21577334404
1e-06,137,p3,"K_ads,1",135.65844569569344,30.836,3.399352889340169,0.40815495838776955,4668.21577334404
1e-06,137,p4,"K_ads,2",139.50149349672276,558.532,-0.7502354502575989,0.40815495838776955,4668.21577334404
1e-06,137,p5,A2,0.10000142096938854,0.7439,-0.8655714195867877,0.40815495838776955,4668.21577334404
1e-06,137,p6,E2,149593.7449707123,40000.0,2.7398436242678073,0.40815495838776955,4668.21577334404
1e-06,137,p7,"K_ads,3",89977.98660807141,17197.0,4.232190882599954,0.40815495838776955,4668.21577334404
1e-06,137,p8,"K_ads,4",10753.33275308868,124119.0,-0.9133627184146772,0.40815495838776955,4668.21577334404
1e-06,137,p9,Inhibition / adsorption,82556.08738414678,98084.0,-0.1583123915812285,0.40815495838776955,4668.21577334404
1e-07,137,p1,A1,98626.92635618617,15672.02,5.293185330045914,0.4081301363204702,4699.086378335953
1e-07,137,p2,E1,9885.347961666528,3453.38,1.862513815932949,0.4081301363204702,4699.086378335953
1e-07,137,p3,"K_ads,1",135.65560311917292,30.836,3.3992607056418773,0.4081301363204702,4699.086378335953
1e-07,137,p4,"K_ads,2",139.50884624222272,558.532,-0.7502222858453541,0.4081301363204702,4699.086378335953
1e-07,137,p5,A2,0.10000166061133285,0.7439,-0.8655710974441015,0.4081301363204702,4699.086378335953
1e-07,137,p6,E2,149591.04391201248,40000.0,2.739776097800312,0.4081301363204702,4699.086378335953
1e-07,137,p7,"K_ads,3",89976.5358225903,17197.0,4.232106519892441,0.4081301363204702,4699.086378335953
1e-07,137,p8,"K_ads,4",10756.250108684264,124119.0,-0.9133392139101647,0.4081301363204702,4699.086378335953
1e-07,137,p9,Inhibition / adsorption,82531.68540014848,98084.0,-0.15856117817229645,0.4081301363204702,4699.086378335953
1e-05,138,p1,A1,98626.94227251971,15672.02,5.2931863456350685,0.41009444699937986,3595.333525657654
1e-05,138,p2,E1,9885.34869154582,3453.38,1.8625140272851002,0.41009444699937986,3595.333525657654
1e-05,138,p3,"K_ads,1",136.41139262791904,30.836,3.423770678036031,0.41009444699937986,3595.333525657654
1e-05,138,p4,"K_ads,2",137.62329354325658,558.532,-0.7535981939382944,0.41009444699937986,3595.333525657654
1e-05,138,p5,A2,0.10000165665082196,0.7439,-0.8655711027680845,0.41009444699937986,3595.333525657654
1e-05,138,p6,E2,149591.05218813373,40000.0,2.7397763047033434,0.41009444699937986,3595.333525657654
1e-05,138,p7,"K_ads,3",89624.2303346311,17197.0,4.211620069467412,0.41009444699937986,3595.333525657654
1e-05,138,p8,"K_ads,4",10504.26197539148,124119.0,-0.9153694279248827,0.41009444699937986,3595.333525657654
1e-05,138,p9,Inhibition / adsorption,82427.1818691558,98084.0,-0.15962662749117287,0.41009444699937986,3595.333525657654
1e-06,138,p1,A1,98626.94140680533,15672.02,5.293186290395579,0.41058204810872184,4691.042620420456
1e-06,138,p2,E1,9885.348814924331,3453.38,1.8625140630119856,0.41058204810872184,4691.042620420456
1e-06,138,p3,"K_ads,1",136.53190192385208,30.836,3.4276787496384773,0.41058204810872184,4691.042620420456
1e-06,138,p4,"K_ads,2",137.29505088396903,558.532,-0.7541858821267734,0.41058204810872184,4691.042620420456
1e-06,138,p5,A2,0.10000165682582254,0.7439,-0.8655711025328371,0.41058204810872184,4691.042620420456
1e-06,138,p6,E2,149591.05659641497,40000.0,2.7397764149103745,0.41058204810872184,4691.042620420456
1e-06,138,p7,"K_ads,3",89597.86044110882,17197.0,4.210086668669467,0.41058204810872184,4691.042620420456
1e-06,138,p8,"K_ads,4",10447.479928896057,124119.0,-0.9158269086207909,0.41058204810872184,4691.042620420456
1e-06,138,p9,Inhibition / adsorption,82373.97368328315,98084.0,-0.1601691031841773,0.41058204810872184,4691.042620420456
1e-07,138,p1,A1,98627.77654484748,15672.02,5.2932395788703355,0.4105531945525754,4702.066086292267
1e-07,138,p2,E1,9885.498769454154,3453.38,1.8625574855515912,0.4105531945525754,4702.066086292267
1e-07,138,p3,"K_ads,1",136.53262824001936,30.836,3.4277023038013805,0.4105531945525754,4702.066086292267
1e-07,138,p4,"K_ads,2",137.29340903327503,558.532,-0.7541888217089173,0.4105531945525754,4702.066086292267
1e-07,138,p5,A2,0.1000014203149192,0.7439,-0.8655714204665691,0.4105531945525754,4702.066086292267
1e-07,138,p6,E2,149593.74694355545,40000.0,2.7398436735888865,0.4105531945525754,4702.066086292267
1e-07,138,p7,"K_ads,3",89595.82792651563,17197.0,4.209968478601827,0.4105531945525754,4702.066086292267
1e-07,138,p8,"K_ads,4",10450.541620757804,124119.0,-0.9158022412301274,0.4105531945525754,4702.066086292267
1e-07,138,p9,Inhibition / adsorption,82395.53176513403,98084.0,-0.15994931115029942,0.4105531945525754,4702.066086292267
1e-05,139,p1,A1,98626.98139590987,15672.02,5.293188842019718,0.39084167791695196,4667.251346349716
1e-05,139,p2,E1,9885.3516735175,3453.38,1.862514890778744,0.39084167791695196,4667.251346349716
1e-05,139,p3,"K_ads,1",135.27922709458065,30.836,3.3870549712861804,0.39084167791695196,4667.251346349716
1e-05,139,p4,"K_ads,2",144.69324360593907,558.532,-0.740940100825129,0.39084167791695196,4667.251346349716
1e-05,139,p5,A2,0.10000164658449148,0.7439,-0.8655711162999173,0.39084167791695196,4667.251346349716
1e-05,139,p6,E2,149591.0804336279,40000.0,2.739777010840698,0.39084167791695196,4667.251346349716
1e-05,139,p7,"K_ads,3",89532.8733843046,17197.0,4.206307692289621,0.39084167791695196,4667.251346349716
1e-05,139,p8,"K_ads,4",13004.145276440706,124119.0,-0.8952284076052763,0.39084167791695196,4667.251346349716
1e-05,139,p9,Inhibition / adsorption,82270.28139160221,98084.0,-0.16122628164020417,0.39084167791695196,4667.251346349716
1e-06,139,p1,A1,98626.98454093459,15672.02,5.293189042697405,0.3908701076125523,4675.0103595256805
1e-06,139,p2,E1,9885.351605425943,3453.38,1.8625148710613784,0.3908701076125523,4675.0103595256805
1e-06,139,p3,"K_ads,1",135.31299827933222,30.836,3.3881501582349274,0.3908701076125523,4675.0103595256805
1e-06,139,p4,"K_ads,2",144.67736741304125,558.532,-0.7409685256833248,0.3908701076125523,4675.0103595256805
1e-06,139,p5,A2,0.10000164584749133,0.7439,-0.8655711172906422,0.3908701076125523,4675.0103595256805
1e-06,139,p6,E2,149591.07870123873,40000.0,2.739776967530968,0.3908701076125523,4675.0103595256805
1e-06,139,p7,"K_ads,3",89531.0542240226,17197.0,4.206201908706321,0.3908701076125523,4675.0103595256805
1e-06,139,p8,"K_ads,4",13000.598501719483,124119.0,-0.895256983203865,0.3908701076125523,4675.0103595256805
1e-06,139,p9,Inhibition / adsorption,82208.83278302201,98084.0,-0.16185277126726064,0.3908701076125523,4675.0103595256805
1e-07,139,p1,A1,98626.98424472474,15672.02,5.2931890237968515,0.39086133903215364,4656.654074192047
1e-07,139,p2,E1,9885.351629095412,3453.38,1.862514877915379,0.39086133903215364,4656.654074192047
1e-07,139,p3,"K_ads,1",135.31679944797412,30.836,3.3882734287188394,0.39086133903215364,4656.654074192047
1e-07,139,p4,"K_ads,2",144.6695207559995,558.532,-0.7409825743986029,0.39086133903215364,4656.654074192047
1e-07,139,p5,A2,0.10000164591260625,0.7439,-0.8655711172031102,0.39086133903215364,4656.654074192047
1e-07,139,p6,E2,149591.07891700632,40000.0,2.739776972925158,0.39086133903215364,4656.654074192047
1e-07,139,p7,"K_ads,3",89530.20994312914,17197.0,4.206152814044842,0.39086133903215364,4656.654074192047
1e-07,139,p8,"K_ads,4",13001.966155179349,124119.0,-0.8952459643150577,0.39086133903215364,4656.654074192047
1e-07,139,p9,Inhibition / adsorption,82198.46706973844,98084.0,-0.16195845326721542,0.39086133903215364,4656.654074192047
1e-05,140,p1,A1,98627.07610589899,15672.02,5.29319488527318,0.38012225826859497,4665.453457355499
1e-05,140,p2,E1,9885.3524680271,3453.38,1.8625151208459827,0.38012225826859497,4665.453457355499
1e-05,140,p3,"K_ads,1",134.04764430851438,30.836,3.347115200042625,0.38012225826859497,4665.453457355499
1e-05,140,p4,"K_ads,2",151.4779740388978,558.532,-0.7287926671365333,0.38012225826859497,4665.453457355499
1e-05,140,p5,A2,0.10000162341152319,0.7439,-0.8655711474505671,0.38012225826859497,4665.453457355499
1e-05,140,p6,E2,149591.07377909808,40000.0,2.739776844477452,0.38012225826859497,4665.453457355499
1e-05,140,p7,"K_ads,3",89623.46613384702,17197.0,4.21157563143845,0.38012225826859497,4665.453457355499
1e-05,140,p8,"K_ads,4",14738.459404520907,124119.0,-0.881255412914051,0.38012225826859497,4665.453457355499
1e-05,140,p9,Inhibition / adsorption,80917.96977501125,98084.0,-0.17501356209971805,0.38012225826859497,4665.453457355499
1e-06,140,p1,A1,98627.07704449866,15672.02,5.293194945163332,0.3796391918147461,4791.749422311783
1e-06,140,p2,E1,9885.352396033715,3453.38,1.8625150999987592,0.3796391918147461,4791.749422311783
1e-06,140,p3,"K_ads,1",133.9577201614702,30.836,3.3441989934320344,0.3796391918147461,4791.749422311783
1e-06,140,p4,"K_ads,2",151.74923066224758,558.532,-0.7283070071862533,0.3796391918147461,4791.749422311783
1e-06,140,p5,A2,0.10000162319514924,0.7439,-0.8655711477414313,0.3796391918147461,4791.749422311783
1e-06,140,p6,E2,149591.07163336253,40000.0,2.739776790834063,0.3796391918147461,4791.749422311783
1e-06,140,p7,"K_ads,3",89647.34567645677,17197.0,4.212964219134545,0.3796391918147461,4791.749422311783
1e-06,140,p8,"K_ads,4",14825.094393112626,124119.0,-0.8805574135054857,0.3796391918147461,4791.749422311783
1e-06,140,p9,Inhibition / adsorption,80898.18510005827,98084.0,-0.1752152736424058,0.3796391918147461,4791.749422311783
1e-07,140,p1,A1,98627.07684888883,15672.02,5.293194932681864,0.37962399316434586,4798.744643449783
1e-07,140,p2,E1,9885.352393551562,3453.38,1.8625150992799988,0.37962399316434586,4798.744643449783
1e-07,140,p3,"K_ads,1",133.9519100008987,30.836,3.344010572087777,0.37962399316434586,4798.744643449783
1e-07,140,p4,"K_ads,2",151.76428999744303,558.532,-0.7282800448363871,0.37962399316434586,4798.744643449783
1e-07,140,p5,A2,0.10000162324391401,0.7439,-0.8655711476758784,0.37962399316434586,4798.744643449783
1e-07,140,p6,E2,149591.07153881833,40000.0,2.7397767884704582,0.37962399316434586,4798.744643449783
1e-07,140,p7,"K_ads,3",89649.02304220713,17197.0,4.213061757411591,0.37962399316434586,4798.744643449783
1e-07,140,p8,"K_ads,4",14827.874366319924,124119.0,-0.8805350158612305,0.37962399316434586,4798.744643449783
1e-07,140,p9,Inhibition / adsorption,80900.66071807871,98084.0,-0.1751900338681262,0.37962399316434586,4798.744643449783
1e-05,141,p1,A1,98627.0933953175,15672.02,5.293195988476118,0.384409264913721,4869.878722906113
1e-05,141,p2,E1,9885.351743343013,3453.38,1.8625149109982142,0.384409264913721,4869.878722906113
1e-05,141,p3,"K_ads,1",135.0946623968875,30.836,3.3810696068519746,0.384409264913721,4869.878722906113
1e-05,141,p4,"K_ads,2",147.80882668209108,558.532,-0.7353619368593186,0.384409264913721,4869.878722906113
1e-05,141,p5,A2,0.10000161927391213,0.7439,-0.8655711530126198,0.384409264913721,4869.878722906113
1e-05,141,p6,E2,149591.0697124449,40000.0,2.739776742811123,0.384409264913721,4869.878722906113
1e-05,141,p7,"K_ads,3",89123.30703376296,17197.0,4.182491541185263,0.384409264913721,4869.878722906113
1e-05,141,p8,"K_ads,4",13997.14957497503,124119.0,-0.8872279862472705,0.384409264913721,4869.878722906113
1e-05,141,p9,Inhibition / adsorption,79181.08160097711,98084.0,-0.1927217323826811,0.384409264913721,4869.878722906113
1e-06,141,p1,A1,98627.09317266311,15672.02,5.293195974268991,0.3838486625937878,4763.705591678619
1e-06,141,p2,E1,9885.351907170405,3453.38,1.8625149584379375,0.3838486625937878,4763.705591678619
1e-06,141,p3,"K_ads,1",135.0066673185297,30.836,3.378215959220707,0.3838486625937878,4763.705591678619
1e-06,141,p4,"K_ads,2",148.2414780106514,558.532,-0.7345873145842111,0.3838486625937878,4763.705591678619
1e-06,141,p5,A2,0.10000161929609891,0.7439,-0.865571152982795,0.3838486625937878,4763.705591678619
1e-06,141,p6,E2,149591.07265959162,40000.0,2.7397768164897904,0.3838486625937878,4763.705591678619
1e-06,141,p7,"K_ads,3",89169.58584398765,17197.0,4.185182639064235,0.3838486625937878,4763.705591678619
1e-06,141,p8,"K_ads,4",14091.165850699434,124119.0,-0.8864705174010472,0.3838486625937878,4763.705591678619
1e-06,141,p9,Inhibition / adsorption,79290.23584476969,98084.0,-0.19160886745269678,0.3838486625937878,4763.705591678619
1e-07,141,p1,A1,98627.09306844787,15672.02,5.2931959676192255,0.38379302986147334,4861.006554841995
1e-07,141,p2,E1,9885.351884347929,3453.38,1.8625149518292017,0.38379302986147334,4861.006554841995
1e-07,141,p3,"K_ads,1",134.99917534387563,30.836,3.377972997271878,0.38379302986147334,4861.006554841995
1e-07,141,p4,"K_ads,2",148.27657292384382,558.532,-0.734524480380992,0.38379302986147334,4861.006554841995
1e-07,141,p5,A2,0.10000161932646971,0.7439,-0.8655711529419684,0.38379302986147334,4861.006554841995
1e-07,141,p6,E2,149591.07247693418,40000.0,2.7397768119233543,0.38379302986147334,4861.006554841995
1e-07,141,p7,"K_ads,3",89172.1911344066,17197.0,4.18533413586129,0.38379302986147334,4861.006554841995
1e-07,141,p8,"K_ads,4",14100.741872960305,124119.0,-0.8863933654560517,0.38379302986147334,4861.006554841995
1e-07,141,p9,Inhibition / adsorption,79276.96917473203,98084.0,-0.19174412570111302,0.38379302986147334,4861.006554841995
1e-05,142,p1,A1,98626.87389477226,15672.02,5.293181982588859,0.19693806808954795,3697.855157852173
1e-05,142,p2,E1,9885.367933363606,3453.38,1.862519599164762,0.19693806808954795,3697.855157852173
1e-05,142,p3,"K_ads,1",93.28025455018833,30.836,2.025043927558319,0.19693806808954795,3697.855157852173
1e-05,142,p4,"K_ads,2",324.3318718401601,558.532,-0.4193137155254129,0.19693806808954795,3697.855157852173
1e-05,142,p5,A2,0.10000166693641133,0.7439,-0.8655710889415091,0.19693806808954795,3697.855157852173
1e-05,142,p6,E2,149591.2114219312,40000.0,2.73978028554828,0.19693806808954795,3697.855157852173
1e-05,142,p7,"K_ads,3",27594.154832679073,17197.0,0.604591198039139,0.19693806808954795,3697.855157852173
1e-05,142,p8,"K_ads,4",147949.77104105515,124119.0,0.19199937995838792,0.19693806808954795,3697.855157852173
1e-05,142,p9,Inhibition / adsorption,65647.94621719593,98084.0,-0.3306966863382822,0.19693806808954795,3697.855157852173
1e-06,142,p1,A1,98627.01437417643,15672.02,5.293190946296421,0.3882164680247426,4809.31817317009
1e-06,142,p2,E1,9885.349830658572,3453.38,1.8625143571395477,0.3882164680247426,4809.31817317009
1e-06,142,p3,"K_ads,1",134.77112152992066,30.836,3.3705772969879577,0.3882164680247426,4809.31817317009
1e-06,142,p4,"K_ads,2",148.6504698612223,558.532,-0.7338550524209494,0.3882164680247426,4809.31817317009
1e-06,142,p5,A2,0.10000163904676229,0.7439,-0.8655711264326357,0.3882164680247426,4809.31817317009
1e-06,142,p6,E2,149591.02424787998,40000.0,2.7397756061969996,0.3882164680247426,4809.31817317009
1e-06,142,p7,"K_ads,3",89405.27526909465,17197.0,4.198887903069992,0.3882164680247426,4809.31817317009
1e-06,142,p8,"K_ads,4",13642.16778590089,124119.0,-0.8900879979221482,0.3882164680247426,4809.31817317009
1e-06,142,p9,Inhibition / adsorption,69604.55236573792,98084.0,-0.29035773045819985,0.3882164680247426,4809.31817317009
1e-07,142,p1,A1,98627.01394362823,15672.02,5.293190918824008,0.3882674600833224,4706.7063727378845
1e-07,142,p2,E1,9885.349843518447,3453.38,1.8625143608633994,0.3882674600833224,4706.7063727378845
1e-07,142,p3,"K_ads,1",134.7749365655631,30.836,3.3707010171735345,0.3882674600833224,4706.7063727378845
1e-07,142,p4,"K_ads,2",148.62245852734398,558.532,-0.7339052041291386,0.3882674600833224,4706.7063727378845
1e-07,142,p5,A2,0.10000163914823432,0.7439,-0.8655711262962302,0.3882674600833224,4706.7063727378845
1e-07,142,p6,E2,149591.0244621717,40000.0,2.739775611554293,0.3882674600833224,4706.7063727378845
1e-07,142,p7,"K_ads,3",89403.24657556716,17197.0,4.19876993519609,0.3882674600833224,4706.7063727378845
1e-07,142,p8,"K_ads,4",13634.286129099944,124119.0,-0.8901514987302512,0.3882674600833224,4706.7063727378845
1e-07,142,p9,Inhibition / adsorption,69593.06304512655,98084.0,-0.2904748680199977,0.3882674600833224,4706.7063727378845
1e-05,143,p1,A1,98626.64868038487,15672.02,5.293167612112852,0.39877283385656187,4830.177695512772
1e-05,143,p2,E1,9885.348990580926,3453.38,1.8625141138771075,0.39877283385656187,4830.177695512772
1e-05,143,p3,"K_ads,1",135.25406603686744,30.836,3.3862390075518047,0.39877283385656187,4830.177695512772
1e-05,143,p4,"K_ads,2",146.2634284139029,558.532,-0.7381288298362442,0.39877283385656187,4830.177695512772
1e-05,143,p5,A2,0.10000172305573579,0.7439,-0.86557101350217,0.39877283385656187,4830.177695512772
1e-05,143,p6,E2,149591.00979033683,40000.0,2.739775244758421,0.39877283385656187,4830.177695512772
1e-05,143,p7,"K_ads,3",89413.00025981278,17197.0,4.199337108787159,0.39877283385656187,4830.177695512772
1e-05,143,p8,"K_ads,4",12744.331208718699,124119.0,-0.8973216734849725,0.39877283385656187,4830.177695512772
1e-05,143,p9,Inhibition / adsorption,53904.10522742949,98084.0,-0.4504291706350731,0.39877283385656187,4830.177695512772
1e-06,143,p1,A1,98626.63700474791,15672.02,5.293166867113997,0.3989875836035006,4838.945073604584
1e-06,143,p2,E1,9885.348838661013,3453.38,1.8625140698854494,0.3989875836035006,4838.945073604584
1e-06,143,p3,"K_ads,1",135.24719147848592,30.836,3.386016068182836,0.3989875836035006,4838.945073604584
1e-06,143,p4,"K_ads,2",146.2186126249437,558.532,-0.7382090683704001,0.3989875836035006,4838.945073604584
1e-06,143,p5,A2,0.10000172563774211,0.7439,-0.8655710100312648,0.3989875836035006,4838.945073604584
1e-06,143,p6,E2,149591.00550468758,40000.0,2.7397751376171895,0.3989875836035006,4838.945073604584
1e-06,143,p7,"K_ads,3",89406.42267304429,17197.0,4.198954624239361,0.3989875836035006,4838.945073604584
1e-06,143,p8,"K_ads,4",12730.876196501296,124119.0,-0.8974300776150202,0.3989875836035006,4838.945073604584
1e-06,143,p9,Inhibition / adsorption,53604.038547454984,98084.0,-0.4534884532904961,0.3989875836035006,4838.945073604584
1e-07,143,p1,A1,98626.63776253069,15672.02,5.293166915466589,0.3989772327647723,4808.695024967194
1e-07,143,p2,E1,9885.348850693787,3453.38,1.862514073369796,0.3989772327647723,4808.695024967194
1e-07,143,p3,"K_ads,1",135.252856711119,30.836,3.386199789568005,0.3989772327647723,4808.695024967194
1e-07,143,p4,"K_ads,2",146.20494396940265,558.532,-0.7382335408366887,0.3989772327647723,4808.695024967194
1e-07,143,p5,A2,0.10000172546957707,0.7439,-0.8655710102573234,0.3989772327647723,4808.695024967194
1e-07,143,p6,E2,149591.0056271426,40000.0,2.7397751406785646,0.3989772327647723,4808.695024967194
1e-07,143,p7,"K_ads,3",89405.45376912189,17197.0,4.198898282788968,0.3989772327647723,4808.695024967194
1e-07,143,p8,"K_ads,4",12731.0881819705,124119.0,-0.8974283696938382,0.3989772327647723,4808.695024967194
1e-07,143,p9,Inhibition / adsorption,53623.92026894936,98084.0,-0.4532857523250544,0.3989772327647723,4808.695024967194
1e-05,144,p1,A1,98627.72194452284,15672.02,5.293236094933699,0.4001432907281573,4898.964776515961
1e-05,144,p2,E1,9885.498721248763,3453.38,1.8625574715926898,0.4001432907281573,4898.964776515961
1e-05,144,p3,"K_ads,1",135.24380116555983,30.836,3.3859061215968294,0.4001432907281573,4898.964776515961
1e-05,144,p4,"K_ads,2",146.10432194094372,558.532,-0.7384136952924027,0.4001432907281573,4898.964776515961
1e-05,144,p5,A2,0.10000143268263506,0.7439,-0.8655714038410606,0.4001432907281573,4898.964776515961
1e-05,144,p6,E2,149593.73698569564,40000.0,2.739843424642391,0.4001432907281573,4898.964776515961
1e-05,144,p7,"K_ads,3",89530.66933340843,17197.0,4.206179527441322,0.4001432907281573,4898.964776515961
1e-05,144,p8,"K_ads,4",12572.03136973824,124119.0,-0.8987098561079429,0.4001432907281573,4898.964776515961
1e-05,144,p9,Inhibition / adsorption,53652.65240429486,98084.0,-0.4529928183567671,0.4001432907281573,4898.964776515961
1e-06,144,p1,A1,98626.63918528394,15672.02,5.293167006249605,0.3999406251057254,4838.343182325363
1e-06,144,p2,E1,9885.348739257679,3453.38,1.862514041101089,0.3999406251057254,4838.343182325363
1e-06,144,p3,"K_ads,1",135.2592559979125,30.836,3.386407316056314,0.3999406251057254,4838.343182325363
1e-06,144,p4,"K_ads,2",146.13650681130667,558.532,-0.7383560712523066,0.3999406251057254,4838.343182325363
1e-06,144,p5,A2,0.1000017252040226,0.7439,-0.8655710106142995,0.3999406251057254,4838.343182325363
1e-06,144,p6,E2,149591.00059998763,40000.0,2.7397750149996907,0.3999406251057254,4838.343182325363
1e-06,144,p7,"K_ads,3",89511.47790008255,17197.0,4.205063551787088,0.3999406251057254,4838.343182325363
1e-06,144,p8,"K_ads,4",12598.037784054388,124119.0,-0.898500328039588,0.3999406251057254,4838.343182325363
1e-06,144,p9,Inhibition / adsorption,53673.73841753867,98084.0,-0.452777839224148,0.3999406251057254,4838.343182325363
1e-07,144,p1,A1,98626.63930027463,15672.02,5.293167013586929,0.4000496601087134,4914.318298816681
1e-07,144,p2,E1,9885.348715183865,3453.38,1.8625140341300017,0.4000496601087134,4914.318298816681
1e-07,144,p3,"K_ads,1",135.26867057848315,30.836,3.3867126273992465,0.4000496601087134,4914.318298816681
1e-07,144,p4,"K_ads,2",146.09913568978817,558.532,-0.7384229807964662,0.4000496601087134,4914.318298816681
1e-07,144,p5,A2,0.1000017251885562,0.7439,-0.8655710106350905,0.4000496601087134,4914.318298816681
1e-07,144,p6,E2,149591.0001785832,40000.0,2.73977500446458,0.4000496601087134,4914.318298816681
1e-07,144,p7,"K_ads,3",89513.49256064653,17197.0,4.20518070364869,0.4000496601087134,4914.318298816681
1e-07,144,p8,"K_ads,4",12583.040172294955,124119.0,-0.8986211605612762,0.4000496601087134,4914.318298816681
1e-07,144,p9,Inhibition / adsorption,53664.96782722287,98084.0,-0.4528672583986902,0.4000496601087134,4914.318298816681
1e-05,145,p1,A1,3.560209577515786,15672.02,-0.999772830204561,0.438508470611851,4887.929507493973
1e-05,145,p2,E1,1.8055019133274564,3453.38,-0.9994771783257772,0.438508470611851,4887.929507493973
1e-05,145,p3,"K_ads,1",11.144549110252065,30.836,-0.6385864213824081,0.438508470611851,4887.929507493973
1e-05,145,p4,"K_ads,2",26.657800948500643,558.532,-0.9522716676063312,0.438508470611851,4887.929507493973
1e-05,145,p5,A2,0.2457547347762804,0.7439,-0.6696400930551413,0.438508470611851,4887.929507493973
1e-05,145,p6,E2,19683.47768054379,40000.0,-0.5079130579864053,0.438508470611851,4887.929507493973
1e-05,145,p7,"K_ads,3",22151.2892655409,17197.0,0.2880903218899169,0.438508470611851,4887.929507493973
1e-05,145,p8,"K_ads,4",19218.455266996476,124119.0,-0.8451610529653278,0.438508470611851,4887.929507493973
1e-05,145,p9,Inhibition / adsorption,21252.674388649713,98084.0,-0.7833216998832663,0.438508470611851,4887.929507493973
1e-06,145,p1,A1,98627.72178276093,15672.02,5.293236084611998,0.40020950953075984,5149.782722711563
1e-06,145,p2,E1,9885.498733039056,3453.38,1.862557475006821,0.40020950953075984,5149.782722711563
1e-06,145,p3,"K_ads,1",135.22373781932504,30.836,3.385255474747861,0.40020950953075984,5149.782722711563
1e-06,145,p4,"K_ads,2",146.28610922356447,558.532,-0.7380882219397197,0.40020950953075984,5149.782722711563
1e-06,145,p5,A2,0.10000143271272248,0.7439,-0.865571403800615,0.40020950953075984,5149.782722711563
1e-06,145,p6,E2,149593.73710725986,40000.0,2.7398434276814965,0.40020950953075984,5149.782722711563
1e-06,145,p7,"K_ads,3",89596.8508128051,17197.0,4.210027959109444,0.40020950953075984,5149.782722711563
1e-06,145,p8,"K_ads,4",12565.059685576061,124119.0,-0.8987660254628537,0.40020950953075984,5149.782722711563
1e-06,145,p9,Inhibition / adsorption,53712.165784573146,98084.0,-0.4523860590455819,0.40020950953075984,5149.782722711563
1e-07,145,p1,A1,98626.6398113376,15672.02,5.293167046196827,0.4001225520025631,4935.99850320816
1e-07,145,p2,E1,9885.348688180364,3453.38,1.8625140263105604,0.4001225520025631,4935.99850320816
1e-07,145,p3,"K_ads,1",135.22618335358536,30.836,3.38533478251347,0.4001225520025631,4935.99850320816
1e-07,145,p4,"K_ads,2",146.2984161869533,558.532,-0.7380661874575614,0.4001225520025631,4935.99850320816
1e-07,145,p5,A2,0.10000172508689952,0.7439,-0.8655710107717441,0.4001225520025631,4935.99850320816
1e-07,145,p6,E2,149590.99865373934,40000.0,2.7397749663434836,0.4001225520025631,4935.99850320816
1e-07,145,p7,"K_ads,3",89590.41098178255,17197.0,4.209653485013813,0.4001225520025631,4935.99850320816
1e-07,145,p8,"K_ads,4",12577.658413105828,124119.0,-0.8986645202337609,0.4001225520025631,4935.99850320816
1e-07,145,p9,Inhibition / adsorption,53699.14013261219,98084.0,-0.45251886003209296,0.4001225520025631,4935.99850320816
1e-05,146,p1,A1,98626.63612521761,15672.02,5.293166810992942,0.39815317631775177,3805.7738728523254
1e-05,146,p2,E1,9885.348804049645,3453.38,1.8625140598629877,0.39815317631775177,3805.7738728523254
1e-05,146,p3,"K_ads,1",135.04922952299881,30.836,3.3795962356660665,0.39815317631775177,3805.7738728523254
1e-05,146,p4,"K_ads,2",146.97919194265498,558.532,-0.7368473212946528,0.39815317631775177,3805.7738728523254
1e-05,146,p5,A2,0.10000172583713492,0.7439,-0.8655710097632277,0.39815317631775177,3805.7738728523254
1e-05,146,p6,E2,149591.00158713895,40000.0,2.7397750396784737,0.39815317631775177,3805.7738728523254
1e-05,146,p7,"K_ads,3",89541.9350305549,17197.0,4.206834624094604,0.39815317631775177,3805.7738728523254
1e-05,146,p8,"K_ads,4",12851.73705869998,124119.0,-0.8964563277282288,0.39815317631775177,3805.7738728523254
1e-05,146,p9,Inhibition / adsorption,53838.37464428829,98084.0,-0.4510993164605003,0.39815317631775177,3805.7738728523254
1e-06,146,p1,A1,98627.72126234396,15672.02,5.29323605140524,0.3990582948121155,5014.444071054459
1e-06,146,p2,E1,9885.498763042326,3453.38,1.8625574836949093,0.3990582948121155,5014.444071054459
1e-06,146,p3,"K_ads,1",135.13632241549416,30.836,3.3824206257456924,0.3990582948121155,5014.444071054459
1e-06,146,p4,"K_ads,2",146.6288281424944,558.532,-0.7374746153443412,0.3990582948121155,5014.444071054459
1e-06,146,p5,A2,0.10000143281327362,0.7439,-0.8655714036654474,0.3990582948121155,5014.444071054459
1e-06,146,p6,E2,149593.73787882057,40000.0,2.7398434469705144,0.3990582948121155,5014.444071054459
1e-06,146,p7,"K_ads,3",89537.63107053019,17197.0,4.206584350208186,0.3990582948121155,5014.444071054459
1e-06,146,p8,"K_ads,4",12728.373117313404,124119.0,-0.8974502443839106,0.3990582948121155,5014.444071054459
1e-06,146,p9,Inhibition / adsorption,53678.63991599921,98084.0,-0.4527278667672688,0.3990582948121155,5014.444071054459
1e-07,146,p1,A1,98626.63720577417,15672.02,5.293166879941078,0.39906658620281593,4865.502657413483
1e-07,146,p2,E1,9885.348796382059,3453.38,1.8625140576426744,0.39906658620281593,4865.502657413483
1e-07,146,p3,"K_ads,1",135.1385866367248,30.836,3.38249405359725,0.39906658620281593,4865.502657413483
1e-07,146,p4,"K_ads,2",146.62134865475326,558.532,-0.7374880066768721,0.39906658620281593,4865.502657413483
1e-07,146,p5,A2,0.10000172560737153,0.7439,-0.8655710100720909,0.39906658620281593,4865.502657413483
1e-07,146,p6,E2,149591.00151310678,40000.0,2.7397750378276693,0.39906658620281593,4865.502657413483
1e-07,146,p7,"K_ads,3",89537.32172053242,17197.0,4.2065663616056534,0.39906658620281593,4865.502657413483
1e-07,146,p8,"K_ads,4",12726.22538270597,124119.0,-0.8974675482181941,0.39906658620281593,4865.502657413483
1e-07,146,p9,Inhibition / adsorption,53690.91441755194,98084.0,-0.4526027240166394,0.39906658620281593,4865.502657413483
1e-05,147,p1,A1,98626.62510000232,15672.02,5.293166107496182,0.39634679940515866,4955.984696388245
1e-05,147,p2,E1,9885.349258530285,3453.38,1.8625141914675722,0.39634679940515866,4955.984696388245
1e-05,147,p3,"K_ads,1",134.79907034167783,30.836,3.3714836665481203,0.39634679940515866,4955.984696388245
1e-05,147,p4,"K_ads,2",147.77834190165595,558.532,-0.7354165170452974,0.39634679940515866,4955.984696388245
1e-05,147,p5,A2,0.10000172802789555,0.7439,-0.8655710068182612,0.39634679940515866,4955.984696388245
1e-05,147,p6,E2,149591.01058786726,40000.0,2.7397752646966818,0.39634679940515866,4955.984696388245
1e-05,147,p7,"K_ads,3",89476.33555729128,17197.0,4.203020035895289,0.39634679940515866,4955.984696388245
1e-05,147,p8,"K_ads,4",13138.273382970292,124119.0,-0.894147766393781,0.39634679940515866,4955.984696388245
1e-05,147,p9,Inhibition / adsorption,53483.19320219804,98084.0,-0.4547205130072383,0.39634679940515866,4955.984696388245
1e-06,147,p1,A1,98626.63336600257,15672.02,5.293166634932993,0.39682879268699806,4994.520481348038
1e-06,147,p2,E1,9885.349061201197,3453.38,1.8625141343267166,0.39682879268699806,4994.520481348038
1e-06,147,p3,"K_ads,1",134.87303250733913,30.836,3.3738822320449846,0.39682879268699806,4994.520481348038
1e-06,147,p4,"K_ads,2",147.52855550449138,558.532,-0.7358637365370447,0.39682879268699806,4994.520481348038
1e-06,147,p5,A2,0.10000172632746351,0.7439,-0.8655710091040953,0.39682879268699806,4994.520481348038
1e-06,147,p6,E2,149591.00640313985,40000.0,2.739775160078496,0.39682879268699806,4994.520481348038
1e-06,147,p7,"K_ads,3",89477.05080188718,17197.0,4.203061627137709,0.39682879268699806,4994.520481348038
1e-06,147,p8,"K_ads,4",13052.853912190425,124119.0,-0.8948359726376266,0.39682879268699806,4994.520481348038
1e-06,147,p9,Inhibition / adsorption,53676.7154245825,98084.0,-0.4527474876169151,0.39682879268699806,4994.520481348038
1e-07,147,p1,A1,98626.63404156959,15672.02,5.2931666780395625,0.3967908676878322,4965.691180706024
1e-07,147,p2,E1,9885.349041940568,3453.38,1.8625141287493898,0.3967908676878322,4965.691180706024
1e-07,147,p3,"K_ads,1",134.86864623181626,30.836,3.3737399867627533,0.3967908676878322,4965.691180706024
1e-07,147,p4,"K_ads,2",147.54222697310897,558.532,-0.7358392590342022,0.3967908676878322,4965.691180706024
1e-07,147,p5,A2,0.10000172618946175,0.7439,-0.8655710092896064,0.3967908676878322,4965.691180706024
1e-07,147,p6,E2,149591.0061174136,40000.0,2.7397751529353402,0.3967908676878322,4965.691180706024
1e-07,147,p7,"K_ads,3",89476.40136202694,17197.0,4.20302386241943,0.3967908676878322,4965.691180706024
1e-07,147,p8,"K_ads,4",13057.958995001834,124119.0,-0.8947948420870147,0.3967908676878322,4965.691180706024
1e-07,147,p9,Inhibition / adsorption,53685.094550953516,98084.0,-0.45266205955147104,0.3967908676878322,4965.691180706024
1e-05,148,p1,A1,98626.64644742587,15672.02,5.29316746963224,0.3888453423341515,4987.696876049042
1e-05,148,p2,E1,9885.349512877787,3453.38,1.8625142651193285,0.3888453423341515,4987.696876049042
1e-05,148,p3,"K_ads,1",134.06732502150476,30.836,3.3477534382379286,0.3888453423341515,4987.696876049042
1e-05,148,p4,"K_ads,2",151.97555892538054,558.532,-0.727901787318577,0.3888453423341515,4987.696876049042
1e-05,148,p5,A2,0.10000172331829511,0.7439,-0.8655710131492201,0.3888453423341515,4987.696876049042
1e-05,148,p6,E2,149591.0302217657,40000.0,2.739775755544142,0.3888453423341515,4987.696876049042
1e-05,148,p7,"K_ads,3",89757.2999588431,17197.0,4.2193580251696865,0.3888453423341515,4987.696876049042
1e-05,148,p8,"K_ads,4",14369.607491556197,124119.0,-0.8842271731841523,0.3888453423341515,4987.696876049042
1e-05,148,p9,Inhibition / adsorption,53541.42695110657,98084.0,-0.4541267999764837,0.3888453423341515,4987.696876049042
1e-06,148,p1,A1,98627.72280762554,15672.02,5.293236150006543,0.38858125839651975,5215.39438533783
1e-06,148,p2,E1,9885.498873570567,3453.38,1.862557515700724,0.38858125839651975,5215.39438533783
1e-06,148,p3,"K_ads,1",134.01045750387902,30.836,3.345909245812655,0.38858125839651975,5215.39438533783
1e-06,148,p4,"K_ads,2",152.17923458158288,558.532,-0.7275371248530382,0.38858125839651975,5215.39438533783
1e-06,148,p5,A2,0.10000143243458855,0.7439,-0.8655714041745012,0.38858125839651975,5215.39438533783
1e-06,148,p6,E2,149593.74279526027,40000.0,2.739843569881507,0.38858125839651975,5215.39438533783
1e-06,148,p7,"K_ads,3",89791.35753562729,17197.0,4.221338462268261,0.38858125839651975,5215.39438533783
1e-06,148,p8,"K_ads,4",14400.841767623715,124119.0,-0.8839755253617599,0.38858125839651975,5215.39438533783
1e-06,148,p9,Inhibition / adsorption,53777.88458086182,98084.0,-0.45171603339115635,0.38858125839651975,5215.39438533783
1e-07,148,p1,A1,98627.72292910168,15672.02,5.293236157757691,0.3886008629755709,5052.006143093109
1e-07,148,p2,E1,9885.498872617178,3453.38,1.8625575154246499,0.3886008629755709,5052.006143093109
1e-07,148,p3,"K_ads,1",134.01851724704846,30.836,3.3461706202830612,0.3886008629755709,5052.006143093109
1e-07,148,p4,"K_ads,2",152.15786539656986,558.532,-0.7275753844066771,0.3886008629755709,5052.006143093109
1e-07,148,p5,A2,0.10000143240815616,0.7439,-0.8655714042100334,0.3886008629755709,5052.006143093109
1e-07,148,p6,E2,149593.74277931522,40000.0,2.7398435694828804,0.3886008629755709,5052.006143093109
1e-07,148,p7,"K_ads,3",89790.84291231459,17197.0,4.221308537088713,0.3886008629755709,5052.006143093109
1e-07,148,p8,"K_ads,4",14396.86485717768,124119.0,-0.8840075664710666,0.3886008629755709,5052.006143093109
1e-07,148,p9,Inhibition / adsorption,53786.215533773946,98084.0,-0.451631096470638,0.3886008629755709,5052.006143093109
1e-05,149,p1,A1,98627.68148812746,15672.02,5.293233513492674,0.209294807013186,5172.052706718445
1e-05,149,p2,E1,9885.502683501261,3453.38,1.8625586189475996,0.209294807013186,5172.052706718445
1e-05,149,p3,"K_ads,1",94.07439243353572,30.836,2.050797523463994,0.209294807013186,5172.052706718445
1e-05,149,p4,"K_ads,2",320.51677642485515,558.532,-0.4261442917776329,0.209294807013186,5172.052706718445
1e-05,149,p5,A2,0.10000143905678334,0.7439,-0.8655713952725052,0.209294807013186,5172.052706718445
1e-05,149,p6,E2,149593.7852560116,40000.0,2.7398446314002896,0.209294807013186,5172.052706718445
1e-05,149,p7,"K_ads,3",28446.3960289925,17197.0,0.6541487485603594,0.209294807013186,5172.052706718445
1e-05,149,p8,"K_ads,4",147451.17184747284,124119.0,0.18798227384584826,0.209294807013186,5172.052706718445
1e-05,149,p9,Inhibition / adsorption,49678.7073206233,98084.0,-0.4935085506237174,0.209294807013186,5172.052706718445
1e-06,149,p1,A1,98626.40944500385,15672.02,5.29315234698551,0.20952664670044355,5102.279846668243
1e-06,149,p2,E1,9885.370271383581,3453.38,1.8625202761884243,0.20952664670044355,5102.279846668243
1e-06,149,p3,"K_ads,1",94.0884680999391,30.836,2.051253992085196,0.20952664670044355,5102.279846668243
1e-06,149,p4,"K_ads,2",320.47241525361665,558.532,-0.42622371636071593,0.20952664670044355,5102.279846668243
1e-06,149,p5,A2,0.10000176172213707,0.7439,-0.8655709615242142,0.20952664670044355,5102.279846668243
1e-06,149,p6,E2,149591.25833754064,40000.0,2.739781458438516,0.20952664670044355,5102.279846668243
1e-06,149,p7,"K_ads,3",28443.534281006447,17197.0,0.6539823388385443,0.20952664670044355,5102.279846668243
1e-06,149,p8,"K_ads,4",147486.255553557,124119.0,0.18826493569523614,0.20952664670044355,5102.279846668243
1e-06,149,p9,Inhibition / adsorption,49444.27570858467,98084.0,-0.49589866126397103,0.20952664670044355,5102.279846668243
1e-07,149,p1,A1,98626.65528887564,15672.02,5.2931680337873255,0.3887963523177127,5038.709727048874
1e-07,149,p2,E1,9885.34941575067,3453.38,1.8625142369940957,0.3887963523177127,5038.709727048874
1e-07,149,p3,"K_ads,1",134.02329541090594,30.836,3.346325574358086,0.3887963523177127,5038.709727048874
1e-07,149,p4,"K_ads,2",152.07246964253844,558.532,-0.7277282776232367,0.3887963523177127,5038.709727048874
1e-07,149,p5,A2,0.10000172144239465,0.7439,-0.8655710156709308,0.3887963523177127,5038.709727048874
1e-07,149,p6,E2,149591.02747561707,40000.0,2.7397756868904266,0.3887963523177127,5038.709727048874
1e-07,149,p7,"K_ads,3",89787.21067792464,17197.0,4.22109732383117,0.3887963523177127,5038.709727048874
1e-07,149,p8,"K_ads,4",14360.95523764679,124119.0,-0.8842968825268751,0.3887963523177127,5038.709727048874
1e-07,149,p9,Inhibition / adsorption,53813.55765765519,98084.0,-0.4513523341456793,0.3887963523177127,5038.709727048874
1e-05,150,p1,A1,98626.6770324189,15672.02,5.293169421198983,0.3922326006875367,3905.244917869568
1e-05,150,p2,E1,9885.349543630053,3453.38,1.8625142740243044,0.3922326006875367,3905.244917869568
1e-05,150,p3,"K_ads,1",134.20530542933747,30.836,3.352228091494924,0.3922326006875367,3905.244917869568
1e-05,150,p4,"K_ads,2",150.60326760239866,558.532,-0.7303587482858661,0.3922326006875367,3905.244917869568
1e-05,150,p5,A2,0.10000171666637919,0.7439,-0.8655710220911693,0.3922326006875367,3905.244917869568
1e-05,150,p6,E2,149591.0204237431,40000.0,2.739775510593577,0.3922326006875367,3905.244917869568
1e-05,150,p7,"K_ads,3",89798.12920820602,17197.0,4.221732232843288,0.3922326006875367,3905.244917869568
1e-05,150,p8,"K_ads,4",13818.989413981055,124119.0,-0.8886633842201351,0.3922326006875367,3905.244917869568
1e-05,150,p9,Inhibition / adsorption,53449.711934905405,98084.0,-0.45506186600357446,0.3922326006875367,3905.244917869568
1e-06,150,p1,A1,98626.67941525027,15672.02,5.29316957324265,0.3930527021725554,5097.45272064209
1e-06,150,p2,E1,9885.349535427938,3453.38,1.862514271649207,0.3930527021725554,5097.45272064209
1e-06,150,p3,"K_ads,1",134.3450083898118,30.836,3.3567586064927943,0.3930527021725554,5097.45272064209
1e-06,150,p4,"K_ads,2",150.00426543022752,558.532,-0.7314312063942129,0.3930527021725554,5097.45272064209
1e-06,150,p5,A2,0.10000171615067772,0.7439,-0.8655710227844096,0.3930527021725554,5097.45272064209
1e-06,150,p6,E2,149591.01885458393,40000.0,2.7397754713645983,0.3930527021725554,5097.45272064209
1e-06,150,p7,"K_ads,3",89756.92150263666,17197.0,4.219336018063421,0.3930527021725554,5097.45272064209
1e-06,150,p8,"K_ads,4",13660.532784858591,124119.0,-0.8899400350884346,0.3930527021725554,5097.45272064209
1e-06,150,p9,Inhibition / adsorption,53772.006577104665,98084.0,-0.45177596165424877,0.3930527021725554,5097.45272064209
1e-07,150,p1,A1,98626.67955029322,15672.02,5.293169581859468,0.3930585262748268,5069.949905872345
1e-07,150,p2,E1,9885.349541742711,3453.38,1.8625142734777844,0.3930585262748268,5069.949905872345
1e-07,150,p3,"K_ads,1",134.3466664732409,30.836,3.3568123775211087,0.3930585262748268,5069.949905872345
1e-07,150,p4,"K_ads,2",149.99676170624795,558.532,-0.7314446411194918,0.3930585262748268,5069.949905872345
1e-07,150,p5,A2,0.100001716118333,0.7439,-0.8655710228278896,0.3930585262748268,5069.949905872345
1e-07,150,p6,E2,149591.01881347894,40000.0,2.739775470336973,0.3930585262748268,5069.949905872345
1e-07,150,p7,"K_ads,3",89757.49981647513,17197.0,4.219369646826489,0.3930585262748268,5069.949905872345
1e-07,150,p8,"K_ads,4",13657.484436150939,124119.0,-0.8899645949761847,0.3930585262748268,5069.949905872345
1e-07,150,p9,Inhibition / adsorption,53803.81611476347,98084.0,-0.451451652514544,0.3930585262748268,5069.949905872345
