noise,n_experiments,parameter,name,estimate,true_value,relative_error,rms_normalized_error,seconds
1e-05,10,p1,A1,419.4620437735633,15672.02,-0.9732349726599658,0.15364174809435424,938.6906328201294
1e-05,10,p2,E1,613.3115706749146,3453.38,-0.822402524287824,0.15364174809435424,938.6906328201294
1e-05,10,p3,"K_ads,1",9.524288900695716,30.836,-0.6911308567682022,0.15364174809435424,938.6906328201294
1e-05,10,p4,"K_ads,2",180.46621729950638,558.532,-0.6768918928557246,0.15364174809435424,938.6906328201294
1e-05,10,p5,A2,0.22726068431951968,0.7439,-0.6945010292787744,0.15364174809435424,938.6906328201294
1e-05,10,p6,E2,66306.24962342117,40000.0,0.6576562405855293,0.15364174809435424,938.6906328201294
1e-05,10,p7,"K_ads,3",32437.230359221936,17197.0,0.8862144768984088,0.15364174809435424,938.6906328201294
1e-05,10,p8,"K_ads,4",125379.54027840945,124119.0,0.010155901017647963,0.15364174809435424,938.6906328201294
1e-05,10,p9,Inhibition / adsorption,74617.35545776425,98084.0,-0.2392504847093894,0.15364174809435424,938.6906328201294
1e-06,10,p1,A1,5076.275479585263,15672.02,-0.6760930958749884,0.10652202787306865,927.5292313098907
1e-06,10,p2,E1,2364.4124244674267,3453.38,-0.31533383975484114,0.10652202787306865,927.5292313098907
1e-06,10,p3,"K_ads,1",24.915327448468943,30.836,-0.19200520662638007,0.10652202787306865,927.5292313098907
1e-06,10,p4,"K_ads,2",323.04169085845626,558.532,-0.421623665504472,0.10652202787306865,927.5292313098907
1e-06,10,p5,A2,0.5727574753985134,0.7439,-0.23006119720592363,0.10652202787306865,927.5292313098907
1e-06,10,p6,E2,31318.07820880092,40000.0,-0.21704804477997705,0.10652202787306865,927.5292313098907
1e-06,10,p7,"K_ads,3",35699.44009306394,17197.0,1.0759109201060615,0.10652202787306865,927.5292313098907
1e-06,10,p8,"K_ads,4",104005.35971191665,124119.0,-0.16205125958220215,0.10652202787306865,927.5292313098907
1e-06,10,p9,Inhibition / adsorption,78144.55610197112,98084.0,-0.2032894651322222,0.10652202787306865,927.5292313098907
1e-07,10,p1,A1,890.208633219566,15672.02,-0.9431975818548236,0.10924173064718536,919.4285037517548
1e-07,10,p2,E1,1146.2012983199622,3453.38,-0.6680929123583382,0.10924173064718536,919.4285037517548
1e-07,10,p3,"K_ads,1",13.159250391375313,30.836,-0.5732504088930045,0.10924173064718536,919.4285037517548
1e-07,10,p4,"K_ads,2",194.7324371204729,558.532,-0.6513495428722563,0.10924173064718536,919.4285037517548
1e-07,10,p5,A2,0.3365651572655265,0.7439,-0.5475666658616394,0.10924173064718536,919.4285037517548
1e-07,10,p6,E2,45324.9050786318,40000.0,0.1331226269657949,0.10924173064718536,919.4285037517548
1e-07,10,p7,"K_ads,3",27959.372414277877,17197.0,0.6258284825421805,0.10924173064718536,919.4285037517548
1e-07,10,p8,"K_ads,4",121472.44020700637,124119.0,-0.021322761164637435,0.10924173064718536,919.4285037517548
1e-07,10,p9,Inhibition / adsorption,77205.74428687297,98084.0,-0.21286097338125515,0.10924173064718536,919.4285037517548
1e-05,11,p1,A1,826.3416117211601,15672.02,-0.947272807734985,0.1225846559740086,1003.8251869678497
1e-05,11,p2,E1,1372.0918223098176,3453.38,-0.6026814823999045,0.1225846559740086,1003.8251869678497
1e-05,11,p3,"K_ads,1",12.274999780647404,30.836,-0.6019263269993707,0.1225846559740086,1003.8251869678497
1e-05,11,p4,"K_ads,2",192.43536952841782,558.532,-0.6554622304032396,0.1225846559740086,1003.8251869678497
1e-05,11,p5,A2,0.3518254983131919,0.7439,-0.5270526975222586,0.1225846559740086,1003.8251869678497
1e-05,11,p6,E2,52016.90430748524,40000.0,0.30042260768713097,0.1225846559740086,1003.8251869678497
1e-05,11,p7,"K_ads,3",30944.581073675883,17197.0,0.7994174026676678,0.1225846559740086,1003.8251869678497
1e-05,11,p8,"K_ads,4",123998.90954496068,124119.0,-0.0009675428825507539,0.1225846559740086,1003.8251869678497
1e-05,11,p9,Inhibition / adsorption,71482.55541721685,98084.0,-0.27121084563010434,0.1225846559740086,1003.8251869678497
1e-06,11,p1,A1,1287.7557032303296,15672.02,-0.9178309048080381,0.13065019407952894,1001.149112701416
1e-06,11,p2,E1,950.1040171866767,3453.38,-0.724877071973928,0.13065019407952894,1001.149112701416
1e-06,11,p3,"K_ads,1",14.809716742059043,30.836,-0.5197263995959578,0.13065019407952894,1001.149112701416
1e-06,11,p4,"K_ads,2",248.2340188480434,558.532,-0.5555598983620573,0.13065019407952894,1001.149112701416
1e-06,11,p5,A2,0.43229818243148405,0.7439,-0.418875947800129,0.13065019407952894,1001.149112701416
1e-06,11,p6,E2,39866.41566529907,40000.0,-0.003339608367523215,0.13065019407952894,1001.149112701416
1e-06,11,p7,"K_ads,3",31174.816830550855,17197.0,0.8128055376257984,0.13065019407952894,1001.149112701416
1e-06,11,p8,"K_ads,4",100076.08807860361,124119.0,-0.19370855325450886,0.13065019407952894,1001.149112701416
1e-06,11,p9,Inhibition / adsorption,54887.345542223695,98084.0,-0.44040469860299647,0.13065019407952894,1001.149112701416
1e-07,11,p1,A1,912.7882807595333,15672.02,-0.9417568200678959,0.16862565146446684,1011.9646193981171
1e-07,11,p2,E1,1204.5331267370009,3453.38,-0.6512016845128538,0.16862565146446684,1011.9646193981171
1e-07,11,p3,"K_ads,1",14.3589464931157,30.836,-0.534344710950976,0.16862565146446684,1011.9646193981171
1e-07,11,p4,"K_ads,2",189.67524982437567,558.532,-0.6604039700064175,0.16862565146446684,1011.9646193981171
1e-07,11,p5,A2,0.3261970889870081,0.7439,-0.561504114817841,0.16862565146446684,1011.9646193981171
1e-07,11,p6,E2,41862.73727168186,40000.0,0.04656843179204643,0.16862565146446684,1011.9646193981171
1e-07,11,p7,"K_ads,3",49716.034096805415,17197.0,1.89097133783831,0.16862565146446684,1011.9646193981171
1e-07,11,p8,"K_ads,4",82979.11861666883,124119.0,-0.3314551469422987,0.16862565146446684,1011.9646193981171
1e-07,11,p9,Inhibition / adsorption,69344.55960174583,98084.0,-0.2930084458041492,0.16862565146446684,1011.9646193981171
1e-05,12,p1,A1,89.39787010573662,15672.02,-0.9942957021426889,0.2196512003366724,903.4781897068024
1e-05,12,p2,E1,441.97665043154336,3453.38,-0.8720162129764047,0.2196512003366724,903.4781897068024
1e-05,12,p3,"K_ads,1",6.245812302556006,30.836,-0.79745063229485,0.2196512003366724,903.4781897068024
1e-05,12,p4,"K_ads,2",97.62727650154504,558.532,-0.8252073712848234,0.2196512003366724,903.4781897068024
1e-05,12,p5,A2,0.1508820736144823,0.7439,-0.7971742524338187,0.2196512003366724,903.4781897068024
1e-05,12,p6,E2,72584.93986392274,40000.0,0.8146234965980685,0.2196512003366724,903.4781897068024
1e-05,12,p7,"K_ads,3",51026.74600370253,17197.0,1.9671888122173944,0.2196512003366724,903.4781897068024
1e-05,12,p8,"K_ads,4",107362.10009254781,124119.0,-0.13500672666918187,0.2196512003366724,903.4781897068024
1e-05,12,p9,Inhibition / adsorption,77868.82253761197,98084.0,-0.20610066333334728,0.2196512003366724,903.4781897068024
1e-06,12,p1,A1,0.8692796601239045,15672.02,-0.9999445330174334,0.565067639907831,895.9865255355835
1e-06,12,p2,E1,0.32784388237510953,3453.38,-0.9999050657957205,0.565067639907831,895.9865255355835
1e-06,12,p3,"K_ads,1",4.268280231122967,30.836,-0.8615812611518042,0.565067639907831,895.9865255355835
1e-06,12,p4,"K_ads,2",0.16773353884166378,558.532,-0.9996996885785566,0.565067639907831,895.9865255355835
1e-06,12,p5,A2,0.5411838328035773,0.7439,-0.272504593623367,0.565067639907831,895.9865255355835
1e-06,12,p6,E2,13010.951066142841,40000.0,-0.674726223346429,0.565067639907831,895.9865255355835
1e-06,12,p7,"K_ads,3",15539.00064881402,17197.0,-0.09641212718415883,0.565067639907831,895.9865255355835
1e-06,12,p8,"K_ads,4",13270.812450026739,124119.0,-0.8930799277304301,0.565067639907831,895.9865255355835
1e-06,12,p9,Inhibition / adsorption,14379.251825903342,98084.0,-0.8533985988958104,0.565067639907831,895.9865255355835
1e-07,12,p1,A1,0.903800897012617,15672.02,-0.9999423302869054,0.5648208371307984,1052.740112066269
1e-07,12,p2,E1,0.3278619098906101,3453.38,-0.9999050605754679,0.5648208371307984,1052.740112066269
1e-07,12,p3,"K_ads,1",4.210793424207238,30.836,-0.8634455368981957,0.5648208371307984,1052.740112066269
1e-07,12,p4,"K_ads,2",0.16471639874105112,558.532,-0.9997050904894599,0.5648208371307984,1052.740112066269
1e-07,12,p5,A2,0.5362388854738762,0.7439,-0.2791519216643686,0.5648208371307984,1052.740112066269
1e-07,12,p6,E2,13008.354830825492,40000.0,-0.6747911292293628,0.5648208371307984,1052.740112066269
1e-07,12,p7,"K_ads,3",15568.521159649672,17197.0,-0.0946955190062411,0.5648208371307984,1052.740112066269
1e-07,12,p8,"K_ads,4",13271.962513540595,124119.0,-0.8930706619168653,0.5648208371307984,1052.740112066269
1e-07,12,p9,Inhibition / adsorption,14388.170843622684,98084.0,-0.8533076664530129,0.5648208371307984,1052.740112066269
1e-05,13,p1,A1,0.11771012406992817,15672.02,-0.9999924891542973,0.5828464148185614,1124.1655583381653
1e-05,13,p2,E1,0.32933886351783775,3453.38,-0.9999046328919731,0.5828464148185614,1124.1655583381653
1e-05,13,p3,"K_ads,1",4.695066788083495,30.836,-0.8477407319988489,0.5828464148185614,1124.1655583381653
1e-05,13,p4,"K_ads,2",0.4600184051225196,558.532,-0.9991763794999705,0.5828464148185614,1124.1655583381653
1e-05,13,p5,A2,0.8613424330376358,0.7439,0.15787395219469794,0.5828464148185614,1124.1655583381653
1e-05,13,p6,E2,13160.566640492041,40000.0,-0.670985833987699,0.5828464148185614,1124.1655583381653
1e-05,13,p7,"K_ads,3",13600.586309273822,17197.0,-0.20913029544258754,0.5828464148185614,1124.1655583381653
1e-05,13,p8,"K_ads,4",13231.007850126585,124119.0,-0.8934006248025961,0.5828464148185614,1124.1655583381653
1e-05,13,p9,Inhibition / adsorption,13431.060147162552,98084.0,-0.8630657380697917,0.5828464148185614,1124.1655583381653
1e-06,13,p1,A1,0.11576308204302817,15672.02,-0.9999926133911236,0.5829595155741097,1123.6729335784912
1e-06,13,p2,E1,0.32933308655988563,3453.38,-0.9999046345648148,0.5829595155741097,1123.6729335784912
1e-06,13,p3,"K_ads,1",4.942045376606392,30.836,-0.8397313083212352,0.5829595155741097,1123.6729335784912
1e-06,13,p4,"K_ads,2",0.4598319274447694,558.532,-0.9991767133710427,0.5829595155741097,1123.6729335784912
1e-06,13,p5,A2,0.8620015282242098,0.7439,0.15875995190779651,0.5829595155741097,1123.6729335784912
1e-06,13,p6,E2,13162.126415633196,40000.0,-0.6709468396091701,0.5829595155741097,1123.6729335784912
1e-06,13,p7,"K_ads,3",13593.818617752078,17197.0,-0.20952383452043505,0.5829595155741097,1123.6729335784912
1e-06,13,p8,"K_ads,4",13230.963648766736,124119.0,-0.8934009809234144,0.5829595155741097,1123.6729335784912
1e-06,13,p9,Inhibition / adsorption,13428.866310677886,98084.0,-0.8630881049847285,0.5829595155741097,1123.6729335784912
1e-07,13,p1,A1,0.11587246248707814,15672.02,-0.999992606411778,0.5829530957677186,984.4213786125183
1e-07,13,p2,E1,0.3293337014683945,3453.38,-0.9999046343867549,0.5829530957677186,984.4213786125183
1e-07,13,p3,"K_ads,1",4.926632673940285,30.836,-0.8402311365306693,0.5829530957677186,984.4213786125183
1e-07,13,p4,"K_ads,2",0.4598585632460392,558.532,-0.9991766656820987,0.5829530957677186,984.4213786125183
1e-07,13,p5,A2,0.8621758852519907,0.7439,0.15899433425459164,0.5829530957677186,984.4213786125183
1e-07,13,p6,E2,13162.032652213382,40000.0,-0.6709491836946654,0.5829530957677186,984.4213786125183
1e-07,13,p7,"K_ads,3",13594.236866599655,17197.0,-0.20949951348493023,0.5829530957677186,984.4213786125183
1e-07,13,p8,"K_ads,4",13230.967480229938,124119.0,-0.8934009500541421,0.5829530957677186,984.4213786125183
1e-07,13,p9,Inhibition / adsorption,13429.019026608725,98084.0,-0.8630865479934675,0.5829530957677186,984.4213786125183
1e-05,14,p1,A1,476.6237474617516,15672.02,-0.9695875995907515,0.12950811414273292,1142.981023311615
1e-05,14,p2,E1,971.1640442393003,3453.38,-0.7187786909522553,0.12950811414273292,1142.981023311615
1e-05,14,p3,"K_ads,1",9.687141989169504,30.836,-0.6858495917379198,0.12950811414273292,1142.981023311615
1e-05,14,p4,"K_ads,2",174.7269295600434,558.532,-0.6871675578838037,0.12950811414273292,1142.981023311615
1e-05,14,p5,A2,0.23084845116118033,0.7439,-0.6896781137771469,0.12950811414273292,1142.981023311615
1e-05,14,p6,E2,61322.62937321,40000.0,0.5330657343302501,0.12950811414273292,1142.981023311615
1e-05,14,p7,"K_ads,3",26982.46662781647,17197.0,0.5690217263369466,0.12950811414273292,1142.981023311615
1e-05,14,p8,"K_ads,4",129683.23959246195,124119.0,0.044829877717851005,0.12950811414273292,1142.981023311615
1e-05,14,p9,Inhibition / adsorption,90890.06042584957,98084.0,-0.0733446798065987,0.12950811414273292,1142.981023311615
1e-06,14,p1,A1,1215.4746783201958,15672.02,-0.9224430112825153,0.2222036654235187,1122.3931424617767
1e-06,14,p2,E1,216.14261580348554,3453.38,-0.9374112852325879,0.2222036654235187,1122.3931424617767
1e-06,14,p3,"K_ads,1",15.154520148357161,30.836,-0.5085445534973031,0.2222036654235187,1122.3931424617767
1e-06,14,p4,"K_ads,2",272.6562142451764,558.532,-0.5118342113877515,0.2222036654235187,1122.3931424617767
1e-06,14,p5,A2,0.3255068321096841,0.7439,-0.5624320041542088,0.2222036654235187,1122.3931424617767
1e-06,14,p6,E2,61134.51354428583,40000.0,0.5283628386071457,0.2222036654235187,1122.3931424617767
1e-06,14,p7,"K_ads,3",64734.693857092,17197.0,2.7643015559162647,0.2222036654235187,1122.3931424617767
1e-06,14,p8,"K_ads,4",59068.95263471835,124119.0,-0.5240941948072547,0.2222036654235187,1122.3931424617767
1e-06,14,p9,Inhibition / adsorption,82738.15041234906,98084.0,-0.15645619660343116,0.2222036654235187,1122.3931424617767
1e-07,14,p1,A1,967.7288287765783,15672.02,-0.938251174464008,0.08296328260841797,1146.3941197395325
1e-07,14,p2,E1,1371.654574830429,3453.38,-0.6028080967543599,0.08296328260841797,1146.3941197395325
1e-07,14,p3,"K_ads,1",12.138868013141568,30.836,-0.6063410295387999,0.08296328260841797,1146.3941197395325
1e-07,14,p4,"K_ads,2",219.02313179470977,558.532,-0.6078592958063105,0.08296328260841797,1146.3941197395325
1e-07,14,p5,A2,0.29589554839436233,0.7439,-0.6022374668714043,0.08296328260841797,1146.3941197395325
1e-07,14,p6,E2,42039.0886575182,40000.0,0.05097721643795503,0.08296328260841797,1146.3941197395325
1e-07,14,p7,"K_ads,3",18676.71584062534,17197.0,0.0860449985826214,0.08296328260841797,1146.3941197395325
1e-07,14,p8,"K_ads,4",124700.49117408374,124119.0,0.004684948912605979,0.08296328260841797,1146.3941197395325
1e-07,14,p9,Inhibition / adsorption,96901.18121246368,98084.0,-0.012059242970681476,0.08296328260841797,1146.3941197395325
1e-05,15,p1,A1,94.86552549092767,15672.02,-0.9939468220758442,0.2740865748947149,1212.5915851593018
1e-05,15,p2,E1,59.86016014947851,3453.38,-0.9826662110310831,0.2740865748947149,1212.5915851593018
1e-05,15,p3,"K_ads,1",6.353020907523784,30.836,-0.7939738971486644,0.2740865748947149,1212.5915851593018
1e-05,15,p4,"K_ads,2",117.42307528318783,558.532,-0.7897648204880153,0.2740865748947149,1212.5915851593018
1e-05,15,p5,A2,0.14552721495643572,0.7439,-0.8043726106244983,0.2740865748947149,1212.5915851593018
1e-05,15,p6,E2,70896.05587966602,40000.0,0.7724013969916504,0.2740865748947149,1212.5915851593018
1e-05,15,p7,"K_ads,3",68538.38223130953,17197.0,2.9854848073099687,0.2740865748947149,1212.5915851593018
1e-05,15,p8,"K_ads,4",62874.691332812916,124119.0,-0.49343217933746714,0.2740865748947149,1212.5915851593018
1e-05,15,p9,Inhibition / adsorption,77937.2260504951,98084.0,-0.20540326607300785,0.2740865748947149,1212.5915851593018
1e-06,15,p1,A1,989.114122927836,15672.02,-0.93688662195889,0.0836460550516316,1227.4889287948608
1e-06,15,p2,E1,1333.1042353512114,3453.38,-0.613971171619917,0.0836460550516316,1227.4889287948608
1e-06,15,p3,"K_ads,1",12.182875963768643,30.836,-0.6049138680837772,0.0836460550516316,1227.4889287948608
1e-06,15,p4,"K_ads,2",223.6182812595456,558.532,-0.5996321047683113,0.0836460550516316,1227.4889287948608
1e-06,15,p5,A2,0.29664711949276973,0.7439,-0.6012271548692435,0.0836460550516316,1227.4889287948608
1e-06,15,p6,E2,44411.82581328269,40000.0,0.11029564533206722,0.0836460550516316,1227.4889287948608
1e-06,15,p7,"K_ads,3",18936.60198032715,17197.0,0.10115729373304345,0.0836460550516316,1227.4889287948608
1e-06,15,p8,"K_ads,4",125255.02962898114,124119.0,0.009152745582716084,0.0836460550516316,1227.4889287948608
1e-06,15,p9,Inhibition / adsorption,96503.62590485757,98084.0,-0.01611245560073433,0.0836460550516316,1227.4889287948608
1e-07,15,p1,A1,30.998120973942605,15672.02,-0.998022072395649,0.2715426880042337,1193.9406569004059
1e-07,15,p2,E1,303.8635391424889,3453.38,-0.9120098167179723,0.2715426880042337,1193.9406569004059
1e-07,15,p3,"K_ads,1",4.234421380977166,30.836,-0.8626792910566491,0.2715426880042337,1193.9406569004059
1e-07,15,p4,"K_ads,2",67.87399896304711,558.532,-0.8784778688364371,0.2715426880042337,1193.9406569004059
1e-07,15,p5,A2,0.10666859369547242,0.7439,-0.8566089612912052,0.2715426880042337,1193.9406569004059
1e-07,15,p6,E2,110564.68911587023,40000.0,1.7641172278967558,0.2715426880042337,1193.9406569004059
1e-07,15,p7,"K_ads,3",55642.77169483123,17197.0,2.235609216423285,0.2715426880042337,1193.9406569004059
1e-07,15,p8,"K_ads,4",138492.35981364478,124119.0,0.11580305846522115,0.2715426880042337,1193.9406569004059
1e-07,15,p9,Inhibition / adsorption,65827.3992578157,98084.0,-0.32886710107850714,0.2715426880042337,1193.9406569004059
1e-05,16,p1,A1,38.78568480892385,15672.02,-0.997525163647767,0.36417765257006435,1105.1748411655426
1e-05,16,p2,E1,6.161110804551104,3453.38,-0.9982159186638738,0.36417765257006435,1105.1748411655426
1e-05,16,p3,"K_ads,1",4.4593515712272636,30.836,-0.8553848887265773,0.36417765257006435,1105.1748411655426
1e-05,16,p4,"K_ads,2",93.31489023167121,558.532,-0.8329283009179936,0.36417765257006435,1105.1748411655426
1e-05,16,p5,A2,0.11098017940339931,0.7439,-0.8508130401890048,0.36417765257006435,1105.1748411655426
1e-05,16,p6,E2,133549.16787522763,40000.0,2.3387291968806907,0.36417765257006435,1105.1748411655426
1e-05,16,p7,"K_ads,3",91760.24261327433,17197.0,4.33582849411376,0.36417765257006435,1105.1748411655426
1e-05,16,p8,"K_ads,4",86366.8656178391,124119.0,-0.30416080037835386,0.36417765257006435,1105.1748411655426
1e-05,16,p9,Inhibition / adsorption,53874.10029950936,98084.0,-0.45073508115993066,0.36417765257006435,1105.1748411655426
1e-06,16,p1,A1,2357.807603066464,15672.02,-0.8495530504002379,0.0700393860061579,1124.833420753479
1e-06,16,p2,E1,1707.027980059706,3453.38,-0.5056935581778704,0.0700393860061579,1124.833420753479
1e-06,16,p3,"K_ads,1",16.361173227937154,30.836,-0.46941324335396434,0.0700393860061579,1124.833420753479
1e-06,16,p4,"K_ads,2",301.6241597715486,558.532,-0.45996977832684866,0.0700393860061579,1124.833420753479
1e-06,16,p5,A2,0.39423680545990764,0.7439,-0.4700405895148439,0.0700393860061579,1124.833420753479
1e-06,16,p6,E2,51424.248263541325,40000.0,0.28560620658853314,0.0700393860061579,1124.833420753479
1e-06,16,p7,"K_ads,3",21404.22647677003,17197.0,0.24464886182299406,0.0700393860061579,1124.833420753479
1e-06,16,p8,"K_ads,4",127110.17870671605,124119.0,0.024099281388957755,0.0700393860061579,1124.833420753479
1e-06,16,p9,Inhibition / adsorption,94525.38227578743,98084.0,-0.03628132747657692,0.0700393860061579,1124.833420753479
1e-07,16,p1,A1,758.9947339116844,15672.02,-0.9515700762306528,0.09980438545757814,1314.6430819034576
1e-07,16,p2,E1,1137.8580140383501,3453.38,-0.6705088886718664,0.09980438545757814,1314.6430819034576
1e-07,16,p3,"K_ads,1",11.095432703175454,30.836,-0.6401792481782509,0.09980438545757814,1314.6430819034576
1e-07,16,p4,"K_ads,2",209.17386902335454,558.532,-0.6254934918261541,0.09980438545757814,1314.6430819034576
1e-07,16,p5,A2,0.27099099605656496,0.7439,-0.635715827320117,0.09980438545757814,1314.6430819034576
1e-07,16,p6,E2,52355.55452225078,40000.0,0.30888886305626945,0.09980438545757814,1314.6430819034576
1e-07,16,p7,"K_ads,3",21297.233609900566,17197.0,0.23842726114441856,0.09980438545757814,1314.6430819034576
1e-07,16,p8,"K_ads,4",127155.95063393455,124119.0,0.024468055929668733,0.09980438545757814,1314.6430819034576
1e-07,16,p9,Inhibition / adsorption,93910.82898806926,98084.0,-0.04254690889371089,0.09980438545757814,1314.6430819034576
1e-05,17,p1,A1,392.3390581695827,15672.02,-0.9749656356889806,0.11628892843405374,1424.884278535843
1e-05,17,p2,E1,962.2756768746958,3453.38,-0.7213525077244045,0.11628892843405374,1424.884278535843
1e-05,17,p3,"K_ads,1",8.906657598215938,30.836,-0.7111604099683507,0.11628892843405374,1424.884278535843
1e-05,17,p4,"K_ads,2",164.57137756353063,558.532,-0.7053501364943627,0.11628892843405374,1424.884278535843
1e-05,17,p5,A2,0.21686679900632175,0.7439,-0.7084731832150534,0.11628892843405374,1424.884278535843
1e-05,17,p6,E2,50381.15154501649,40000.0,0.2595287886254122,0.11628892843405374,1424.884278535843
1e-05,17,p7,"K_ads,3",21500.725637233336,17197.0,0.2502602568606929,0.11628892843405374,1424.884278535843
1e-05,17,p8,"K_ads,4",127088.62934940607,124119.0,0.023925662867136106,0.11628892843405374,1424.884278535843
1e-05,17,p9,Inhibition / adsorption,94926.62872755284,98084.0,-0.03219048236661591,0.11628892843405374,1424.884278535843
1e-06,17,p1,A1,516.5170474846668,15672.02,-0.9670420885447653,0.12303211708104626,1393.2467830181122
1e-06,17,p2,E1,972.3480039635957,3453.38,-0.7184358501052315,0.12303211708104626,1393.2467830181122
1e-06,17,p3,"K_ads,1",9.820354093641228,30.836,-0.6815295727837194,0.12303211708104626,1393.2467830181122
1e-06,17,p4,"K_ads,2",183.68425352007907,558.532,-0.6711302959900612,0.12303211708104626,1393.2467830181122
1e-06,17,p5,A2,0.23622505125870563,0.7439,-0.6824505292933114,0.12303211708104626,1393.2467830181122
1e-06,17,p6,E2,60088.33273466239,40000.0,0.5022083183665598,0.12303211708104626,1393.2467830181122
1e-06,17,p7,"K_ads,3",25099.16240832746,17197.0,0.4595081937737662,0.12303211708104626,1393.2467830181122
1e-06,17,p8,"K_ads,4",129016.02595373445,124119.0,0.039454281405219616,0.12303211708104626,1393.2467830181122
1e-06,17,p9,Inhibition / adsorption,91844.80190056775,98084.0,-0.06361076321757117,0.12303211708104626,1393.2467830181122
1e-07,17,p1,A1,1405.2175882763593,15672.02,-0.9103358987369619,0.0848469904278719,1208.720407485962
1e-07,17,p2,E1,1463.9205285857568,3453.38,-0.5760905175260884,0.0848469904278719,1208.720407485962
1e-07,17,p3,"K_ads,1",13.744020735119008,30.836,-0.554286524350791,0.0848469904278719,1208.720407485962
1e-07,17,p4,"K_ads,2",252.40478693468367,558.532,-0.5480925230162575,0.0848469904278719,1208.720407485962
1e-07,17,p5,A2,0.3328911511984084,0.7439,-0.5525055098824998,0.0848469904278719,1208.720407485962
1e-07,17,p6,E2,52213.49257960872,40000.0,0.305337314490218,0.0848469904278719,1208.720407485962
1e-07,17,p7,"K_ads,3",22118.047910942703,17197.0,0.28615734784803765,0.0848469904278719,1208.720407485962
1e-07,17,p8,"K_ads,4",127438.75930021502,124119.0,0.026746584328064392,0.0848469904278719,1208.720407485962
1e-07,17,p9,Inhibition / adsorption,94095.96865162774,98084.0,-0.04065934656388663,0.0848469904278719,1208.720407485962
1e-05,18,p1,A1,1490.961780089246,15672.02,-0.9048647347253739,0.08525456197443414,1486.033790588379
1e-05,18,p2,E1,1477.6719115681365,3453.38,-0.5721085106278092,0.08525456197443414,1486.033790588379
1e-05,18,p3,"K_ads,1",14.199870646256262,30.836,-0.5395034814419425,0.08525456197443414,1486.033790588379
1e-05,18,p4,"K_ads,2",254.2115305530995,558.532,-0.5448577153088822,0.08525456197443414,1486.033790588379
1e-05,18,p5,A2,0.3383756618341594,0.7439,-0.545132864855277,0.08525456197443414,1486.033790588379
1e-05,18,p6,E2,52693.74177853706,40000.0,0.3173435444634266,0.08525456197443414,1486.033790588379
1e-05,18,p7,"K_ads,3",22748.076324937545,17197.0,0.32279329679232105,0.08525456197443414,1486.033790588379
1e-05,18,p8,"K_ads,4",127390.26085171486,124119.0,0.026355842793729097,0.08525456197443414,1486.033790588379
1e-05,18,p9,Inhibition / adsorption,94269.82893038412,98084.0,-0.03888678142832556,0.08525456197443414,1486.033790588379
1e-06,18,p1,A1,565.4169955890258,15672.02,-0.9639218814429138,0.103568642232981,1462.0877957344055
1e-06,18,p2,E1,1207.8263439542422,3453.38,-0.650248063070313,0.103568642232981,1462.0877957344055
1e-06,18,p3,"K_ads,1",10.60430269303373,30.836,-0.6561064115633114,0.103568642232981,1462.0877957344055
1e-06,18,p4,"K_ads,2",170.3740800393294,558.532,-0.6949609332333162,0.103568642232981,1462.0877957344055
1e-06,18,p5,A2,0.2381622035255209,0.7439,-0.6798464800033326,0.103568642232981,1462.0877957344055
1e-06,18,p6,E2,41556.84207828383,40000.0,0.038921051957095734,0.103568642232981,1462.0877957344055
1e-06,18,p7,"K_ads,3",22494.507561121172,17197.0,0.30804835501082584,0.103568642232981,1462.0877957344055
1e-06,18,p8,"K_ads,4",123146.43818762583,124119.0,-0.007835720658192326,0.103568642232981,1462.0877957344055
1e-06,18,p9,Inhibition / adsorption,101905.08503202598,98084.0,0.038957271644977545,0.103568642232981,1462.0877957344055
1e-07,18,p1,A1,494.10496547782344,15672.02,-0.9684721583128516,0.11725717342096044,1473.7161540985107
1e-07,18,p2,E1,986.4747938421746,3453.38,-0.7143451361152915,0.11725717342096044,1473.7161540985107
1e-07,18,p3,"K_ads,1",9.650957875651478,30.836,-0.6870230290682489,0.11725717342096044,1473.7161540985107
1e-07,18,p4,"K_ads,2",179.90014936645633,558.532,-0.677905385248372,0.11725717342096044,1473.7161540985107
1e-07,18,p5,A2,0.23382958055133327,0.7439,-0.6856706808020792,0.11725717342096044,1473.7161540985107
1e-07,18,p6,E2,55980.096416538094,40000.0,0.39950241041345236,0.11725717342096044,1473.7161540985107
1e-07,18,p7,"K_ads,3",23292.315108672363,17197.0,0.35444060642393227,0.11725717342096044,1473.7161540985107
1e-07,18,p8,"K_ads,4",128316.0001890367,124119.0,0.033814324874005576,0.11725717342096044,1473.7161540985107
1e-07,18,p9,Inhibition / adsorption,93096.09868135782,98084.0,-0.05085336363364239,0.11725717342096044,1473.7161540985107
1e-05,19,p1,A1,1267.6766969675489,15672.02,-0.9191121057165861,0.0885868481138134,1579.3505339622498
1e-05,19,p2,E1,1328.0364132487848,3453.38,-0.6154386678417131,0.0885868481138134,1579.3505339622498
1e-05,19,p3,"K_ads,1",13.421298157084209,30.836,-0.5647522974093848,0.0885868481138134,1579.3505339622498
1e-05,19,p4,"K_ads,2",245.89139639456477,558.532,-0.5597541476682361,0.0885868481138134,1579.3505339622498
1e-05,19,p5,A2,0.32756558311597445,0.7439,-0.5596644937276859,0.0885868481138134,1579.3505339622498
1e-05,19,p6,E2,52070.963561440956,40000.0,0.30177408903602393,0.0885868481138134,1579.3505339622498
1e-05,19,p7,"K_ads,3",22507.72202082568,17197.0,0.3088167715779311,0.0885868481138134,1579.3505339622498
1e-05,19,p8,"K_ads,4",125734.28024507599,124119.0,0.013013964381569234,0.0885868481138134,1579.3505339622498
1e-05,19,p9,Inhibition / adsorption,92060.21187908415,98084.0,-0.06141458465107307,0.0885868481138134,1579.3505339622498
1e-06,19,p1,A1,2482.2153929685023,15672.02,-0.8416148401438677,0.08967823460934299,1574.9823288917542
1e-06,19,p2,E1,1659.4793739555655,3453.38,-0.5194622734956578,0.08967823460934299,1574.9823288917542
1e-06,19,p3,"K_ads,1",16.72252853893604,30.836,-0.4576946251480075,0.08967823460934299,1574.9823288917542
1e-06,19,p4,"K_ads,2",308.65875861077706,558.532,-0.4473749783167714,0.08967823460934299,1574.9823288917542
1e-06,19,p5,A2,0.40055585790749704,0.7439,-0.4615460977181113,0.08967823460934299,1574.9823288917542
1e-06,19,p6,E2,60873.806454778685,40000.0,0.5218451613694671,0.08967823460934299,1574.9823288917542
1e-06,19,p7,"K_ads,3",25160.48277531699,17197.0,0.46307395332424195,0.08967823460934299,1574.9823288917542
1e-06,19,p8,"K_ads,4",129751.00343658806,124119.0,0.045375836387564004,0.08967823460934299,1574.9823288917542
1e-06,19,p9,Inhibition / adsorption,91468.86578437127,98084.0,-0.06744356078084833,0.08967823460934299,1574.9823288917542
1e-07,19,p1,A1,2138.9613591289612,15672.02,-0.8635171880122051,0.07227935010664012,1534.238261461258
1e-07,19,p2,E1,1664.3788590189015,3453.38,-0.5180435228619783,0.07227935010664012,1534.238261461258
1e-07,19,p3,"K_ads,1",15.871009679127852,30.836,-0.4853090647578203,0.07227935010664012,1534.238261461258
1e-07,19,p4,"K_ads,2",290.89914799100075,558.532,-0.4791719221262153,0.07227935010664012,1534.238261461258
1e-07,19,p5,A2,0.3827183545522613,0.7439,-0.4855244595345325,0.07227935010664012,1534.238261461258
1e-07,19,p6,E2,50898.62048128356,40000.0,0.2724655120320889,0.07227935010664012,1534.238261461258
1e-07,19,p7,"K_ads,3",21635.461966929972,17197.0,0.2580951309490011,0.07227935010664012,1534.238261461258
1e-07,19,p8,"K_ads,4",126671.35755361085,124119.0,0.02056379404934663,0.07227935010664012,1534.238261461258
1e-07,19,p9,Inhibition / adsorption,94377.75545744749,98084.0,-0.03778643349121679,0.07227935010664012,1534.238261461258
1e-05,20,p1,A1,880.2784877385614,15672.02,-0.9438312044179014,0.09964173337302688,1375.1269795894623
1e-05,20,p2,E1,1235.0454077947675,3453.38,-0.6423662012883704,0.09964173337302688,1375.1269795894623
1e-05,20,p3,"K_ads,1",11.793797927901144,30.836,-0.6175315239362711,0.09964173337302688,1375.1269795894623
1e-05,20,p4,"K_ads,2",215.64393013782995,558.532,-0.6139094445119887,0.09964173337302688,1375.1269795894623
1e-05,20,p5,A2,0.28638197179200575,0.7439,-0.6150262511197664,0.09964173337302688,1375.1269795894623
1e-05,20,p6,E2,53614.98288160209,40000.0,0.3403745720400522,0.09964173337302688,1375.1269795894623
1e-05,20,p7,"K_ads,3",22958.81232484334,17197.0,0.3350475271758644,0.09964173337302688,1375.1269795894623
1e-05,20,p8,"K_ads,4",127485.99739466634,124119.0,0.02712717146179342,0.09964173337302688,1375.1269795894623
1e-05,20,p9,Inhibition / adsorption,92934.52018301019,98084.0,-0.052500711808142135,0.09964173337302688,1375.1269795894623
1e-06,20,p1,A1,1040.8442499968626,15672.02,-0.9335858268431981,0.09336024540150877,1433.5585613250732
1e-06,20,p2,E1,1305.7319614167786,3453.38,-0.6218973986596382,0.09336024540150877,1433.5585613250732
1e-06,20,p3,"K_ads,1",12.42367074528325,30.836,-0.5971049829652597,0.09336024540150877,1433.5585613250732
1e-06,20,p4,"K_ads,2",229.22426044371858,558.532,-0.5895951164056518,0.09336024540150877,1433.5585613250732
1e-06,20,p5,A2,0.300694565205866,0.7439,-0.5957863083668961,0.09336024540150877,1433.5585613250732
1e-06,20,p6,E2,52725.25551263219,40000.0,0.31813138781580474,0.09336024540150877,1433.5585613250732
1e-06,20,p7,"K_ads,3",22312.13682860448,17197.0,0.2974435557716161,0.09336024540150877,1433.5585613250732
1e-06,20,p8,"K_ads,4",127369.98140329738,124119.0,0.02619245565382722,0.09336024540150877,1433.5585613250732
1e-06,20,p9,Inhibition / adsorption,93940.86575832442,98084.0,-0.04224067372533318,0.09336024540150877,1433.5585613250732
1e-07,20,p1,A1,1815.4075347784108,15672.02,-0.8841625052304418,0.06713478846121843,1661.094892501831
1e-07,20,p2,E1,1624.8435977858514,3453.38,-0.5294918028754868,0.06713478846121843,1661.094892501831
1e-07,20,p3,"K_ads,1",14.91995051453294,30.836,-0.5161515593937949,0.06713478846121843,1661.094892501831
1e-07,20,p4,"K_ads,2",275.1642127872126,558.532,-0.5073438714572978,0.06713478846121843,1661.094892501831
1e-07,20,p5,A2,0.36275236944393235,0.7439,-0.512364068498545,0.06713478846121843,1661.094892501831
1e-07,20,p6,E2,45482.278360874174,40000.0,0.13705695902185436,0.06713478846121843,1661.094892501831
1e-07,20,p7,"K_ads,3",19122.305000644963,17197.0,0.111955864432457,0.06713478846121843,1661.094892501831
1e-07,20,p8,"K_ads,4",125530.5612112104,124119.0,0.011372644085195652,0.06713478846121843,1661.094892501831
1e-07,20,p9,Inhibition / adsorption,96434.86773315731,98084.0,-0.016813468729279878,0.06713478846121843,1661.094892501831
1e-05,21,p1,A1,2131.510187621254,15672.02,-0.8639926322438809,0.060501589692307095,1772.3894212245941
1e-05,21,p2,E1,1750.3573785392834,3453.38,-0.4931466046194501,0.060501589692307095,1772.3894212245941
1e-05,21,p3,"K_ads,1",15.811071910606865,30.836,-0.48725282427659666,0.060501589692307095,1772.3894212245941
1e-05,21,p4,"K_ads,2",286.4949993283361,558.532,-0.48705714385507703,0.060501589692307095,1772.3894212245941
1e-05,21,p5,A2,0.38378336729223606,0.7439,-0.48409279837043145,0.060501589692307095,1772.3894212245941
1e-05,21,p6,E2,43276.77077205439,40000.0,0.08191926930135979,0.060501589692307095,1772.3894212245941
1e-05,21,p7,"K_ads,3",18526.133198049807,17197.0,0.07728866651449713,0.060501589692307095,1772.3894212245941
1e-05,21,p8,"K_ads,4",125425.65173695028,124119.0,0.01052741108895724,0.060501589692307095,1772.3894212245941
1e-05,21,p9,Inhibition / adsorption,96806.69170793466,98084.0,-0.013022595857278859,0.060501589692307095,1772.3894212245941
1e-06,21,p1,A1,1893.0055591846542,15672.02,-0.8792111317376666,0.0627910447886179,1744.976699590683
1e-06,21,p2,E1,1681.962642203364,3453.38,-0.5129517625620801,0.0627910447886179,1744.976699590683
1e-06,21,p3,"K_ads,1",15.122016636707933,30.836,-0.5095986302792861,0.0627910447886179,1744.976699590683
1e-06,21,p4,"K_ads,2",277.53765405140103,558.532,-0.5030944439147604,0.0627910447886179,1744.976699590683
1e-06,21,p5,A2,0.36782049455055116,0.7439,-0.5055511566735433,0.0627910447886179,1744.976699590683
1e-06,21,p6,E2,41644.642735168694,40000.0,0.04111606837921736,0.0627910447886179,1744.976699590683
1e-06,21,p7,"K_ads,3",17723.888718788596,17197.0,0.030638408954387145,0.0627910447886179,1744.976699590683
1e-06,21,p8,"K_ads,4",124464.88157438765,124119.0,0.002786693208837064,0.0627910447886179,1744.976699590683
1e-06,21,p9,Inhibition / adsorption,97531.48451920987,98084.0,-0.005633084710963329,0.0627910447886179,1744.976699590683
1e-07,21,p1,A1,327.9239084560699,15672.02,-0.9790758365254721,0.11456835268737714,1543.3745975494385
1e-07,21,p2,E1,917.1831452333878,3453.38,-0.7344100141793294,0.11456835268737714,1543.3745975494385
1e-07,21,p3,"K_ads,1",8.266607469640702,30.836,-0.7319169973524223,0.11456835268737714,1543.3745975494385
1e-07,21,p4,"K_ads,2",157.34145710810049,558.532,-0.7182946418323383,0.11456835268737714,1543.3745975494385
1e-07,21,p5,A2,0.20518714950579056,0.7439,-0.7241737471356492,0.11456835268737714,1543.3745975494385
1e-07,21,p6,E2,40108.63817369315,40000.0,0.0027159543423287687,0.11456835268737714,1543.3745975494385
1e-07,21,p7,"K_ads,3",16349.5595891701,17197.0,-0.04927838639471422,0.11456835268737714,1543.3745975494385
1e-07,21,p8,"K_ads,4",123564.09792126577,124119.0,-0.004470726308898965,0.11456835268737714,1543.3745975494385
1e-07,21,p9,Inhibition / adsorption,98176.15406760815,98084.0,0.0009395423066774346,0.11456835268737714,1543.3745975494385
1e-05,22,p1,A1,0.11407733568705672,15672.02,-0.9999927209552,0.5820577571048418,1705.356237411499
1e-05,22,p2,E1,0.32993143688018634,3453.38,-0.999904461299689,0.5820577571048418,1705.356237411499
1e-05,22,p3,"K_ads,1",9.171004763778567,30.836,-0.7025877298035228,0.5820577571048418,1705.356237411499
1e-05,22,p4,"K_ads,2",0.43400627180849305,558.532,-0.9992229518240522,0.5820577571048418,1705.356237411499
1e-05,22,p5,A2,1.0805030615786022,0.7439,0.45248428764431,0.5820577571048418,1705.356237411499
1e-05,22,p6,E2,13116.404015636259,40000.0,-0.6720898996090935,0.5820577571048418,1705.356237411499
1e-05,22,p7,"K_ads,3",13910.734000462937,17197.0,-0.19109530729412474,0.5820577571048418,1705.356237411499
1e-05,22,p8,"K_ads,4",13239.735135675082,124119.0,-0.8933303109461478,0.5820577571048418,1705.356237411499
1e-05,22,p9,Inhibition / adsorption,13562.144216761175,98084.0,-0.861729291048885,0.5820577571048418,1705.356237411499
1e-06,22,p1,A1,1659.9567074653908,15672.02,-0.894081509118455,0.08363496356542881,1811.6547241210938
1e-06,22,p2,E1,1532.3375263739558,3453.38,-0.5562789133040801,0.08363496356542881,1811.6547241210938
1e-06,22,p3,"K_ads,1",14.56604442244586,30.836,-0.5276286022037274,0.08363496356542881,1811.6547241210938
1e-06,22,p4,"K_ads,2",267.13895489318764,558.532,-0.5217123550786926,0.08363496356542881,1811.6547241210938
1e-06,22,p5,A2,0.3509235112030403,0.7439,-0.528265208760532,0.08363496356542881,1811.6547241210938
1e-06,22,p6,E2,53621.945847033196,40000.0,0.3405486461758299,0.08363496356542881,1811.6547241210938
1e-06,22,p7,"K_ads,3",22759.75322802443,17197.0,0.32347230493832824,0.08363496356542881,1811.6547241210938
1e-06,22,p8,"K_ads,4",127742.15556260175,124119.0,0.02919098254579678,0.08363496356542881,1811.6547241210938
1e-06,22,p9,Inhibition / adsorption,93786.25890081699,98084.0,-0.0438169436318157,0.08363496356542881,1811.6547241210938
1e-07,22,p1,A1,663.9904894442735,15672.02,-0.957632105533028,0.10245718765107414,1806.8092019557953
1e-07,22,p2,E1,1129.9072339984396,3453.38,-0.6728112069918631,0.10245718765107414,1806.8092019557953
1e-07,22,p3,"K_ads,1",10.661640536525358,30.836,-0.6542469666453056,0.10245718765107414,1806.8092019557953
1e-07,22,p4,"K_ads,2",197.25843072361312,558.532,-0.6468269844456305,0.10245718765107414,1806.8092019557953
1e-07,22,p5,A2,0.26105004658719466,0.7439,-0.6490791146831635,0.10245718765107414,1806.8092019557953
1e-07,22,p6,E2,50837.87951056658,40000.0,0.2709469877641644,0.10245718765107414,1806.8092019557953
1e-07,22,p7,"K_ads,3",21635.43527618705,17197.0,0.25809357889091417,0.10245718765107414,1806.8092019557953
1e-07,22,p8,"K_ads,4",126772.90036591704,124119.0,0.02138190257669689,0.10245718765107414,1806.8092019557953
1e-07,22,p9,Inhibition / adsorption,93735.85717104009,98084.0,-0.044330806542962294,0.10245718765107414,1806.8092019557953
1e-05,23,p1,A1,0.19435856729794893,15672.02,-0.9999875983716651,0.5724226610661078,1783.0389549732208
1e-05,23,p2,E1,0.3328830956783678,3453.38,-0.999903606583788,0.5724226610661078,1783.0389549732208
1e-05,23,p3,"K_ads,1",3.8863305575318776,30.836,-0.8739677468695072,0.5724226610661078,1783.0389549732208
1e-05,23,p4,"K_ads,2",0.49191025309631414,558.532,-0.9991192800894195,0.5724226610661078,1783.0389549732208
1e-05,23,p5,A2,0.6053715892671198,0.7439,-0.1862191299003633,0.5724226610661078,1783.0389549732208
1e-05,23,p6,E2,13072.63624427299,40000.0,-0.6731840938931754,0.5724226610661078,1783.0389549732208
1e-05,23,p7,"K_ads,3",15030.028443767551,17197.0,-0.12600869664665051,0.5724226610661078,1783.0389549732208
1e-05,23,p8,"K_ads,4",13276.046654305934,124119.0,-0.8930377568760147,0.5724226610661078,1783.0389549732208
1e-05,23,p9,Inhibition / adsorption,14485.316109081119,98084.0,-0.8523172371734318,0.5724226610661078,1783.0389549732208
1e-06,23,p1,A1,0.15924507020965986,15672.02,-0.9999898388931222,0.5755128043950207,1774.1896345615387
1e-06,23,p2,E1,0.33187918156079177,3453.38,-0.9999038972885808,0.5755128043950207,1774.1896345615387
1e-06,23,p3,"K_ads,1",5.193402522674484,30.836,-0.8315798896525334,0.5755128043950207,1774.1896345615387
1e-06,23,p4,"K_ads,2",0.4822284856253441,558.532,-0.9991366144005619,0.5755128043950207,1774.1896345615387
1e-06,23,p5,A2,0.7073045231626088,0.7439,-0.0491940809751192,0.5755128043950207,1774.1896345615387
1e-06,23,p6,E2,13084.221242391784,40000.0,-0.6728944689402054,0.5755128043950207,1774.1896345615387
1e-06,23,p7,"K_ads,3",14656.254695697051,17197.0,-0.14774351946868344,0.5755128043950207,1774.1896345615387
1e-06,23,p8,"K_ads,4",13265.31677819656,124119.0,-0.8931242051724831,0.5755128043950207,1774.1896345615387
1e-06,23,p9,Inhibition / adsorption,14182.894172610828,98084.0,-0.8554005324761345,0.5755128043950207,1774.1896345615387
1e-07,23,p1,A1,0.15722904527446502,15672.02,-0.9999899675316088,0.5757197279107381,1764.280519247055
1e-07,23,p2,E1,0.3318195061044658,3453.38,-0.9999039145688849,0.5757197279107381,1764.280519247055
1e-07,23,p3,"K_ads,1",5.290142421278357,30.836,-0.8284426507563122,0.5757197279107381,1764.280519247055
1e-07,23,p4,"K_ads,2",0.4815755288151179,558.532,-0.9991377834594702,0.5757197279107381,1764.280519247055
1e-07,23,p5,A2,0.7149878414419525,0.7439,-0.038865652047382064,0.5757197279107381,1764.280519247055
1e-07,23,p6,E2,13085.034210739417,40000.0,-0.6728741447315145,0.5757197279107381,1764.280519247055
1e-07,23,p7,"K_ads,3",14631.680425769098,17197.0,-0.14917250533412232,0.5757197279107381,1764.280519247055
1e-07,23,p8,"K_ads,4",13264.665796549534,124119.0,-0.8931294499911413,0.5757197279107381,1764.280519247055
1e-07,23,p9,Inhibition / adsorption,14162.847554289543,98084.0,-0.8556049146212477,0.5757197279107381,1764.280519247055
1e-05,24,p1,A1,0.20843664149763966,15672.02,-0.999986700078133,0.5745206346869325,1533.165343761444
1e-05,24,p2,E1,0.3293700980562614,3453.38,-0.9999046238473449,0.5745206346869325,1533.165343761444
1e-05,24,p3,"K_ads,1",3.7471284818979065,30.836,-0.8784820183584802,0.5745206346869325,1533.165343761444
1e-05,24,p4,"K_ads,2",0.44943788586808897,558.532,-0.9991953229432368,0.5745206346869325,1533.165343761444
1e-05,24,p5,A2,0.38660449227075805,0.7439,-0.48030045399817445,0.5745206346869325,1533.165343761444
1e-05,24,p6,E2,13084.915866582029,40000.0,-0.6728771033354493,0.5745206346869325,1533.165343761444
1e-05,24,p7,"K_ads,3",14483.454800784872,17197.0,-0.1577917775899941,0.5745206346869325,1533.165343761444
1e-05,24,p8,"K_ads,4",13238.07167025724,124119.0,-0.8933437131280687,0.5745206346869325,1533.165343761444
1e-05,24,p9,Inhibition / adsorption,14053.80953750464,98084.0,-0.8567165945770499,0.5745206346869325,1533.165343761444
1e-06,24,p1,A1,0.19728065076775467,15672.02,-0.9999874119194101,0.5750891550824136,1599.1047599315643
1e-06,24,p2,E1,0.32937307418604017,3453.38,-0.9999046229855428,0.5750891550824136,1599.1047599315643
1e-06,24,p3,"K_ads,1",4.075921628172491,30.836,-0.8678193790318949,0.5750891550824136,1599.1047599315643
1e-06,24,p4,"K_ads,2",0.44956242231149135,558.532,-0.9991950999722281,0.5750891550824136,1599.1047599315643
1e-06,24,p5,A2,0.41756615604192276,0.7439,-0.43867972033617053,0.5750891550824136,1599.1047599315643
1e-06,24,p6,E2,13086.87477980349,40000.0,-0.6728281305049127,0.5750891550824136,1599.1047599315643
1e-06,24,p7,"K_ads,3",14432.862072817441,17197.0,-0.16073372839347322,0.5750891550824136,1599.1047599315643
1e-06,24,p8,"K_ads,4",13237.9984429362,124119.0,-0.8933443031047931,0.5750891550824136,1599.1047599315643
1e-06,24,p9,Inhibition / adsorption,14011.177252155501,98084.0,-0.857151245339143,0.5750891550824136,1599.1047599315643
1e-07,24,p1,A1,0.20629829750655962,15672.02,-0.9999868365215521,0.5746210636842497,1853.253464460373
1e-07,24,p2,E1,0.32937017995659545,3453.38,-0.9999046238236289,0.5746210636842497,1853.253464460373
1e-07,24,p3,"K_ads,1",3.8068135559214595,30.836,-0.8765464536281794,0.5746210636842497,1853.253464460373
1e-07,24,p4,"K_ads,2",0.4494448056152392,558.532,-0.9991953105540681,0.5746210636842497,1853.253464460373
1e-07,24,p5,A2,0.3918400957460255,0.7439,-0.4732624065788069,0.5746210636842497,1853.253464460373
1e-07,24,p6,E2,13085.23327016925,40000.0,-0.6728691682457687,0.5746210636842497,1853.253464460373
1e-07,24,p7,"K_ads,3",14475.63374987621,17197.0,-0.1582465691762395,0.5746210636842497,1853.253464460373
1e-07,24,p8,"K_ads,4",13238.055706144309,124119.0,-0.8933438417474817,0.5746210636842497,1853.253464460373
1e-07,24,p9,Inhibition / adsorption,14047.276001219254,98084.0,-0.8567832062189628,0.5746210636842497,1853.253464460373
1e-05,25,p1,A1,521.860580100493,15672.02,-0.9667011285015912,0.1162646050908699,2071.4073100090027
1e-05,25,p2,E1,1025.0692679053695,3453.38,-0.7031692811375031,0.1162646050908699,2071.4073100090027
1e-05,25,p3,"K_ads,1",9.838687199631872,30.836,-0.6809350369817139,0.1162646050908699,2071.4073100090027
1e-05,25,p4,"K_ads,2",182.55728732620472,558.532,-0.6731480249543362,0.1162646050908699,2071.4073100090027
1e-05,25,p5,A2,0.2381336699587092,0.7439,-0.6798848367271014,0.1162646050908699,2071.4073100090027
1e-05,25,p6,E2,55873.147379201524,40000.0,0.3968286844800381,0.1162646050908699,2071.4073100090027
1e-05,25,p7,"K_ads,3",23669.05504833753,17197.0,0.37634791232991394,0.1162646050908699,2071.4073100090027
1e-05,25,p8,"K_ads,4",128367.72541945004,124119.0,0.03423106389392472,0.1162646050908699,2071.4073100090027
1e-05,25,p9,Inhibition / adsorption,92930.56177962723,98084.0,-0.05254106908744314,0.1162646050908699,2071.4073100090027
1e-06,25,p1,A1,2344.2313040636263,15672.02,-0.8504193266685708,0.05682610189490684,2068.4613931179047
1e-06,25,p2,E1,1804.721892475319,3453.38,-0.47740419748903423,0.05682610189490684,2068.4613931179047
1e-06,25,p3,"K_ads,1",16.244216852477063,30.836,-0.47320609506819744,0.05682610189490684,2068.4613931179047
1e-06,25,p4,"K_ads,2",298.4385236817446,558.532,-0.46567336574852547,0.05682610189490684,2068.4613931179047
1e-06,25,p5,A2,0.395300811365333,0.7439,-0.46861028180490255,0.05682610189490684,2068.4613931179047
1e-06,25,p6,E2,42269.695524290386,40000.0,0.05674238810725965,0.05682610189490684,2068.4613931179047
1e-06,25,p7,"K_ads,3",17938.950682818835,17197.0,0.04314419275564547,0.05682610189490684,2068.4613931179047
1e-06,25,p8,"K_ads,4",124605.85915789963,124119.0,0.003922519178366144,0.05682610189490684,2068.4613931179047
1e-06,25,p9,Inhibition / adsorption,97326.68961065938,98084.0,-0.007721039000658847,0.05682610189490684,2068.4613931179047
1e-07,25,p1,A1,475.55718925131765,15672.02,-0.969655654519882,0.1185121135815051,1797.5925660133362
1e-07,25,p2,E1,978.9133653417479,3453.38,-0.7165347093740776,0.1185121135815051,1797.5925660133362
1e-07,25,p3,"K_ads,1",9.507613044946037,30.836,-0.6916716485618745,0.1185121135815051,1797.5925660133362
1e-07,25,p4,"K_ads,2",178.26858585268423,558.532,-0.6808265491454667,0.1185121135815051,1797.5925660133362
1e-07,25,p5,A2,0.23141548681352728,0.7439,-0.6889158666305588,0.1185121135815051,1797.5925660133362
1e-07,25,p6,E2,56046.39034531381,40000.0,0.4011597586328453,0.1185121135815051,1797.5925660133362
1e-07,25,p7,"K_ads,3",23454.727848304057,17197.0,0.3638848548179367,0.1185121135815051,1797.5925660133362
1e-07,25,p8,"K_ads,4",128021.25838839648,124119.0,0.031439653787063086,0.1185121135815051,1797.5925660133362
1e-07,25,p9,Inhibition / adsorption,92872.56760423513,98084.0,-0.05313233958407971,0.1185121135815051,1797.5925660133362
1e-05,26,p1,A1,2673.602233596949,15672.02,-0.8294028316964278,0.1854172167878583,2136.6736903190613
1e-05,26,p2,E1,1210.6858284594744,3453.38,-0.6494200382061995,0.1854172167878583,2136.6736903190613
1e-05,26,p3,"K_ads,1",19.27081248053449,30.836,-0.3750547256280162,0.1854172167878583,2136.6736903190613
1e-05,26,p4,"K_ads,2",315.9012676869463,558.532,-0.4344079342151456,0.1854172167878583,2136.6736903190613
1e-05,26,p5,A2,0.4008649507247801,0.7439,-0.4611305945358514,0.1854172167878583,2136.6736903190613
1e-05,26,p6,E2,42952.193476551576,40000.0,0.0738048369137894,0.1854172167878583,2136.6736903190613
1e-05,26,p7,"K_ads,3",58334.07319635385,17197.0,2.392107530171184,0.1854172167878583,2136.6736903190613
1e-05,26,p8,"K_ads,4",58907.00075986983,124119.0,-0.525399006116148,0.1854172167878583,2136.6736903190613
1e-05,26,p9,Inhibition / adsorption,97385.73076641216,98084.0,-0.0071190941803743555,0.1854172167878583,2136.6736903190613
1e-06,26,p1,A1,2351.5932818266047,15672.02,-0.8499495737099235,0.10371345881812094,2139.5357961654663
1e-06,26,p2,E1,1642.5707670472607,3453.38,-0.5243585220719236,0.10371345881812094,2139.5357961654663
1e-06,26,p3,"K_ads,1",16.524633597645224,30.836,-0.4641122844193402,0.10371345881812094,2139.5357961654663
1e-06,26,p4,"K_ads,2",300.13086863793933,558.532,-0.4626433782881924,0.10371345881812094,2139.5357961654663
1e-06,26,p5,A2,0.3888938905343454,0.7439,-0.47722289214364105,0.10371345881812094,2139.5357961654663
1e-06,26,p6,E2,65823.6312033766,40000.0,0.6455907800844151,0.10371345881812094,2139.5357961654663
1e-06,26,p7,"K_ads,3",28019.22589261304,17197.0,0.6293089429908147,0.10371345881812094,2139.5357961654663
1e-06,26,p8,"K_ads,4",131057.27314021307,124119.0,0.05590016951645658,0.10371345881812094,2139.5357961654663
1e-06,26,p9,Inhibition / adsorption,90851.7516837231,98084.0,-0.073735250563567,0.10371345881812094,2139.5357961654663
1e-07,26,p1,A1,629.5837725843948,15672.02,-0.9598275287688254,0.10562181212335386,2130.791162967682
1e-07,26,p2,E1,1102.7824715835475,3453.38,-0.6806657617801841,0.10562181212335386,2130.791162967682
1e-07,26,p3,"K_ads,1",10.459004642071072,30.836,-0.6608183732627101,0.10562181212335386,2130.791162967682
1e-07,26,p4,"K_ads,2",194.44068773730524,558.532,-0.6518718932177472,0.10562181212335386,2130.791162967682
1e-07,26,p5,A2,0.2546484324894511,0.7439,-0.6576845913571029,0.10562181212335386,2130.791162967682
1e-07,26,p6,E2,52165.168589160676,40000.0,0.3041292147290169,0.10562181212335386,2130.791162967682
1e-07,26,p7,"K_ads,3",22079.633821662974,17197.0,0.28392358095382764,0.10562181212335386,2130.791162967682
1e-07,26,p8,"K_ads,4",127068.55007330322,124119.0,0.02376388847237912,0.10562181212335386,2130.791162967682
1e-07,26,p9,Inhibition / adsorption,93995.10372374133,98084.0,-0.04168769907690015,0.10562181212335386,2130.791162967682
1e-05,27,p1,A1,9630.3532060131,15672.02,-0.3855065775813775,0.0537461066902206,2237.3933255672455
1e-05,27,p2,E1,2876.5144831355415,3453.38,-0.16704374174416328,0.0537461066902206,2237.3933255672455
1e-05,27,p3,"K_ads,1",26.494924495632173,30.836,-0.14077946245841957,0.0537461066902206,2237.3933255672455
1e-05,27,p4,"K_ads,2",501.24868366533445,558.532,-0.10256049131413345,0.0537461066902206,2237.3933255672455
1e-05,27,p5,A2,0.7461297292627432,0.7439,0.0029973508035263203,0.0537461066902206,2237.3933255672455
1e-05,27,p6,E2,48947.4854146199,40000.0,0.22368713536549747,0.0537461066902206,2237.3933255672455
1e-05,27,p7,"K_ads,3",23579.29476020684,17197.0,0.3711283805435158,0.0537461066902206,2237.3933255672455
1e-05,27,p8,"K_ads,4",122553.3740539947,124119.0,-0.012613910408602205,0.0537461066902206,2237.3933255672455
1e-05,27,p9,Inhibition / adsorption,80748.38834532198,98084.0,-0.17674250290239005,0.0537461066902206,2237.3933255672455
1e-06,27,p1,A1,306.28166283617065,15672.02,-0.9804567845857668,0.13122647923849604,2241.5045750141144
1e-06,27,p2,E1,865.2298156221489,3453.38,-0.7494542113459426,0.13122647923849604,2241.5045750141144
1e-06,27,p3,"K_ads,1",8.069242931556618,30.836,-0.7383174558452258,0.13122647923849604,2241.5045750141144
1e-06,27,p4,"K_ads,2",156.4948820868384,558.532,-0.7198103562788911,0.13122647923849604,2241.5045750141144
1e-06,27,p5,A2,0.19859049896106087,0.7439,-0.7330414048110487,0.13122647923849604,2241.5045750141144
1e-06,27,p6,E2,56731.332773088325,40000.0,0.41828331932720814,0.13122647923849604,2241.5045750141144
1e-06,27,p7,"K_ads,3",24048.39231509169,17197.0,0.39840625196788326,0.13122647923849604,2241.5045750141144
1e-06,27,p8,"K_ads,4",127757.27662134751,124119.0,0.02931280965321596,0.13122647923849604,2241.5045750141144
1e-06,27,p9,Inhibition / adsorption,93846.63802802259,98084.0,-0.04320135773395675,0.13122647923849604,2241.5045750141144
1e-07,27,p1,A1,2244.465712544046,15672.02,-0.8567851679270415,0.07767675614110303,2199.7730071544647
1e-07,27,p2,E1,1642.3718497808559,3453.38,-0.5244161228185558,0.07767675614110303,2199.7730071544647
1e-07,27,p3,"K_ads,1",16.0203659753833,30.836,-0.48046549567442925,0.07767675614110303,2199.7730071544647
1e-07,27,p4,"K_ads,2",307.6041480819543,558.532,-0.44926316114035675,0.07767675614110303,2199.7730071544647
1e-07,27,p5,A2,0.4051029364447098,0.7439,-0.4554336114468211,0.07767675614110303,2199.7730071544647
1e-07,27,p6,E2,52445.53096030328,40000.0,0.311138274007582,0.07767675614110303,2199.7730071544647
1e-07,27,p7,"K_ads,3",23516.940502220878,17197.0,0.3675025005652659,0.07767675614110303,2199.7730071544647
1e-07,27,p8,"K_ads,4",122983.03179692461,124119.0,-0.009152250687448257,0.07767675614110303,2199.7730071544647
1e-07,27,p9,Inhibition / adsorption,90324.85540931755,98084.0,-0.07910713868401015,0.07767675614110303,2199.7730071544647
1e-05,28,p1,A1,914.8443083134808,15672.02,-0.9416256290948148,0.08490892757140968,1975.7475006580353
1e-05,28,p2,E1,1299.3575919881032,3453.38,-0.6237432335890916,0.08490892757140968,1975.7475006580353
1e-05,28,p3,"K_ads,1",11.827514335988477,30.836,-0.6164381133743522,0.08490892757140968,1975.7475006580353
1e-05,28,p4,"K_ads,2",218.94270868070373,558.532,-0.6080032859698214,0.08490892757140968,1975.7475006580353
1e-05,28,p5,A2,0.2872337560559007,0.7439,-0.6138812258960873,0.08490892757140968,1975.7475006580353
1e-05,28,p6,E2,42997.56801056444,40000.0,0.07493920026411106,0.08490892757140968,1975.7475006580353
1e-05,28,p7,"K_ads,3",18290.464508455156,17197.0,0.06358460827209139,0.08490892757140968,1975.7475006580353
1e-05,28,p8,"K_ads,4",124684.47537629411,124119.0,0.004555913085781475,0.08490892757140968,1975.7475006580353
1e-05,28,p9,Inhibition / adsorption,97237.79490088097,98084.0,-0.008627351037060412,0.08490892757140968,1975.7475006580353
1e-06,28,p1,A1,999.8363688379322,15672.02,-0.9362024570643777,0.08954785143831412,2003.1902015209198
1e-06,28,p2,E1,1299.333306244628,3453.38,-0.6237502660452576,0.08954785143831412,2003.1902015209198
1e-06,28,p3,"K_ads,1",12.21972769779874,30.836,-0.6037187800687916,0.08954785143831412,2003.1902015209198
1e-06,28,p4,"K_ads,2",226.9153201371806,558.532,-0.5937290609362031,0.08954785143831412,2003.1902015209198
1e-06,28,p5,A2,0.29704664690168964,0.7439,-0.600690083476691,0.08954785143831412,2003.1902015209198
1e-06,28,p6,E2,49609.50235732428,40000.0,0.240237558933107,0.08954785143831412,2003.1902015209198
1e-06,28,p7,"K_ads,3",21066.69083104465,17197.0,0.2250212729571814,0.08954785143831412,2003.1902015209198
1e-06,28,p8,"K_ads,4",126150.5080737804,124119.0,0.016367422181780344,0.08954785143831412,2003.1902015209198
1e-06,28,p9,Inhibition / adsorption,94870.90345325758,98084.0,-0.0327586206388649,0.08954785143831412,2003.1902015209198
1e-07,28,p1,A1,558.1331413061472,15672.02,-0.9643866494997998,0.17770845795591186,2317.5385031700134
1e-07,28,p2,E1,1184.4043801198366,3453.38,-0.6570303933769708,0.17770845795591186,2317.5385031700134
1e-07,28,p3,"K_ads,1",11.661083350217895,30.836,-0.6218354082819466,0.17770845795591186,2317.5385031700134
1e-07,28,p4,"K_ads,2",153.61530153090854,558.532,-0.7249659795125283,0.17770845795591186,2317.5385031700134
1e-07,28,p5,A2,0.32861303430081384,0.7439,-0.5582564399773977,0.17770845795591186,2317.5385031700134
1e-07,28,p6,E2,52436.15705764008,40000.0,0.31090392644100195,0.17770845795591186,2317.5385031700134
1e-07,28,p7,"K_ads,3",49932.72880694919,17197.0,1.903572065299133,0.17770845795591186,2317.5385031700134
1e-07,28,p8,"K_ads,4",90578.01146472704,124119.0,-0.2702325069914595,0.17770845795591186,2317.5385031700134
1e-07,28,p9,Inhibition / adsorption,65839.43478190435,98084.0,-0.32874439478503786,0.17770845795591186,2317.5385031700134
1e-05,29,p1,A1,216.90677883552547,15672.02,-0.986159615746054,0.1327294601454255,2401.215995311737
1e-05,29,p2,E1,757.7618590874087,3453.38,-0.7805738554438236,0.1327294601454255,2401.215995311737
1e-05,29,p3,"K_ads,1",7.256425823218042,30.836,-0.7646768120632365,0.1327294601454255,2401.215995311737
1e-05,29,p4,"K_ads,2",137.09500685970826,558.532,-0.7545440424904781,0.1327294601454255,2401.215995311737
1e-05,29,p5,A2,0.17795126868715253,0.7439,-0.760786034833778,0.1327294601454255,2401.215995311737
1e-05,29,p6,E2,50735.98288887477,40000.0,0.26839957222186933,0.1327294601454255,2401.215995311737
1e-05,29,p7,"K_ads,3",20913.50281239265,17197.0,0.2161134391110455,0.1327294601454255,2401.215995311737
1e-05,29,p8,"K_ads,4",127015.96454482875,124119.0,0.02334021821662073,0.1327294601454255,2401.215995311737
1e-05,29,p9,Inhibition / adsorption,94470.32577978093,98084.0,-0.03684264732493644,0.1327294601454255,2401.215995311737
1e-06,29,p1,A1,526.6675298160933,15672.02,-0.9663944067314811,0.1004965427967018,2421.5145468711853
1e-06,29,p2,E1,1086.168726603179,3453.38,-0.6854766267821152,0.1004965427967018,2421.5145468711853
1e-06,29,p3,"K_ads,1",9.780648419543967,30.836,-0.6828172130125838,0.1004965427967018,2421.5145468711853
1e-06,29,p4,"K_ads,2",182.3036967169128,558.532,-0.673602055536813,0.1004965427967018,2421.5145468711853
1e-06,29,p5,A2,0.2398242696091191,0.7439,-0.677612219909774,0.1004965427967018,2421.5145468711853
1e-06,29,p6,E2,41567.939845822395,40000.0,0.039198496145559876,0.1004965427967018,2421.5145468711853
1e-06,29,p7,"K_ads,3",17640.92922347127,17197.0,0.025814341075261395,0.1004965427967018,2421.5145468711853
1e-06,29,p8,"K_ads,4",124146.92847109213,124119.0,0.0002250136650483384,0.1004965427967018,2421.5145468711853
1e-06,29,p9,Inhibition / adsorption,97573.53599245856,98084.0,-0.005204355527317762,0.1004965427967018,2421.5145468711853
1e-07,29,p1,A1,814.7617512724012,15672.02,-0.9480116952841816,0.09792993477629673,2026.8433508872986
1e-07,29,p2,E1,1201.101157145303,3453.38,-0.6521954846714515,0.09792993477629673,2026.8433508872986
1e-07,29,p3,"K_ads,1",11.412239569254876,30.836,-0.629905319455997,0.09792993477629673,2026.8433508872986
1e-07,29,p4,"K_ads,2",211.87992879262393,558.532,-0.6206485415470844,0.09792993477629673,2026.8433508872986
1e-07,29,p5,A2,0.27733923734199867,0.7439,-0.6271820979405852,0.09792993477629673,2026.8433508872986
1e-07,29,p6,E2,51745.413341089865,40000.0,0.29363533352724663,0.09792993477629673,2026.8433508872986
1e-07,29,p7,"K_ads,3",21759.211481652448,17197.0,0.2652911252923445,0.09792993477629673,2026.8433508872986
1e-07,29,p8,"K_ads,4",127072.08720531112,124119.0,0.023792386381707258,0.09792993477629673,2026.8433508872986
1e-07,29,p9,Inhibition / adsorption,94122.29591624282,98084.0,-0.0403909310770073,0.09792993477629673,2026.8433508872986
1e-05,30,p1,A1,915.1632481705382,15672.02,-0.9416052781855474,0.10057953850568975,2449.913054704666
1e-05,30,p2,E1,1260.2114203766218,3453.38,-0.6350788443853205,0.10057953850568975,2449.913054704666
1e-05,30,p3,"K_ads,1",11.920453678663213,30.836,-0.6134241250919958,0.10057953850568975,2449.913054704666
1e-05,30,p4,"K_ads,2",217.9109287516046,558.532,-0.6098505927116,0.10057953850568975,2449.913054704666
1e-05,30,p5,A2,0.28839594632744336,0.7439,-0.612318932212067,0.10057953850568975,2449.913054704666
1e-05,30,p6,E2,54787.102740829694,40000.0,0.36967756852074235,0.10057953850568975,2449.913054704666
1e-05,30,p7,"K_ads,3",23421.828756487546,17197.0,0.3619717832463538,0.10057953850568975,2449.913054704666
1e-05,30,p8,"K_ads,4",128484.83527531903,124119.0,0.03517459273212825,0.10057953850568975,2449.913054704666
1e-05,30,p9,Inhibition / adsorption,93192.22082731884,98084.0,-0.0498733654080294,0.10057953850568975,2449.913054704666
1e-06,30,p1,A1,633.0023481236168,15672.02,-0.9596093963558229,0.10764075747823078,2435.983662843704
1e-06,30,p2,E1,1075.5847285133884,3453.38,-0.6885414496773049,0.10764075747823078,2435.983662843704
1e-06,30,p3,"K_ads,1",10.466762013553517,30.836,-0.6605668045935427,0.10764075747823078,2435.983662843704
1e-06,30,p4,"K_ads,2",196.46133559997932,558.532,-0.6482541097018985,0.10764075747823078,2435.983662843704
1e-06,30,p5,A2,0.25371222999986875,0.7439,-0.658943097190659,0.10764075747823078,2435.983662843704
1e-06,30,p6,E2,54003.50371152641,40000.0,0.3500875927881603,0.10764075747823078,2435.983662843704
1e-06,30,p7,"K_ads,3",22407.8354638809,17197.0,0.3030084005280514,0.10764075747823078,2435.983662843704
1e-06,30,p8,"K_ads,4",127283.92121477894,124119.0,0.025499087285419126,0.10764075747823078,2435.983662843704
1e-06,30,p9,Inhibition / adsorption,94118.8026402484,98084.0,-0.04042654622315163,0.10764075747823078,2435.983662843704
1e-07,30,p1,A1,2040.2089475029577,15672.02,-0.8698183803043286,0.21241616474144054,2431.2995443344116
1e-07,30,p2,E1,172.552516560555,3453.38,-0.9500337302698936,0.21241616474144054,2431.2995443344116
1e-07,30,p3,"K_ads,1",16.648229903527696,30.836,-0.4601041022335032,0.21241616474144054,2431.2995443344116
1e-07,30,p4,"K_ads,2",380.90954445891157,558.532,-0.3180166141619253,0.21241616474144054,2431.2995443344116
1e-07,30,p5,A2,0.5247478644829269,0.7439,-0.29459891856038867,0.21241616474144054,2431.2995443344116
1e-07,30,p6,E2,37625.716362732936,40000.0,-0.05935709093167661,0.21241616474144054,2431.2995443344116
1e-07,30,p7,"K_ads,3",57338.91368877763,17197.0,2.3342393259741603,0.21241616474144054,2431.2995443344116
1e-07,30,p8,"K_ads,4",54338.29299108986,124119.0,-0.5622080987512801,0.21241616474144054,2431.2995443344116
1e-07,30,p9,Inhibition / adsorption,65712.84374017002,98084.0,-0.33003503384680455,0.21241616474144054,2431.2995443344116
1e-05,31,p1,A1,3024.2517104390085,15672.02,-0.8070285955199771,0.06968376432353589,2600.0031173229218
1e-05,31,p2,E1,1869.14372459902,3453.38,-0.45874947888763473,0.06968376432353589,2600.0031173229218
1e-05,31,p3,"K_ads,1",17.87470993203455,30.836,-0.42032981151788334,0.06968376432353589,2600.0031173229218
1e-05,31,p4,"K_ads,2",326.5963556410933,558.532,-0.415259366265329,0.06968376432353589,2600.0031173229218
1e-05,31,p5,A2,0.4318881686848309,0.7439,-0.41942711562732776,0.06968376432353589,2600.0031173229218
1e-05,31,p6,E2,52931.359784303764,40000.0,0.3232839946075941,0.06968376432353589,2600.0031173229218
1e-05,31,p7,"K_ads,3",22833.372247556585,17197.0,0.32775322716500466,0.06968376432353589,2600.0031173229218
1e-05,31,p8,"K_ads,4",126900.02125517344,124119.0,0.0224060881506735,0.06968376432353589,2600.0031173229218
1e-05,31,p9,Inhibition / adsorption,93321.65820239985,98084.0,-0.04855370700216295,0.06968376432353589,2600.0031173229218
1e-06,31,p1,A1,1568.4203082532533,15672.02,-0.8999222622065788,0.07690189421942338,2600.748553276062
1e-06,31,p2,E1,1537.7611842863346,3453.38,-0.5547083772170064,0.07690189421942338,2600.748553276062
1e-06,31,p3,"K_ads,1",14.258622763252149,30.836,-0.5375981721607164,0.07690189421942338,2600.748553276062
1e-06,31,p4,"K_ads,2",261.23630341060266,558.532,-0.5322805078122603,0.07690189421942338,2600.748553276062
1e-06,31,p5,A2,0.3453512765882954,0.7439,-0.5357557782117282,0.07690189421942338,2600.748553276062
1e-06,31,p6,E2,49004.84728829296,40000.0,0.2251211822073239,0.07690189421942338,2600.748553276062
1e-06,31,p7,"K_ads,3",21022.048278586022,17197.0,0.22242532293923487,0.07690189421942338,2600.748553276062
1e-06,31,p8,"K_ads,4",126382.63930866853,124119.0,0.018237653450869952,0.07690189421942338,2600.748553276062
1e-06,31,p9,Inhibition / adsorption,95049.01784852838,98084.0,-0.030942683327266598,0.07690189421942338,2600.748553276062
1e-07,31,p1,A1,402.10409772718157,15672.02,-0.974342548202007,0.11060251318778408,2556.656858444214
1e-07,31,p2,E1,990.1587654006828,3453.38,-0.7132783634002969,0.11060251318778408,2556.656858444214
1e-07,31,p3,"K_ads,1",8.954527898230427,30.836,-0.7096079939606166,0.11060251318778408,2556.656858444214
1e-07,31,p4,"K_ads,2",165.70032430136072,558.532,-0.7033288615489162,0.11060251318778408,2556.656858444214
1e-07,31,p5,A2,0.21970672414339015,0.7439,-0.7046555664156606,0.11060251318778408,2556.656858444214
1e-07,31,p6,E2,45451.84293599942,40000.0,0.13629607339998548,0.11060251318778408,2556.656858444214
1e-07,31,p7,"K_ads,3",19517.68305268341,17197.0,0.13494697055785365,0.11060251318778408,2556.656858444214
1e-07,31,p8,"K_ads,4",125548.50607421318,124119.0,0.01151722197417942,0.11060251318778408,2556.656858444214
1e-07,31,p9,Inhibition / adsorption,96066.40379805135,98084.0,-0.02057008484511895,0.11060251318778408,2556.656858444214
1e-05,32,p1,A1,0.1849316974432894,15672.02,-0.999988199881225,0.5801694914146108,2076.078361749649
1e-05,32,p2,E1,0.3280685207570702,3453.38,-0.9999050007468749,0.5801694914146108,2076.078361749649
1e-05,32,p3,"K_ads,1",3.979371569545782,30.836,-0.8709504614883323,0.5801694914146108,2076.078361749649
1e-05,32,p4,"K_ads,2",0.39276173853290824,558.532,-0.9992967963544919,0.5801694914146108,2076.078361749649
1e-05,32,p5,A2,0.5002429051019411,0.7439,-0.32754011950270046,0.5801694914146108,2076.078361749649
1e-05,32,p6,E2,13177.162465455112,40000.0,-0.6705709383636221,0.5801694914146108,2076.078361749649
1e-05,32,p7,"K_ads,3",13377.814251801588,17197.0,-0.2220844186892139,0.5801694914146108,2076.078361749649
1e-05,32,p8,"K_ads,4",13218.956784603031,124119.0,-0.893497717637082,0.5801694914146108,2076.078361749649
1e-05,32,p9,Inhibition / adsorption,13212.185715660646,98084.0,-0.8652972379219787,0.5801694914146108,2076.078361749649
1e-06,32,p1,A1,0.1848137621439291,15672.02,-0.9999882074064388,0.5801739955823058,2124.2438640594482
1e-06,32,p2,E1,0.328067651217754,3453.38,-0.9999050009986686,0.5801739955823058,2124.2438640594482
1e-06,32,p3,"K_ads,1",3.9871629393899863,30.836,-0.8706977902649505,0.5801739955823058,2124.2438640594482
1e-06,32,p4,"K_ads,2",0.3926952947628216,558.532,-0.9992969153159303,0.5801739955823058,2124.2438640594482
1e-06,32,p5,A2,0.5005029574625401,0.7439,-0.3271905397734371,0.5801739955823058,2124.2438640594482
1e-06,32,p6,E2,13177.195354253765,40000.0,-0.6705701161436558,0.5801739955823058,2124.2438640594482
1e-06,32,p7,"K_ads,3",13377.760908675216,17197.0,-0.22208752057479697,0.5801739955823058,2124.2438640594482
1e-06,32,p8,"K_ads,4",13218.934911477474,124119.0,-0.8934978938641347,0.5801739955823058,2124.2438640594482
1e-06,32,p9,Inhibition / adsorption,13212.14894331668,98084.0,-0.8652976128286297,0.5801739955823058,2124.2438640594482
1e-07,32,p1,A1,0.18482465643731502,15672.02,-0.9999882067112958,0.5801735644247471,2480.366558790207
1e-07,32,p2,E1,0.3280677427504163,3453.38,-0.9999050009721633,0.5801735644247471,2480.366558790207
1e-07,32,p3,"K_ads,1",3.986437292787005,30.836,-0.8707213227141326,0.5801735644247471,2480.366558790207
1e-07,32,p4,"K_ads,2",0.392702266524002,558.532,-0.9992969028336354,0.5801735644247471,2480.366558790207
1e-07,32,p5,A2,0.5004757957409695,0.7439,-0.32722705237132754,0.5801735644247471,2480.366558790207
1e-07,32,p6,E2,13177.192644212066,40000.0,-0.6705701838946984,0.5801735644247471,2480.366558790207
1e-07,32,p7,"K_ads,3",13377.764438289172,17197.0,-0.22208731532888457,0.5801735644247471,2480.366558790207
1e-07,32,p8,"K_ads,4",13218.93723334436,124119.0,-0.8934978751573541,0.5801735644247471,2480.366558790207
1e-07,32,p9,Inhibition / adsorption,13212.152996929719,98084.0,-0.8652975715006554,0.5801735644247471,2480.366558790207
1e-05,33,p1,A1,961.3057548070794,15672.02,-0.9386610178645076,0.08797936751851591,2748.932293176651
1e-05,33,p2,E1,1298.3755065308594,3453.38,-0.6240276174267356,0.08797936751851591,2748.932293176651
1e-05,33,p3,"K_ads,1",12.046110318425685,30.836,-0.6093491270454766,0.08797936751851591,2748.932293176651
1e-05,33,p4,"K_ads,2",222.7781537732233,558.532,-0.601136275498587,0.08797936751851591,2748.932293176651
1e-05,33,p5,A2,0.29372591830712774,0.7439,-0.6051540283544459,0.08797936751851591,2748.932293176651
1e-05,33,p6,E2,47798.48849786602,40000.0,0.1949622124466505,0.08797936751851591,2748.932293176651
1e-05,33,p7,"K_ads,3",20224.38423509038,17197.0,0.17604141624064545,0.08797936751851591,2748.932293176651
1e-05,33,p8,"K_ads,4",126035.36544528231,124119.0,0.015439742870006287,0.08797936751851591,2748.932293176651
1e-05,33,p9,Inhibition / adsorption,95472.12310699068,98084.0,-0.026628980190544035,0.08797936751851591,2748.932293176651
1e-06,33,p1,A1,321.26054509548004,15672.02,-0.9795010123075724,0.12937671882300925,2710.8557913303375
1e-06,33,p2,E1,878.9184864017484,3453.38,-0.7454903641065425,0.12937671882300925,2710.8557913303375
1e-06,33,p3,"K_ads,1",8.347951143203213,30.836,-0.7292790523023994,0.12937671882300925,2710.8557913303375
1e-06,33,p4,"K_ads,2",154.37671575687835,558.532,-0.7236027376105965,0.12937671882300925,2710.8557913303375
1e-06,33,p5,A2,0.20345465574758534,0.7439,-0.7265026808071174,0.12937671882300925,2710.8557913303375
1e-06,33,p6,E2,55805.63935646644,40000.0,0.39514098391166097,0.12937671882300925,2710.8557913303375
1e-06,33,p7,"K_ads,3",24023.772097851863,17197.0,0.39697459428108756,0.12937671882300925,2710.8557913303375
1e-06,33,p8,"K_ads,4",128263.47998199507,124119.0,0.03339118089893627,0.12937671882300925,2710.8557913303375
1e-06,33,p9,Inhibition / adsorption,92778.86958162779,98084.0,-0.05408762304119132,0.12937671882300925,2710.8557913303375
1e-07,33,p1,A1,630.7829634144022,15672.02,-0.959751010819639,0.12626196499775524,2323.418082714081
1e-07,33,p2,E1,1066.6077937919413,3453.38,-0.6911409130208835,0.12626196499775524,2323.418082714081
1e-07,33,p3,"K_ads,1",10.536783152832998,30.836,-0.658296045115028,0.12626196499775524,2323.418082714081
1e-07,33,p4,"K_ads,2",194.36236805917835,558.532,-0.652012117373439,0.12626196499775524,2323.418082714081
1e-07,33,p5,A2,0.25475114884851474,0.7439,-0.6575465131758103,0.12626196499775524,2323.418082714081
1e-07,33,p6,E2,64119.01454874533,40000.0,0.6029753637186331,0.12626196499775524,2323.418082714081
1e-07,33,p7,"K_ads,3",27359.765911204988,17197.0,0.5909615578999237,0.12626196499775524,2323.418082714081
1e-07,33,p8,"K_ads,4",130464.41863364853,124119.0,0.05112366868608778,0.12626196499775524,2323.418082714081
1e-07,33,p9,Inhibition / adsorption,90058.86174340062,98084.0,-0.08181903528199691,0.12626196499775524,2323.418082714081
1e-05,34,p1,A1,286.78253565220035,15672.02,-0.9817009845793842,0.12355328973430056,2829.55300617218
1e-05,34,p2,E1,867.6750208906759,3453.38,-0.7487461498906358,0.12355328973430056,2829.55300617218
1e-05,34,p3,"K_ads,1",7.979200135047328,30.836,-0.7412375102137979,0.12355328973430056,2829.55300617218
1e-05,34,p4,"K_ads,2",148.6166275379923,558.532,-0.7339156439774405,0.12355328973430056,2829.55300617218
1e-05,34,p5,A2,0.19595272129338773,0.7439,-0.7365872814983362,0.12355328973430056,2829.55300617218
1e-05,34,p6,E2,49044.487272534345,40000.0,0.22611218181335863,0.12355328973430056,2829.55300617218
1e-05,34,p7,"K_ads,3",20907.718891448272,17197.0,0.21577710597477887,0.12355328973430056,2829.55300617218
1e-05,34,p8,"K_ads,4",126518.12385046214,124119.0,0.019329223168589364,0.12355328973430056,2829.55300617218
1e-05,34,p9,Inhibition / adsorption,95159.47377717399,98084.0,-0.029816547274030533,0.12355328973430056,2829.55300617218
1e-06,34,p1,A1,591.1593098628202,15672.02,-0.9622793162679207,0.11615121194681848,2788.9786882400513
1e-06,34,p2,E1,1028.1795928631261,3453.38,-0.702268620058283,0.11615121194681848,2788.9786882400513
1e-06,34,p3,"K_ads,1",10.287687206098157,30.836,-0.6663741339311793,0.11615121194681848,2788.9786882400513
1e-06,34,p4,"K_ads,2",191.45280259088668,558.532,-0.6572214258254019,0.11615121194681848,2788.9786882400513
1e-06,34,p5,A2,0.24662996659537004,0.7439,-0.6684635480637585,0.11615121194681848,2788.9786882400513
1e-06,34,p6,E2,58064.25409186342,40000.0,0.45160635229658547,0.11615121194681848,2788.9786882400513
1e-06,34,p7,"K_ads,3",24196.40638285103,17197.0,0.40701322223940395,0.11615121194681848,2788.9786882400513
1e-06,34,p8,"K_ads,4",128410.70299546959,124119.0,0.03457732495000435,0.11615121194681848,2788.9786882400513
1e-06,34,p9,Inhibition / adsorption,93146.97042392283,98084.0,-0.05033470878101596,0.11615121194681848,2788.9786882400513
1e-07,34,p1,A1,1501.7328833897545,15672.02,-0.9041774523392802,0.08393885451698226,2806.125059366226
1e-07,34,p2,E1,1496.4000437980085,3453.38,-0.5666853795996941,0.08393885451698226,2806.125059366226
1e-07,34,p3,"K_ads,1",14.068290799256566,30.836,-0.5437705668940016,0.08393885451698226,2806.125059366226
1e-07,34,p4,"K_ads,2",257.6901924080261,558.532,-0.5386294922976193,0.08393885451698226,2806.125059366226
1e-07,34,p5,A2,0.3401701160344869,0.7439,-0.5427206398245908,0.08393885451698226,2806.125059366226
1e-07,34,p6,E2,52416.34728472413,40000.0,0.3104086821181032,0.08393885451698226,2806.125059366226
1e-07,34,p7,"K_ads,3",22369.804960827867,17197.0,0.30079693904912874,0.08393885451698226,2806.125059366226
1e-07,34,p8,"K_ads,4",127458.91781295183,124119.0,0.026908997115283124,0.08393885451698226,2806.125059366226
1e-07,34,p9,Inhibition / adsorption,93917.61143636814,98084.0,-0.04247775950850148,0.08393885451698226,2806.125059366226
1e-05,35,p1,A1,405.64853016687135,15672.02,-0.9741163851139246,0.10882555120556385,2892.7877757549286
1e-05,35,p2,E1,998.3653613928577,3453.38,-0.7109019681028854,0.10882555120556385,2892.7877757549286
1e-05,35,p3,"K_ads,1",8.977035550089031,30.836,-0.7088780791902636,0.10882555120556385,2892.7877757549286
1e-05,35,p4,"K_ads,2",165.98782054354564,558.532,-0.7028141260598397,0.10882555120556385,2892.7877757549286
1e-05,35,p5,A2,0.2207024151975286,0.7439,-0.7033170920855915,0.10882555120556385,2892.7877757549286
1e-05,35,p6,E2,43286.14066188847,40000.0,0.0821535165472118,0.10882555120556385,2892.7877757549286
1e-05,35,p7,"K_ads,3",18469.523475446815,17197.0,0.07399682941482902,0.10882555120556385,2892.7877757549286
1e-05,35,p8,"K_ads,4",125057.61828769358,124119.0,0.007562245004339208,0.10882555120556385,2892.7877757549286
1e-05,35,p9,Inhibition / adsorption,96642.31734286378,98084.0,-0.014698448851354125,0.10882555120556385,2892.7877757549286
1e-06,35,p1,A1,2063.201733187496,15672.02,-0.8683512570053193,0.07019256879874937,2874.2806968688965
1e-06,35,p2,E1,1643.4200543920952,3453.38,-0.5241125927664795,0.07019256879874937,2874.2806968688965
1e-06,35,p3,"K_ads,1",15.653252646791346,30.836,-0.4923708442472647,0.07019256879874937,2874.2806968688965
1e-06,35,p4,"K_ads,2",287.54199598927704,558.532,-0.4851825929592628,0.07019256879874937,2874.2806968688965
1e-06,35,p5,A2,0.3856288368076805,0.7439,-0.4816119951503152,0.07019256879874937,2874.2806968688965
1e-06,35,p6,E2,49803.684701255246,40000.0,0.24509211753138116,0.07019256879874937,2874.2806968688965
1e-06,35,p7,"K_ads,3",20721.21741574265,17197.0,0.20493210535225032,0.07019256879874937,2874.2806968688965
1e-06,35,p8,"K_ads,4",126493.19110366108,124119.0,0.019128345407722295,0.07019256879874937,2874.2806968688965
1e-06,35,p9,Inhibition / adsorption,93424.01145921745,98084.0,-0.047510180465545344,0.07019256879874937,2874.2806968688965
1e-07,35,p1,A1,105.64144530767685,15672.02,-0.9932592323575596,0.15114120875056367,2897.206401348114
1e-07,35,p2,E1,611.1821975987366,3453.38,-0.8230191297804653,0.15114120875056367,2897.206401348114
1e-07,35,p3,"K_ads,1",5.647391273952971,30.836,-0.8168572034650095,0.15114120875056367,2897.206401348114
1e-07,35,p4,"K_ads,2",107.45082864277623,558.532,-0.8076192077754252,0.15114120875056367,2897.206401348114
1e-07,35,p5,A2,0.14039199815025497,0.7439,-0.8112757115872363,0.15114120875056367,2897.206401348114
1e-07,35,p6,E2,47967.05695915068,40000.0,0.19917642397876698,0.15114120875056367,2897.206401348114
1e-07,35,p7,"K_ads,3",20177.47229750662,17197.0,0.17331350221007277,0.15114120875056367,2897.206401348114
1e-07,35,p8,"K_ads,4",125958.17755054538,124119.0,0.014817856658089287,0.15114120875056367,2897.206401348114
1e-07,35,p9,Inhibition / adsorption,95459.73195822755,98084.0,-0.026755312199466252,0.15114120875056367,2897.206401348114
1e-05,36,p1,A1,341.55898640515557,15672.02,-0.9782058096910828,0.12524808812991378,2526.664917230606
1e-05,36,p2,E1,886.93168522808,3453.38,-0.7431699710926455,0.12524808812991378,2526.664917230606
1e-05,36,p3,"K_ads,1",8.534354997126785,30.836,-0.723234044716345,0.12524808812991378,2526.664917230606
1e-05,36,p4,"K_ads,2",157.87330638359282,558.532,-0.7173424147880644,0.12524808812991378,2526.664917230606
1e-05,36,p5,A2,0.2075425466343399,0.7439,-0.7210074652045437,0.12524808812991378,2526.664917230606
1e-05,36,p6,E2,54149.849025860975,40000.0,0.35374622564652436,0.12524808812991378,2526.664917230606
1e-05,36,p7,"K_ads,3",23148.73933974104,17197.0,0.3460917217968856,0.12524808812991378,2526.664917230606
1e-05,36,p8,"K_ads,4",127736.32563596689,124119.0,0.029144012084909552,0.12524808812991378,2526.664917230606
1e-05,36,p9,Inhibition / adsorption,93364.81730834268,98084.0,-0.04811368512354022,0.12524808812991378,2526.664917230606
1e-06,36,p1,A1,295.00380908584054,15672.02,-0.9811764016964093,0.1222612022862638,2580.6600155830383
1e-06,36,p2,E1,876.3992403262423,3453.38,-0.7462198656602395,0.1222612022862638,2580.6600155830383
1e-06,36,p3,"K_ads,1",8.046231537095037,30.836,-0.7390637068006538,0.1222612022862638,2580.6600155830383
1e-06,36,p4,"K_ads,2",150.40531969921378,558.532,-0.730713155738232,0.1222612022862638,2580.6600155830383
1e-06,36,p5,A2,0.19705835933538146,0.7439,-0.7351010090934516,0.1222612022862638,2580.6600155830383
1e-06,36,p6,E2,48603.18856676289,40000.0,0.2150797141690722,0.1222612022862638,2580.6600155830383
1e-06,36,p7,"K_ads,3",20674.378978759083,17197.0,0.20220846535785794,0.1222612022862638,2580.6600155830383
1e-06,36,p8,"K_ads,4",126281.5343071034,124119.0,0.017423072270187485,0.1222612022862638,2580.6600155830383
1e-06,36,p9,Inhibition / adsorption,95486.16405052195,98084.0,-0.026485827958464634,0.1222612022862638,2580.6600155830383
1e-07,36,p1,A1,1062.190584320824,15672.02,-0.9322237602861134,0.08034971683550084,2992.957222700119
1e-07,36,p2,E1,1374.6121572336656,3453.38,-0.6019516655468945,0.08034971683550084,2992.957222700119
1e-07,36,p3,"K_ads,1",12.43442618884226,30.836,-0.596756187934808,0.08034971683550084,2992.957222700119
1e-07,36,p4,"K_ads,2",229.486199745153,558.532,-0.5891261382603808,0.08034971683550084,2992.957222700119
1e-07,36,p5,A2,0.3033300181383978,0.7439,-0.5922435567436514,0.08034971683550084,2992.957222700119
1e-07,36,p6,E2,42794.83064908748,40000.0,0.06987076622718705,0.08034971683550084,2992.957222700119
1e-07,36,p7,"K_ads,3",18186.70582774845,17197.0,0.05755107447510904,0.08034971683550084,2992.957222700119
1e-07,36,p8,"K_ads,4",124703.49828190515,124119.0,0.004709176531434761,0.08034971683550084,2992.957222700119
1e-07,36,p9,Inhibition / adsorption,97139.59918133958,98084.0,-0.009628490056078654,0.08034971683550084,2992.957222700119
1e-05,37,p1,A1,1086.437422946868,15672.02,-0.9306766183971901,0.09010558600249545,3070.314525604248
1e-05,37,p2,E1,1342.6535921836603,3453.38,-0.611205951217746,0.09010558600249545,3070.314525604248
1e-05,37,p3,"K_ads,1",12.610006808238856,30.836,-0.5910621738150584,0.09010558600249545,3070.314525604248
1e-05,37,p4,"K_ads,2",231.32643158978598,558.532,-0.5858313729745368,0.09010558600249545,3070.314525604248
1e-05,37,p5,A2,0.3059435580383585,0.7439,-0.588730262080443,0.09010558600249545,3070.314525604248
1e-05,37,p6,E2,51480.21308787332,40000.0,0.2870053271968331,0.09010558600249545,3070.314525604248
1e-05,37,p7,"K_ads,3",21793.715428809875,17197.0,0.26729751868406554,0.09010558600249545,3070.314525604248
1e-05,37,p8,"K_ads,4",127212.55570138166,124119.0,0.024924110743573973,0.09010558600249545,3070.314525604248
1e-05,37,p9,Inhibition / adsorption,94354.62095290299,98084.0,-0.03802229769480254,0.09010558600249545,3070.314525604248
1e-06,37,p1,A1,354.44586956078444,15672.02,-0.9773835236580362,0.14917335515378136,3019.2313952445984
1e-06,37,p2,E1,857.0881187663259,3453.38,-0.7518118137111104,0.14917335515378136,3019.2313952445984
1e-06,37,p3,"K_ads,1",8.683110411017056,30.836,-0.7184099620243529,0.14917335515378136,3019.2313952445984
1e-06,37,p4,"K_ads,2",160.68494158311321,558.532,-0.7123084414445131,0.14917335515378136,3019.2313952445984
1e-06,37,p5,A2,0.20958476074998927,0.7439,-0.7182621847694728,0.14917335515378136,3019.2313952445984
1e-06,37,p6,E2,69880.10486993847,40000.0,0.7470026217484618,0.14917335515378136,3019.2313952445984
1e-06,37,p7,"K_ads,3",29753.9400029239,17197.0,0.7301820086598767,0.14917335515378136,3019.2313952445984
1e-06,37,p8,"K_ads,4",132140.77649147183,124119.0,0.06462972221393846,0.14917335515378136,3019.2313952445984
1e-06,37,p9,Inhibition / adsorption,88355.57424107859,98084.0,-0.09918463519963919,0.14917335515378136,3019.2313952445984
1e-07,37,p1,A1,2453.464045614573,15672.02,-0.8434494056532231,0.054936288757531,2685.819040298462
1e-07,37,p2,E1,1836.0552108810473,3453.38,-0.46833096534958585,0.054936288757531,2685.819040298462
1e-07,37,p3,"K_ads,1",16.49735421796409,30.836,-0.4649969445465011,0.054936288757531,2685.819040298462
1e-07,37,p4,"K_ads,2",302.8689644256601,558.532,-0.4577410704746369,0.054936288757531,2685.819040298462
1e-07,37,p5,A2,0.40040489634796533,0.7439,-0.46174903031594927,0.054936288757531,2685.819040298462
1e-07,37,p6,E2,40931.136903017126,40000.0,0.023278422575428157,0.054936288757531,2685.819040298462
1e-07,37,p7,"K_ads,3",17492.863547694422,17197.0,0.017204369814178163,0.054936288757531,2685.819040298462
1e-07,37,p8,"K_ads,4",124076.76709960007,124119.0,-0.00034026136530211317,0.054936288757531,2685.819040298462
1e-07,37,p9,Inhibition / adsorption,97871.84252254153,98084.0,-0.0021630182033611322,0.054936288757531,2685.819040298462
1e-05,38,p1,A1,860.0096234750467,15672.02,-0.9451245197827053,0.08595551494725241,3120.77304148674
1e-05,38,p2,E1,1279.4321868997354,3453.38,-0.6295130605668258,0.08595551494725241,3120.77304148674
1e-05,38,p3,"K_ads,1",11.570235572015463,30.836,-0.6247815679071389,0.08595551494725241,3120.77304148674
1e-05,38,p4,"K_ads,2",214.45814033462304,558.532,-0.6160324917200393,0.08595551494725241,3120.77304148674
1e-05,38,p5,A2,0.2830455119724659,0.7439,-0.619511342959449,0.08595551494725241,3120.77304148674
1e-05,38,p6,E2,41128.92021230076,40000.0,0.02822300530751909,0.08595551494725241,3120.77304148674
1e-05,38,p7,"K_ads,3",17610.99677208908,17197.0,0.02407377868750839,0.08595551494725241,3120.77304148674
1e-05,38,p8,"K_ads,4",123798.67347846761,124119.0,-0.0025808016623755574,0.08595551494725241,3120.77304148674
1e-05,38,p9,Inhibition / adsorption,97622.23075213612,98084.0,-0.004707895761427738,0.08595551494725241,3120.77304148674
1e-06,38,p1,A1,1757.2347439489415,15672.02,-0.8878743937316987,0.06635732341252086,3131.5896515846252
1e-06,38,p2,E1,1627.4380356695399,3453.38,-0.5287405279263968,0.06635732341252086,3131.5896515846252
1e-06,38,p3,"K_ads,1",14.765472550048914,30.836,-0.5211612222710821,0.06635732341252086,3131.5896515846252
1e-06,38,p4,"K_ads,2",270.90261005157646,558.532,-0.5149738778591443,0.06635732341252086,3131.5896515846252
1e-06,38,p5,A2,0.35859776892185574,0.7439,-0.517948959642619,0.06635732341252086,3131.5896515846252
1e-06,38,p6,E2,43637.084937781445,40000.0,0.09092712344453611,0.06635732341252086,3131.5896515846252
1e-06,38,p7,"K_ads,3",18600.76819474791,17197.0,0.08162866748548644,0.06635732341252086,3131.5896515846252
1e-06,38,p8,"K_ads,4",125053.75455115554,124119.0,0.00753111571278802,0.06635732341252086,3131.5896515846252
1e-06,38,p9,Inhibition / adsorption,96887.52326233244,98084.0,-0.01219849045376982,0.06635732341252086,3131.5896515846252
1e-07,38,p1,A1,240.29643154282027,15672.02,-0.9846671691624423,0.13603893348142257,3089.996216058731
1e-07,38,p2,E1,790.6496916997028,3453.38,-0.771050480485871,0.13603893348142257,3089.996216058731
1e-07,38,p3,"K_ads,1",7.538962742648814,30.836,-0.755514244952367,0.13603893348142257,3089.996216058731
1e-07,38,p4,"K_ads,2",140.9799382304023,558.532,-0.7475884314051795,0.13603893348142257,3089.996216058731
1e-07,38,p5,A2,0.18484879303293997,0.7439,-0.7515139225259578,0.13603893348142257,3089.996216058731
1e-07,38,p6,E2,55278.28870187098,40000.0,0.38195721754677453,0.13603893348142257,3089.996216058731
1e-07,38,p7,"K_ads,3",23533.467972571365,17197.0,0.3684635676322245,0.13603893348142257,3089.996216058731
1e-07,38,p8,"K_ads,4",128144.20748177763,124119.0,0.03243022810188311,0.13603893348142257,3089.996216058731
1e-07,38,p9,Inhibition / adsorption,92857.54426093784,98084.0,-0.05328550771850825,0.13603893348142257,3089.996216058731
1e-05,39,p1,A1,1155.5441044962586,15672.02,-0.9262670603728007,0.08834824683715231,3227.987296819687
1e-05,39,p2,E1,1380.306419392238,3453.38,-0.6003027702157775,0.08834824683715231,3227.987296819687
1e-05,39,p3,"K_ads,1",12.90095940549865,30.836,-0.5816266894052844,0.08834824683715231,3227.987296819687
1e-05,39,p4,"K_ads,2",235.56712740639475,558.532,-0.5782387984817436,0.08834824683715231,3227.987296819687
1e-05,39,p5,A2,0.3110280554238667,0.7439,-0.5818953415460859,0.08834824683715231,3227.987296819687
1e-05,39,p6,E2,50860.03167223765,40000.0,0.2715007918059413,0.08834824683715231,3227.987296819687
1e-05,39,p7,"K_ads,3",22019.95889828074,17197.0,0.28045350341808106,0.08834824683715231,3227.987296819687
1e-05,39,p8,"K_ads,4",126728.25697717982,124119.0,0.021022220427008076,0.08834824683715231,3227.987296819687
1e-05,39,p9,Inhibition / adsorption,94774.91136066077,98084.0,-0.0337372929258516,0.08834824683715231,3227.987296819687
1e-06,39,p1,A1,325.6416366429178,15672.02,-0.9792214636886044,0.1345427130464919,3188.975854873657
1e-06,39,p2,E1,876.8195052673983,3453.38,-0.7460981689627558,0.1345427130464919,3188.975854873657
1e-06,39,p3,"K_ads,1",8.419453133743346,30.836,-0.726960269368811,0.1345427130464919,3188.975854873657
1e-06,39,p4,"K_ads,2",154.54656336726285,558.532,-0.7232986411391598,0.1345427130464919,3188.975854873657
1e-06,39,p5,A2,0.20345436371354542,0.7439,-0.7265030733787533,0.1345427130464919,3188.975854873657
1e-06,39,p6,E2,59053.186039043096,40000.0,0.4763296509760774,0.1345427130464919,3188.975854873657
1e-06,39,p7,"K_ads,3",25779.901925498296,17197.0,0.4990929770017035,0.1345427130464919,3188.975854873657
1e-06,39,p8,"K_ads,4",129078.76320980981,124119.0,0.03995974193966928,0.1345427130464919,3188.975854873657
1e-06,39,p9,Inhibition / adsorption,91899.2855472045,98084.0,-0.06305528376489025,0.1345427130464919,3188.975854873657
1e-07,39,p1,A1,173.3814829579354,15672.02,-0.9889368771250971,0.13561802887579374,3188.955307006836
1e-07,39,p2,E1,728.2112448132721,3453.38,-0.7891308674940863,0.13561802887579374,3188.955307006836
1e-07,39,p3,"K_ads,1",6.694648440724803,30.836,-0.782895043432196,0.13561802887579374,3188.955307006836
1e-07,39,p4,"K_ads,2",126.60650531082153,558.532,-0.773322736547196,0.13561802887579374,3188.955307006836
1e-07,39,p5,A2,0.16575874695104412,0.7439,-0.7771760358233041,0.13561802887579374,3188.955307006836
1e-07,39,p6,E2,46399.23829797547,40000.0,0.15998095744938673,0.13561802887579374,3188.955307006836
1e-07,39,p7,"K_ads,3",19581.331539435527,17197.0,0.13864810952116804,0.13561802887579374,3188.955307006836
1e-07,39,p8,"K_ads,4",125454.40756161993,124119.0,0.01075909056324919,0.13561802887579374,3188.955307006836
1e-07,39,p9,Inhibition / adsorption,95869.3884103029,98084.0,-0.022578724253671367,0.13561802887579374,3188.955307006836
1e-05,40,p1,A1,213.44503162972424,15672.02,-0.9863805028560629,0.34172601560747573,2599.8108620643616
1e-05,40,p2,E1,0.496975191048919,3453.38,-0.9998560902098672,0.34172601560747573,2599.8108620643616
1e-05,40,p3,"K_ads,1",8.203801454908831,30.836,-0.7339537730279923,0.34172601560747573,2599.8108620643616
1e-05,40,p4,"K_ads,2",167.67192126195195,558.532,-0.6997988991464196,0.34172601560747573,2599.8108620643616
1e-05,40,p5,A2,0.19288690982401888,0.7439,-0.7407085497727935,0.34172601560747573,2599.8108620643616
1e-05,40,p6,E2,23366.538727227457,40000.0,-0.41583653181931357,0.34172601560747573,2599.8108620643616
1e-05,40,p7,"K_ads,3",50822.56748295337,17197.0,1.9553158971305091,0.34172601560747573,2599.8108620643616
1e-05,40,p8,"K_ads,4",45407.36627669908,124119.0,-0.6341626481304306,0.34172601560747573,2599.8108620643616
1e-05,40,p9,Inhibition / adsorption,94825.93653771444,98084.0,-0.03321707375602094,0.34172601560747573,2599.8108620643616
1e-06,40,p1,A1,1151.9937915580178,15672.02,-0.9264935986836401,0.08564425344070714,2760.7709896564484
1e-06,40,p2,E1,1391.0314328133945,3453.38,-0.5971971133169838,0.08564425344070714,2760.7709896564484
1e-06,40,p3,"K_ads,1",12.876443552081788,30.836,-0.5824217294045341,0.08564425344070714,2760.7709896564484
1e-06,40,p4,"K_ads,2",234.4373614035721,558.532,-0.5802615402455507,0.08564425344070714,2760.7709896564484
1e-06,40,p5,A2,0.31168345213732335,0.7439,-0.5810143135672492,0.08564425344070714,2760.7709896564484
1e-06,40,p6,E2,49190.68050345131,40000.0,0.22976701258628274,0.08564425344070714,2760.7709896564484
1e-06,40,p7,"K_ads,3",21261.190495630926,17197.0,0.23633136568185883,0.08564425344070714,2760.7709896564484
1e-06,40,p8,"K_ads,4",126618.74764464436,124119.0,0.020139927365224998,0.08564425344070714,2760.7709896564484
1e-06,40,p9,Inhibition / adsorption,94962.23399781603,98084.0,-0.031827474431955965,0.08564425344070714,2760.7709896564484
1e-07,40,p1,A1,603.0473046456898,15672.02,-0.9615207672880911,0.11481118750187591,3239.467708349228
1e-07,40,p2,E1,1078.3897320899855,3453.38,-0.6877292009306866,0.11481118750187591,3239.467708349228
1e-07,40,p3,"K_ads,1",10.368471039061937,30.836,-0.6637543443033488,0.11481118750187591,3239.467708349228
1e-07,40,p4,"K_ads,2",190.4813571450114,558.532,-0.6589607092431384,0.11481118750187591,3239.467708349228
1e-07,40,p5,A2,0.2531196787546621,0.7439,-0.6597396440991233,0.11481118750187591,3239.467708349228
1e-07,40,p6,E2,56528.53063821368,40000.0,0.4132132659553419,0.11481118750187591,3239.467708349228
1e-07,40,p7,"K_ads,3",24560.241817235255,17197.0,0.42817013532797904,0.11481118750187591,3239.467708349228
1e-07,40,p8,"K_ads,4",127915.88544079964,124119.0,0.03059068668616119,0.11481118750187591,3239.467708349228
1e-07,40,p9,Inhibition / adsorption,91379.22523859917,98084.0,-0.06835747687085382,0.11481118750187591,3239.467708349228
1e-05,41,p1,A1,306.8873600032475,15672.02,-0.9804181362706755,0.1163977901677078,3485.7658059597015
1e-05,41,p2,E1,905.10485786371,3453.38,-0.7379075404781084,0.1163977901677078,3485.7658059597015
1e-05,41,p3,"K_ads,1",8.14475862440821,30.836,-0.7358685100399465,0.1163977901677078,3485.7658059597015
1e-05,41,p4,"K_ads,2",152.03443045555323,558.532,-0.7277963832769596,0.1163977901677078,3485.7658059597015
1e-05,41,p5,A2,0.19972993800983205,0.7439,-0.7315096948382416,0.1163977901677078,3485.7658059597015
1e-05,41,p6,E2,41114.577515361074,40000.0,0.027864437884026847,0.1163977901677078,3485.7658059597015
1e-05,41,p7,"K_ads,3",17496.494892489027,17197.0,0.017415531342037962,0.1163977901677078,3485.7658059597015
1e-05,41,p8,"K_ads,4",124092.25813847964,124119.0,-0.00021545340778095362,0.1163977901677078,3485.7658059597015
1e-05,41,p9,Inhibition / adsorption,98144.27616695415,98084.0,0.0006145361828040306,0.1163977901677078,3485.7658059597015
1e-06,41,p1,A1,675.0829938827366,15672.02,-0.956924315188295,0.09370472431979866,3415.7108652591705
1e-06,41,p2,E1,1177.1678801498265,3453.38,-0.6591258766339567,0.09370472431979866,3415.7108652591705
1e-06,41,p3,"K_ads,1",10.656217809630927,30.836,-0.6544228236596534,0.09370472431979866,3415.7108652591705
1e-06,41,p4,"K_ads,2",197.69093784774526,558.532,-0.6460526203552434,0.09370472431979866,3415.7108652591705
1e-06,41,p5,A2,0.26061984072074473,0.7439,-0.6496574261046583,0.09370472431979866,3415.7108652591705
1e-06,41,p6,E2,42898.309695278,40000.0,0.07245774238195009,0.09370472431979866,3415.7108652591705
1e-06,41,p7,"K_ads,3",18224.416952322885,17197.0,0.059743964198574445,0.09370472431979866,3415.7108652591705
1e-06,41,p8,"K_ads,4",124654.16859868071,124119.0,0.0043117379182938415,0.09370472431979866,3415.7108652591705
1e-06,41,p9,Inhibition / adsorption,97134.1152842745,98084.0,-0.009684400266358358,0.09370472431979866,3415.7108652591705
1e-07,41,p1,A1,2324.353020828008,15672.02,-0.851687719845431,0.056383699106202306,2939.112769842148
1e-07,41,p2,E1,1810.524386682648,3453.38,-0.4757239612545831,0.056383699106202306,2939.112769842148
1e-07,41,p3,"K_ads,1",16.197293869902577,30.836,-0.4747277899240311,0.056383699106202306,2939.112769842148
1e-07,41,p4,"K_ads,2",297.0682347488489,558.532,-0.46812674162116247,0.056383699106202306,2939.112769842148
1e-07,41,p5,A2,0.3938211674738676,0.7439,-0.47059931781977743,0.056383699106202306,2939.112769842148
1e-07,41,p6,E2,40230.77094689345,40000.0,0.005769273672336203,0.056383699106202306,2939.112769842148
1e-07,41,p7,"K_ads,3",17174.620381253917,17197.0,-0.0013013676074945047,0.056383699106202306,2939.112769842148
1e-07,41,p8,"K_ads,4",124027.1665636372,124119.0,-0.0007398821805105955,0.056383699106202306,2939.112769842148
1e-07,41,p9,Inhibition / adsorption,98015.48930821933,98084.0,-0.0006984899859372551,0.056383699106202306,2939.112769842148
1e-05,42,p1,A1,1669.9412130470223,15672.02,-0.8934444179469512,0.09640048369570271,3446.508529663086
1e-05,42,p2,E1,1535.7882585707994,3453.38,-0.5552796800320847,0.09640048369570271,3446.508529663086
1e-05,42,p3,"K_ads,1",14.656801550619557,30.836,-0.5246853823252187,0.09640048369570271,3446.508529663086
1e-05,42,p4,"K_ads,2",265.7502022806943,558.532,-0.5241987884656667,0.09640048369570271,3446.508529663086
1e-05,42,p5,A2,0.35024289683149673,0.7439,-0.5291801359974503,0.09640048369570271,3446.508529663086
1e-05,42,p6,E2,59157.8623081377,40000.0,0.4789465577034425,0.09640048369570271,3446.508529663086
1e-05,42,p7,"K_ads,3",25704.048751168066,17197.0,0.49468213939454936,0.09640048369570271,3446.508529663086
1e-05,42,p8,"K_ads,4",129322.92948110378,124119.0,0.041926936900102185,0.09640048369570271,3446.508529663086
1e-05,42,p9,Inhibition / adsorption,92230.34965971648,98084.0,-0.05967997165983772,0.09640048369570271,3446.508529663086
1e-06,42,p1,A1,1300.0878230806295,15672.02,-0.9170440171030518,0.07829098153362662,3447.011659145355
1e-06,42,p2,E1,1447.0989254859244,3453.38,-0.5809615722897786,0.07829098153362662,3447.011659145355
1e-06,42,p3,"K_ads,1",13.324556132615157,30.836,-0.5678896052466222,0.07829098153362662,3447.011659145355
1e-06,42,p4,"K_ads,2",246.66034025316068,558.532,-0.5583774246539845,0.07829098153362662,3447.011659145355
1e-06,42,p5,A2,0.32478138197224315,0.7439,-0.5634072026183047,0.07829098153362662,3447.011659145355
1e-06,42,p6,E2,46759.95190886002,40000.0,0.16899879772150053,0.07829098153362662,3447.011659145355
1e-06,42,p7,"K_ads,3",19830.719107568093,17197.0,0.15314991612305012,0.07829098153362662,3447.011659145355
1e-06,42,p8,"K_ads,4",125538.24785717958,124119.0,0.011434573733107583,0.07829098153362662,3447.011659145355
1e-06,42,p9,Inhibition / adsorption,95590.42838326344,98084.0,-0.02542281734774847,0.07829098153362662,3447.011659145355
1e-07,42,p1,A1,270.29486194364824,15672.02,-0.9827530297980956,0.1353236770058686,3435.9290046691895
1e-07,42,p2,E1,818.4584410115945,3453.38,-0.762997862670313,0.1353236770058686,3435.9290046691895
1e-07,42,p3,"K_ads,1",7.848914969290837,30.836,-0.7454626096351394,0.1353236770058686,3435.9290046691895
1e-07,42,p4,"K_ads,2",146.96965829511873,558.532,-0.7368643904107218,0.1353236770058686,3435.9290046691895
1e-07,42,p5,A2,0.19157650659159836,0.7439,-0.7424700812050028,0.1353236770058686,3435.9290046691895
1e-07,42,p6,E2,56917.545702779586,40000.0,0.42293864256948965,0.1353236770058686,3435.9290046691895
1e-07,42,p7,"K_ads,3",24342.14704819096,17197.0,0.4154879948939327,0.1353236770058686,3435.9290046691895
1e-07,42,p8,"K_ads,4",128242.52478704954,124119.0,0.03322234941507374,0.1353236770058686,3435.9290046691895
1e-07,42,p9,Inhibition / adsorption,92643.2875123396,98084.0,-0.0554699287107011,0.1353236770058686,3435.9290046691895
1e-05,43,p1,A1,360.86077192328423,15672.02,-0.9769742016713044,0.11585573056662989,3580.2060742378235
1e-05,43,p2,E1,940.2047941936528,3453.38,-0.7277436036017894,0.11585573056662989,3580.2060742378235
1e-05,43,p3,"K_ads,1",8.626955564348785,30.836,-0.7202310427957976,0.11585573056662989,3580.2060742378235
1e-05,43,p4,"K_ads,2",160.62007067226025,558.532,-0.7124245868235657,0.11585573056662989,3580.2060742378235
1e-05,43,p5,A2,0.2113468785016179,0.7439,-0.7158934285500498,0.11585573056662989,3580.2060742378235
1e-05,43,p6,E2,47832.98353793264,40000.0,0.195824588448316,0.11585573056662989,3580.2060742378235
1e-05,43,p7,"K_ads,3",20450.166029537413,17197.0,0.18917055472102187,0.11585573056662989,3580.2060742378235
1e-05,43,p8,"K_ads,4",125973.9108803743,124119.0,0.01494461670150662,0.11585573056662989,3580.2060742378235
1e-05,43,p9,Inhibition / adsorption,95411.0544021782,98084.0,-0.027251596568469913,0.11585573056662989,3580.2060742378235
1e-06,43,p1,A1,1252.9636935022852,15672.02,-0.9200509128049681,0.07905610760476542,3607.252875328064
1e-06,43,p2,E1,1436.9107600240513,3453.38,-0.583911773386059,0.07905610760476542,3607.252875328064
1e-06,43,p3,"K_ads,1",13.19325068065043,30.836,-0.5721477921698525,0.07905610760476542,3607.252875328064
1e-06,43,p4,"K_ads,2",242.26067671784665,558.532,-0.5662546161762502,0.07905610760476542,3607.252875328064
1e-06,43,p5,A2,0.3210343365581432,0.7439,-0.5684442310012863,0.07905610760476542,3607.252875328064
1e-06,43,p6,E2,46382.99205815723,40000.0,0.15957480145393074,0.07905610760476542,3607.252875328064
1e-06,43,p7,"K_ads,3",19840.764524567,17197.0,0.15373405387957198,0.07905610760476542,3607.252875328064
1e-06,43,p8,"K_ads,4",125709.82345285726,124119.0,0.012816921284068231,0.07905610760476542,3607.252875328064
1e-06,43,p9,Inhibition / adsorption,95776.65934403423,98084.0,-0.023524128868783637,0.07905610760476542,3607.252875328064
1e-07,43,p1,A1,1603.9243258443132,15672.02,-0.8976568224233817,0.07927882177665198,3505.9000341892242
1e-07,43,p2,E1,1538.6543053070363,3453.38,-0.5544497549337066,0.07927882177665198,3505.9000341892242
1e-07,43,p3,"K_ads,1",14.335648188693229,30.836,-0.5351002662896216,0.07927882177665198,3505.9000341892242
1e-07,43,p4,"K_ads,2",264.1412817893914,558.532,-0.5270794121207175,0.07927882177665198,3505.9000341892242
1e-07,43,p5,A2,0.3473462435411835,0.7439,-0.5330740105643453,0.07927882177665198,3505.9000341892242
1e-07,43,p6,E2,50952.02456613517,40000.0,0.2738006141533793,0.07927882177665198,3505.9000341892242
1e-07,43,p7,"K_ads,3",21612.50051138202,17197.0,0.25675992971925443,0.07927882177665198,3505.9000341892242
1e-07,43,p8,"K_ads,4",126983.158895358,124119.0,0.023075910177797167,0.07927882177665198,3505.9000341892242
1e-07,43,p9,Inhibition / adsorption,94544.66221822414,98084.0,-0.036084761854898444,0.07927882177665198,3505.9000341892242
1e-05,44,p1,A1,1392.28728911412,15672.02,-0.9111609550578599,0.07262061053918714,3073.5331506729126
1e-05,44,p2,E1,1523.2044389793823,3453.38,-0.558923593992152,0.07262061053918714,3073.5331506729126
1e-05,44,p3,"K_ads,1",13.659089938247126,30.836,-0.5570407984742791,0.07262061053918714,3073.5331506729126
1e-05,44,p4,"K_ads,2",249.4342461588411,558.532,-0.5534110021290792,0.07262061053918714,3073.5331506729126
1e-05,44,p5,A2,0.3325133314941521,0.7439,-0.5530134003304852,0.07262061053918714,3073.5331506729126
1e-05,44,p6,E2,42835.654548474544,40000.0,0.0708913637118636,0.07262061053918714,3073.5331506729126
1e-05,44,p7,"K_ads,3",18536.357233750976,17197.0,0.0778831908909098,0.07262061053918714,3073.5331506729126
1e-05,44,p8,"K_ads,4",124807.36085001721,124119.0,0.005545974830744787,0.07262061053918714,3073.5331506729126
1e-05,44,p9,Inhibition / adsorption,97022.4907511911,98084.0,-0.010822450642397327,0.07262061053918714,3073.5331506729126
1e-06,44,p1,A1,12038.501454517938,15672.02,-0.2318474928874556,0.07697368487952462,3164.8831119537354
1e-06,44,p2,E1,2948.766504525698,3453.38,-0.14612162445902332,0.07697368487952462,3164.8831119537354
1e-06,44,p3,"K_ads,1",28.667558695313463,30.836,-0.07032174421736072,0.07697368487952462,3164.8831119537354
1e-06,44,p4,"K_ads,2",511.8681694243986,558.532,-0.08354728211741032,0.07697368487952462,3164.8831119537354
1e-06,44,p5,A2,0.6817321473906001,0.7439,-0.08357017422960067,0.07697368487952462,3164.8831119537354
1e-06,44,p6,E2,61342.81729369865,40000.0,0.5335704323424663,0.07697368487952462,3164.8831119537354
1e-06,44,p7,"K_ads,3",26755.23526542827,17197.0,0.5558082959486114,0.07697368487952462,3164.8831119537354
1e-06,44,p8,"K_ads,4",129804.1795952804,124119.0,0.045804265223538664,0.07697368487952462,3164.8831119537354
1e-06,44,p9,Inhibition / adsorption,90768.49658008713,98084.0,-0.07458406488227307,0.07697368487952462,3164.8831119537354
1e-07,44,p1,A1,744.877923606188,15672.02,-0.952470841435489,0.0931985714190648,3643.2791554927826
1e-07,44,p2,E1,1180.3054064070943,3453.38,-0.6582173388369962,0.0931985714190648,3643.2791554927826
1e-07,44,p3,"K_ads,1",10.95293128135061,30.836,-0.6448005162358734,0.0931985714190648,3643.2791554927826
1e-07,44,p4,"K_ads,2",207.40986103662698,558.532,-0.6286517853289929,0.0931985714190648,3643.2791554927826
1e-07,44,p5,A2,0.26789471105609136,0.7439,-0.6398780601477465,0.0931985714190648,3643.2791554927826
1e-07,44,p6,E2,46415.829432150895,40000.0,0.16039573580377237,0.0931985714190648,3643.2791554927826
1e-07,44,p7,"K_ads,3",19143.372275719612,17197.0,0.11318091967899122,0.0931985714190648,3643.2791554927826
1e-07,44,p8,"K_ads,4",125074.04038020878,124119.0,0.00769455426009541,0.0931985714190648,3643.2791554927826
1e-07,44,p9,Inhibition / adsorption,96372.06998345195,98084.0,-0.017453713312548965,0.0931985714190648,3643.2791554927826
1e-05,45,p1,A1,1704.7045912958984,15672.02,-0.8912262368669834,0.07450821065809497,3751.265238761902
1e-05,45,p2,E1,1621.7086846599932,3453.38,-0.5303995839843882,0.07450821065809497,3751.265238761902
1e-05,45,p3,"K_ads,1",14.623542424040336,30.836,-0.5257639634180717,0.07450821065809497,3751.265238761902
1e-05,45,p4,"K_ads,2",267.4087325725138,558.532,-0.5212293430411976,0.07450821065809497,3751.265238761902
1e-05,45,p5,A2,0.35496727816176793,0.7439,-0.522829307485189,0.07450821065809497,3751.265238761902
1e-05,45,p6,E2,48740.89578322005,40000.0,0.21852239458050116,0.07450821065809497,3751.265238761902
1e-05,45,p7,"K_ads,3",21117.221822235908,17197.0,0.22795963378705053,0.07450821065809497,3751.265238761902
1e-05,45,p8,"K_ads,4",126576.163327472,124119.0,0.01979683471081779,0.07450821065809497,3751.265238761902
1e-05,45,p9,Inhibition / adsorption,95317.69453892107,98084.0,-0.0282034323750961,0.07450821065809497,3751.265238761902
1e-06,45,p1,A1,1155.5535469566048,15672.02,-0.9262664578684429,0.0847067520231136,3705.856855869293
1e-06,45,p2,E1,1403.1296256282765,3453.38,-0.593693822971038,0.0847067520231136,3705.856855869293
1e-06,45,p3,"K_ads,1",12.857529557235601,30.836,-0.5830351032158645,0.0847067520231136,3705.856855869293
1e-06,45,p4,"K_ads,2",235.19964398770335,558.532,-0.5788967436284701,0.0847067520231136,3705.856855869293
1e-06,45,p5,A2,0.3113466874605428,0.7439,-0.5814670151088281,0.0847067520231136,3705.856855869293
1e-06,45,p6,E2,48572.38096232722,40000.0,0.21430952405818043,0.0847067520231136,3705.856855869293
1e-06,45,p7,"K_ads,3",21077.722554566477,17197.0,0.22566276411969977,0.0847067520231136,3705.856855869293
1e-06,45,p8,"K_ads,4",126237.20667269813,124119.0,0.01706593408501622,0.0847067520231136,3705.856855869293
1e-06,45,p9,Inhibition / adsorption,95311.93400450116,98084.0,-0.028262162998030634,0.0847067520231136,3705.856855869293
1e-07,45,p1,A1,2782.661147977932,15672.02,-0.8224440022423446,0.05137984917972104,3278.5544340610504
1e-07,45,p2,E1,1917.2027666702247,3453.38,-0.44483295592427574,0.05137984917972104,3278.5544340610504
1e-07,45,p3,"K_ads,1",17.232652645395717,30.836,-0.4411514902907083,0.05137984917972104,3278.5544340610504
1e-07,45,p4,"K_ads,2",315.1581203753409,558.532,-0.43573847089273154,0.05137984917972104,3278.5544340610504
1e-07,45,p5,A2,0.4179572048113728,0.7439,-0.4381540464963399,0.05137984917972104,3278.5544340610504
1e-07,45,p6,E2,41354.93330848828,40000.0,0.03387333271220705,0.05137984917972104,3278.5544340610504
1e-07,45,p7,"K_ads,3",17687.44693724262,17197.0,0.028519331118370708,0.05137984917972104,3278.5544340610504
1e-07,45,p8,"K_ads,4",124390.23685365527,124119.0,0.0021852968010962676,0.05137984917972104,3278.5544340610504
1e-07,45,p9,Inhibition / adsorption,97641.30167176465,98084.0,-0.004513461198924868,0.05137984917972104,3278.5544340610504
1e-05,46,p1,A1,5211.130848477273,15672.02,-0.667488246666526,0.03403569723833979,3851.22989153862
1e-05,46,p2,E1,2380.9673546931713,3453.38,-0.3105400058223621,0.03403569723833979,3851.22989153862
1e-05,46,p3,"K_ads,1",21.290708264834276,30.836,-0.3095502573344702,0.03403569723833979,3851.22989153862
1e-05,46,p4,"K_ads,2",387.1280467715427,558.532,-0.30688295966651385,0.03403569723833979,3851.22989153862
1e-05,46,p5,A2,0.5133479445969216,0.7439,-0.3099234512744703,0.03403569723833979,3851.22989153862
1e-05,46,p6,E2,42261.97227182979,40000.0,0.05654930679574482,0.03403569723833979,3851.22989153862
1e-05,46,p7,"K_ads,3",18235.626838395026,17197.0,0.06039581545589501,0.03403569723833979,3851.22989153862
1e-05,46,p8,"K_ads,4",124792.99827784629,124119.0,0.0054302586859891495,0.03403569723833979,3851.22989153862
1e-05,46,p9,Inhibition / adsorption,97760.65166626502,98084.0,-0.003296647095703431,0.03403569723833979,3851.22989153862
1e-06,46,p1,A1,1941.9803288205699,15672.02,-0.8760861504247334,0.06453649824003722,3820.874218940735
1e-06,46,p2,E1,1681.7740544286842,3453.38,-0.5130063721835755,0.06453649824003722,3820.874218940735
1e-06,46,p3,"K_ads,1",15.270383530259313,30.836,-0.504787147157241,0.06453649824003722,3820.874218940735
1e-06,46,p4,"K_ads,2",280.1813763257341,558.532,-0.4983611031673493,0.06453649824003722,3820.874218940735
1e-06,46,p5,A2,0.3710116435182049,0.7439,-0.5012614013735651,0.06453649824003722,3820.874218940735
1e-06,46,p6,E2,44623.41473382973,40000.0,0.11558536834574333,0.06453649824003722,3820.874218940735
1e-06,46,p7,"K_ads,3",19057.283691420034,17197.0,0.10817489628540061,0.06453649824003722,3820.874218940735
1e-06,46,p8,"K_ads,4",125253.04356196323,124119.0,0.009136744269316007,0.06453649824003722,3820.874218940735
1e-06,46,p9,Inhibition / adsorption,96508.97981305784,98084.0,-0.016057870671487277,0.06453649824003722,3820.874218940735
1e-07,46,p1,A1,482.3954570990002,15672.02,-0.9692193184350836,0.108542322427657,3847.8024604320526
1e-07,46,p2,E1,1029.0856968475198,3453.38,-0.7020062382803167,0.108542322427657,3847.8024604320526
1e-07,46,p3,"K_ads,1",9.536153923808584,30.836,-0.6907460784859066,0.108542322427657,3847.8024604320526
1e-07,46,p4,"K_ads,2",177.0246559985818,558.532,-0.6830536907489959,0.108542322427657,3847.8024604320526
1e-07,46,p5,A2,0.23300928274983929,0.7439,-0.6867733798227728,0.108542322427657,3847.8024604320526
1e-07,46,p6,E2,48740.677351186096,40000.0,0.2185169337796524,0.108542322427657,3847.8024604320526
1e-07,46,p7,"K_ads,3",20750.17860770462,17197.0,0.20661618931817294,0.108542322427657,3847.8024604320526
1e-07,46,p8,"K_ads,4",126260.50070985612,124119.0,0.017253609115897794,0.108542322427657,3847.8024604320526
1e-07,46,p9,Inhibition / adsorption,95164.17585365882,98084.0,-0.029768607992549073,0.108542322427657,3847.8024604320526
1e-05,47,p1,A1,1312.0183565467228,15672.02,-0.9162827538156075,0.08729445674426295,3952.6648840904236
1e-05,47,p2,E1,1426.0135777416322,3453.38,-0.5870672854589903,0.08729445674426295,3952.6648840904236
1e-05,47,p3,"K_ads,1",13.380836141889986,30.836,-0.5660644654984438,0.08729445674426295,3952.6648840904236
1e-05,47,p4,"K_ads,2",248.12559848523074,558.532,-0.5557540150157364,0.08729445674426295,3952.6648840904236
1e-05,47,p5,A2,0.32296398005184385,0.7439,-0.565850275504982,0.08729445674426295,3952.6648840904236
1e-05,47,p6,E2,52614.53185779639,40000.0,0.3153632964449098,0.08729445674426295,3952.6648840904236
1e-05,47,p7,"K_ads,3",22297.178337263133,17197.0,0.29657372432768114,0.08729445674426295,3952.6648840904236
1e-05,47,p8,"K_ads,4",127168.17013142235,124119.0,0.024566505784145428,0.08729445674426295,3952.6648840904236
1e-05,47,p9,Inhibition / adsorption,94614.2822810424,98084.0,-0.035374961450976745,0.08729445674426295,3952.6648840904236
1e-06,47,p1,A1,1028.9800926894493,15672.02,-0.9343428548017774,0.08354343597198215,3903.894966840744
1e-06,47,p2,E1,1347.3823983741545,3453.38,-0.609836624300206,0.08354343597198215,3903.894966840744
1e-06,47,p3,"K_ads,1",12.324346486714806,30.836,-0.600326031692995,0.08354343597198215,3903.894966840744
1e-06,47,p4,"K_ads,2",227.0684962686304,558.532,-0.5934548132092157,0.08354343597198215,3903.894966840744
1e-06,47,p5,A2,0.2997963009241454,0.7439,-0.5969938151308706,0.08354343597198215,3903.894966840744
1e-06,47,p6,E2,45532.87187298438,40000.0,0.13832179682460954,0.08354343597198215,3903.894966840744
1e-06,47,p7,"K_ads,3",19377.730677705727,17197.0,0.12680878511983062,0.08354343597198215,3903.894966840744
1e-06,47,p8,"K_ads,4",125501.42274806024,124119.0,0.011137881775233786,0.08354343597198215,3903.894966840744
1e-06,47,p9,Inhibition / adsorption,96243.05711670787,98084.0,-0.018769043710412766,0.08354343597198215,3903.894966840744
1e-07,47,p1,A1,1089.3398914591628,15672.02,-0.9304914177330578,0.07886392991112993,3836.589738368988
1e-07,47,p2,E1,1396.1963372592409,3453.38,-0.5957015048273747,0.07886392991112993,3836.589738368988
1e-07,47,p3,"K_ads,1",12.533331254517233,30.836,-0.5935487334765458,0.07886392991112993,3836.589738368988
1e-07,47,p4,"K_ads,2",231.16563596764286,558.532,-0.5861192626964206,0.07886392991112993,3836.589738368988
1e-07,47,p5,A2,0.30588696288213657,0.7439,-0.5888063410644756,0.07886392991112993,3836.589738368988
1e-07,47,p6,E2,40857.45440342646,40000.0,0.021436360085661545,0.07886392991112993,3836.589738368988
1e-07,47,p7,"K_ads,3",17391.879441769957,17197.0,0.011332176645342638,0.07886392991112993,3836.589738368988
1e-07,47,p8,"K_ads,4",124181.5307405105,124119.0,0.0005037966831065164,0.07886392991112993,3836.589738368988
1e-07,47,p9,Inhibition / adsorption,97760.96821982184,98084.0,-0.003293419723687491,0.07886392991112993,3836.589738368988
1e-05,48,p1,A1,12204.798951831677,15672.02,-0.22123638485455757,0.07780744596744942,3266.6183648109436
1e-05,48,p2,E1,3396.619686875885,3453.38,-0.01643616199900252,0.07780744596744942,3266.6183648109436
1e-05,48,p3,"K_ads,1",28.09824682911551,30.836,-0.08878431608783528,0.07780744596744942,3266.6183648109436
1e-05,48,p4,"K_ads,2",510.61951841536467,558.532,-0.08578287651313689,0.07780744596744942,3266.6183648109436
1e-05,48,p5,A2,0.6852231276855357,0.7439,-0.07887736565998693,0.07780744596744942,3266.6183648109436
1e-05,48,p6,E2,25245.274264727555,40000.0,-0.3688681433818111,0.07780744596744942,3266.6183648109436
1e-05,48,p7,"K_ads,3",11234.520615570038,17197.0,-0.3467162519294041,0.07780744596744942,3266.6183648109436
1e-05,48,p8,"K_ads,4",120146.74006604798,124119.0,-0.032003641134330955,0.07780744596744942,3266.6183648109436
1e-05,48,p9,Inhibition / adsorption,102705.58457642689,98084.0,0.047118638885311454,0.07780744596744942,3266.6183648109436
1e-06,48,p1,A1,832.2190851349803,15672.02,-0.9468977780059634,0.08961825879066716,3407.2960209846497
1e-06,48,p2,E1,1227.735548247681,3453.38,-0.644482927379066,0.08961825879066716,3407.2960209846497
1e-06,48,p3,"K_ads,1",11.542226389221275,30.836,-0.6256898952775561,0.08961825879066716,3407.2960209846497
1e-06,48,p4,"K_ads,2",211.7583085263326,558.532,-0.6208662914097445,0.08961825879066716,3407.2960209846497
1e-06,48,p5,A2,0.2796416106604262,0.7439,-0.6240870941518669,0.08961825879066716,3407.2960209846497
1e-06,48,p6,E2,45191.00882653116,40000.0,0.12977522066327893,0.08961825879066716,3407.2960209846497
1e-06,48,p7,"K_ads,3",19393.34080151167,17197.0,0.12771650878127982,0.08961825879066716,3407.2960209846497
1e-06,48,p8,"K_ads,4",124954.6273959987,124119.0,0.0067324696138278675,0.08961825879066716,3407.2960209846497
1e-06,48,p9,Inhibition / adsorption,96106.88624392886,98084.0,-0.02015735243333404,0.08961825879066716,3407.2960209846497
1e-07,48,p1,A1,11810.028225026592,15672.02,-0.24642590903874603,0.015298723040138336,4045.162533521652
1e-07,48,p2,E1,3115.494035180439,3453.38,-0.09784210391545708,0.015298723040138336,4045.162533521652
1e-07,48,p3,"K_ads,1",28.09198822560112,30.836,-0.08898728026977812,0.015298723040138336,4045.162533521652
1e-07,48,p4,"K_ads,2",508.32912671371645,558.532,-0.0898836114784535,0.015298723040138336,4045.162533521652
1e-07,48,p5,A2,0.677219856097968,0.7439,-0.08963589716632885,0.015298723040138336,4045.162533521652
1e-07,48,p6,E2,42971.041854887975,40000.0,0.07427604637219938,0.015298723040138336,4045.162533521652
1e-07,48,p7,"K_ads,3",18517.585400877764,17197.0,0.07679161486757947,0.015298723040138336,4045.162533521652
1e-07,48,p8,"K_ads,4",124955.31685401843,124119.0,0.0067380244283182025,0.015298723040138336,4045.162533521652
1e-07,48,p9,Inhibition / adsorption,97015.86255035741,98084.0,-0.010890027421828078,0.015298723040138336,4045.162533521652
1e-05,49,p1,A1,1467.3430160936955,15672.02,-0.9063718004383803,0.07008865346105345,4117.37974357605
1e-05,49,p2,E1,1557.5452507615669,3453.38,-0.5489794778560231,0.07008865346105345,4117.37974357605
1e-05,49,p3,"K_ads,1",13.877656671467513,30.836,-0.5499527606866158,0.07008865346105345,4117.37974357605
1e-05,49,p4,"K_ads,2",254.33125825072307,558.532,-0.5446433539157595,0.07008865346105345,4117.37974357605
1e-05,49,p5,A2,0.337772253820117,0.7439,-0.5459440061565842,0.07008865346105345,4117.37974357605
1e-05,49,p6,E2,41031.38689238566,40000.0,0.02578467230964143,0.07008865346105345,4117.37974357605
1e-05,49,p7,"K_ads,3",17675.866972743755,17197.0,0.027845959919971824,0.07008865346105345,4117.37974357605
1e-05,49,p8,"K_ads,4",124267.78759648369,124119.0,0.0011987495587596241,0.07008865346105345,4117.37974357605
1e-05,49,p9,Inhibition / adsorption,97984.1916834676,98084.0,-0.001017579998087415,0.07008865346105345,4117.37974357605
1e-06,49,p1,A1,2616.1208157299084,15672.02,-0.8330706050828223,0.054241458794260365,4048.004003047943
1e-06,49,p2,E1,1868.004014359777,3453.38,-0.4590795063503649,0.054241458794260365,4048.004003047943
1e-06,49,p3,"K_ads,1",16.877050100039256,30.836,-0.4526835484485907,0.054241458794260365,4048.004003047943
1e-06,49,p4,"K_ads,2",309.2823413672232,558.532,-0.446258510940782,0.054241458794260365,4048.004003047943
1e-06,49,p5,A2,0.40973592935420383,0.7439,-0.4492056333456058,0.054241458794260365,4048.004003047943
1e-06,49,p6,E2,42884.63575095631,40000.0,0.07211589377390774,0.054241458794260365,4048.004003047943
1e-06,49,p7,"K_ads,3",18338.665673356463,17197.0,0.06638749045510631,0.054241458794260365,4048.004003047943
1e-06,49,p8,"K_ads,4",124748.16223852693,124119.0,0.005069024392131175,0.054241458794260365,4048.004003047943
1e-06,49,p9,Inhibition / adsorption,97063.99399009734,98084.0,-0.01039931089578993,0.054241458794260365,4048.004003047943
1e-07,49,p1,A1,808.3454533516909,15672.02,-0.9484211063186692,0.09540283025237538,3573.1491742134094
1e-07,49,p2,E1,1243.04433259557,3453.38,-0.6400499416236932,0.09540283025237538,3573.1491742134094
1e-07,49,p3,"K_ads,1",11.368340135282613,30.836,-0.6313289617563038,0.09540283025237538,3573.1491742134094
1e-07,49,p4,"K_ads,2",209.64996118936125,558.532,-0.6246410927406822,0.09540283025237538,3573.1491742134094
1e-07,49,p5,A2,0.27587256532030763,0.7439,-0.629153696302853,0.09540283025237538,3573.1491742134094
1e-07,49,p6,E2,49347.38579811285,40000.0,0.23368464495282132,0.09540283025237538,3573.1491742134094
1e-07,49,p7,"K_ads,3",21362.226948046005,17197.0,0.24220660278222977,0.09540283025237538,3573.1491742134094
1e-07,49,p8,"K_ads,4",126332.95607758974,124119.0,0.017837366378956814,0.09540283025237538,3573.1491742134094
1e-07,49,p9,Inhibition / adsorption,95252.35157763162,98084.0,-0.028869626262880595,0.09540283025237538,3573.1491742134094
1e-05,50,p1,A1,0.10565619887360564,15672.02,-0.9999932582909623,0.5830379141597387,3838.460806131363
1e-05,50,p2,E1,0.3299270336150462,3453.38,-0.9999044625747484,0.5830379141597387,3838.460806131363
1e-05,50,p3,"K_ads,1",7.665232749218909,30.836,-0.7514193556486279,0.5830379141597387,3838.460806131363
1e-05,50,p4,"K_ads,2",0.46611235045026805,558.532,-0.9991654688532612,0.5830379141597387,3838.460806131363
1e-05,50,p5,A2,0.8167592233842618,0.7439,0.09794222796647635,0.5830379141597387,3838.460806131363
1e-05,50,p6,E2,13092.05276501449,40000.0,-0.6726986808746377,0.5830379141597387,3838.460806131363
1e-05,50,p7,"K_ads,3",13837.045632829095,17197.0,-0.19538026209053352,0.5830379141597387,3838.460806131363
1e-05,50,p8,"K_ads,4",13245.11703664628,124119.0,-0.8932869501313556,0.5830379141597387,3838.460806131363
1e-05,50,p9,Inhibition / adsorption,13470.25525009242,98084.0,-0.8626661305606173,0.5830379141597387,3838.460806131363
1e-06,50,p1,A1,0.10566247159110646,15672.02,-0.9999932578907128,0.5830338721188463,3836.682215690613
1e-06,50,p2,E1,0.3299278231125338,3453.38,-0.9999044623461326,0.5830338721188463,3836.682215690613
1e-06,50,p3,"K_ads,1",7.6603508698838745,30.836,-0.7515776731779779,0.5830338721188463,3836.682215690613
1e-06,50,p4,"K_ads,2",0.4661716955178766,558.532,-0.9991653626013945,0.5830338721188463,3836.682215690613
1e-06,50,p5,A2,0.8168062718597183,0.7439,0.09800547366543665,0.5830338721188463,3836.682215690613
1e-06,50,p6,E2,13091.997041419801,40000.0,-0.6727000739645049,0.5830338721188463,3836.682215690613
1e-06,50,p7,"K_ads,3",13837.943513589156,17197.0,-0.19532805061410966,0.5830338721188463,3836.682215690613
1e-06,50,p8,"K_ads,4",13245.134152798957,124119.0,-0.8932868122302069,0.5830338721188463,3836.682215690613
1e-06,50,p9,Inhibition / adsorption,13471.03235587238,98084.0,-0.862658207700824,0.5830338721188463,3836.682215690613
1e-07,50,p1,A1,0.1056613765956726,15672.02,-0.9999932579605822,0.5830344489781668,3827.341709136963
1e-07,50,p2,E1,0.3299277359613521,3453.38,-0.9999044623713691,0.5830344489781668,3827.341709136963
1e-07,50,p3,"K_ads,1",7.660947954347215,30.836,-0.7515583099511216,0.5830344489781668,3827.341709136963
1e-07,50,p4,"K_ads,2",0.46616503219730154,558.532,-0.9991653745314552,0.5830344489781668,3827.341709136963
1e-07,50,p5,A2,0.8168530034411028,0.7439,0.09806829337424759,0.5830344489781668,3827.341709136963
1e-07,50,p6,E2,13092.002118313756,40000.0,-0.6726999470421561,0.5830344489781668,3827.341709136963
1e-07,50,p7,"K_ads,3",13837.82770720711,17197.0,-0.19533478471785135,0.5830344489781668,3827.341709136963
1e-07,50,p8,"K_ads,4",13245.132145690653,124119.0,-0.8932868284010453,0.5830344489781668,3827.341709136963
1e-07,50,p9,Inhibition / adsorption,13470.92603549985,98084.0,-0.862659291673465,0.5830344489781668,3827.341709136963
1e-05,51,p1,A1,1013.991807992741,15672.02,-0.9352992270305461,0.08201799255963961,4283.659872055054
1e-05,51,p2,E1,1340.8397556563993,3453.38,-0.6117311863575976,0.08201799255963961,4283.659872055054
1e-05,51,p3,"K_ads,1",12.306151945217554,30.836,-0.6009160739000663,0.08201799255963961,4283.659872055054
1e-05,51,p4,"K_ads,2",225.20409085749816,558.532,-0.5967928590349377,0.08201799255963961,4283.659872055054
1e-05,51,p5,A2,0.2983768116041051,0.7439,-0.5989019873583746,0.08201799255963961,4283.659872055054
1e-05,51,p6,E2,43040.87965741594,40000.0,0.07602199143539856,0.08201799255963961,4283.659872055054
1e-05,51,p7,"K_ads,3",18429.390567148945,17197.0,0.07166311374942982,0.08201799255963961,4283.659872055054
1e-05,51,p8,"K_ads,4",124813.56770075379,124119.0,0.005595982087785019,0.08201799255963961,4283.659872055054
1e-05,51,p9,Inhibition / adsorption,97300.01811569382,98084.0,-0.007992964033952329,0.08201799255963961,4283.659872055054
1e-06,51,p1,A1,2352.8300186809065,15672.02,-0.8498706600246231,0.05624185671664823,4234.089933633804
1e-06,51,p2,E1,1810.0407582378452,3453.38,-0.4758640062090343,0.05624185671664823,4234.089933633804
1e-06,51,p3,"K_ads,1",16.28475222383932,30.836,-0.47189154806591904,0.05624185671664823,4234.089933633804
1e-06,51,p4,"K_ads,2",298.1239337094769,558.532,-0.46623661006087946,0.05624185671664823,4234.089933633804
1e-06,51,p5,A2,0.3952837639241969,0.7439,-0.46863319811238485,0.05624185671664823,4234.089933633804
1e-06,51,p6,E2,41185.88561680786,40000.0,0.02964714042019641,0.05624185671664823,4234.089933633804
1e-06,51,p7,"K_ads,3",17582.003256708063,17197.0,0.022387815125199943,0.05624185671664823,4234.089933633804
1e-06,51,p8,"K_ads,4",124309.21224658884,124119.0,0.0015324990258448645,0.05624185671664823,4234.089933633804
1e-06,51,p9,Inhibition / adsorption,97719.29484313136,98084.0,-0.003718294083322905,0.05624185671664823,4234.089933633804
1e-07,51,p1,A1,2109.145898625237,15672.02,-0.8654196524363014,0.05938894661252414,4209.064975261688
1e-07,51,p2,E1,1744.788278053414,3453.38,-0.4947592567127238,0.05938894661252414,4209.064975261688
1e-07,51,p3,"K_ads,1",15.683827016386434,30.836,-0.491379328823893,0.05938894661252414,4209.064975261688
1e-07,51,p4,"K_ads,2",287.7040401342681,558.532,-0.48489246787244406,0.05938894661252414,4209.064975261688
1e-07,51,p5,A2,0.38118807848139585,0.7439,-0.4875815587022505,0.05938894661252414,4209.064975261688
1e-07,51,p6,E2,40976.727141903175,40000.0,0.024418178547579373,0.05938894661252414,4209.064975261688
1e-07,51,p7,"K_ads,3",17450.153068827487,17197.0,0.01472076925204902,0.05938894661252414,4209.064975261688
1e-07,51,p8,"K_ads,4",124265.14308496632,124119.0,0.0011774433001096984,0.05938894661252414,4209.064975261688
1e-07,51,p9,Inhibition / adsorption,97747.55202336995,98084.0,-0.0034302024451495668,0.05938894661252414,4209.064975261688
1e-05,52,p1,A1,1654.3952807146127,15672.02,-0.8944363725470863,0.08619524149034613,3641.239675760269
1e-05,52,p2,E1,1507.3736295559484,3453.38,-0.5635077432671909,0.08619524149034613,3641.239675760269
1e-05,52,p3,"K_ads,1",14.533295715608189,30.836,-0.5286906305743874,0.08619524149034613,3641.239675760269
1e-05,52,p4,"K_ads,2",267.91531941084867,558.532,-0.5203223460592256,0.08619524149034613,3641.239675760269
1e-05,52,p5,A2,0.34964146637495036,0.7439,-0.5299886189340632,0.08619524149034613,3641.239675760269
1e-05,52,p6,E2,55226.37699961104,40000.0,0.38065942499027605,0.08619524149034613,3641.239675760269
1e-05,52,p7,"K_ads,3",23065.54144496371,17197.0,0.3412537910660993,0.08619524149034613,3641.239675760269
1e-05,52,p8,"K_ads,4",128218.42204715204,124119.0,0.03302815884072574,0.08619524149034613,3641.239675760269
1e-05,52,p9,Inhibition / adsorption,93375.75251493526,98084.0,-0.0480021969440963,0.08619524149034613,3641.239675760269
1e-06,52,p1,A1,2.34600583006318,15672.02,-0.9998503060977422,0.5296520062580558,3463.090978860855
1e-06,52,p2,E1,0.4737311754655107,3453.38,-0.9998628210114539,0.5296520062580558,3463.090978860855
1e-06,52,p3,"K_ads,1",5.051569018677196,30.836,-0.8361794973836686,0.5296520062580558,3463.090978860855
1e-06,52,p4,"K_ads,2",0.16304180455820577,558.532,-0.9997080886957985,0.5296520062580558,3463.090978860855
1e-06,52,p5,A2,0.6092083448990372,0.7439,-0.18106150705869448,0.5296520062580558,3463.090978860855
1e-06,52,p6,E2,14279.88786041821,40000.0,-0.6430028034895447,0.5296520062580558,3463.090978860855
1e-06,52,p7,"K_ads,3",21848.93274356454,17197.0,0.27050838771672614,0.5296520062580558,3463.090978860855
1e-06,52,p8,"K_ads,4",14330.92201076749,124119.0,-0.8845388537551262,0.5296520062580558,3463.090978860855
1e-06,52,p9,Inhibition / adsorption,18923.567785430296,98084.0,-0.8070677400449585,0.5296520062580558,3463.090978860855
1e-07,52,p1,A1,1012.8739412500456,15672.02,-0.9353705558536778,0.0829478349964898,4248.731446266174
1e-07,52,p2,E1,1349.1455413132762,3453.38,-0.609326068572449,0.0829478349964898,4248.731446266174
1e-07,52,p3,"K_ads,1",12.255176998683384,30.836,-0.6025691724385983,0.0829478349964898,4248.731446266174
1e-07,52,p4,"K_ads,2",225.52527027229695,558.532,-0.5962178169338607,0.0829478349964898,4248.731446266174
1e-07,52,p5,A2,0.29752446723797926,0.7439,-0.6000477655088329,0.0829478349964898,4248.731446266174
1e-07,52,p6,E2,44430.862041963555,40000.0,0.11077155104908888,0.0829478349964898,4248.731446266174
1e-07,52,p7,"K_ads,3",18919.16969861084,17197.0,0.10014361217717276,0.0829478349964898,4248.731446266174
1e-07,52,p8,"K_ads,4",125209.99566287133,124119.0,0.008789916635417028,0.0829478349964898,4248.731446266174
1e-07,52,p9,Inhibition / adsorption,96800.91077560344,98084.0,-0.01308153444391098,0.0829478349964898,4248.731446266174
1e-05,53,p1,A1,0.1726770217288438,15672.02,-0.999988981827376,0.5803394370301675,4083.774159193039
1e-05,53,p2,E1,0.32904669894614264,3453.38,-0.9999047174944703,0.5803394370301675,4083.774159193039
1e-05,53,p3,"K_ads,1",4.842893262869347,30.836,-0.8429467744561764,0.5803394370301675,4083.774159193039
1e-05,53,p4,"K_ads,2",0.3976134824812919,558.532,-0.9992881097547117,0.5803394370301675,4083.774159193039
1e-05,53,p5,A2,0.5642029249292042,0.7439,-0.2415607945567896,0.5803394370301675,4083.774159193039
1e-05,53,p6,E2,13182.340429556281,40000.0,-0.670441489261093,0.5803394370301675,4083.774159193039
1e-05,53,p7,"K_ads,3",13404.613119414858,17197.0,-0.2205260731863198,0.5803394370301675,4083.774159193039
1e-05,53,p8,"K_ads,4",13228.5936575731,124119.0,-0.8934200754310533,0.5803394370301675,4083.774159193039
1e-05,53,p9,Inhibition / adsorption,13210.166888104968,98084.0,-0.8653178205608971,0.5803394370301675,4083.774159193039
1e-06,53,p1,A1,0.17269009351079845,15672.02,-0.9999889809932918,0.5803387180356568,4054.8215951919556
1e-06,53,p2,E1,0.32904678473081994,3453.38,-0.9999047174696295,0.5803387180356568,4054.8215951919556
1e-06,53,p3,"K_ads,1",4.8425920421801285,30.836,-0.8429565429309855,0.5803387180356568,4054.8215951919556
1e-06,53,p4,"K_ads,2",0.3976179257542237,558.532,-0.9992881017994416,0.5803387180356568,4054.8215951919556
1e-06,53,p5,A2,0.5640671754936012,0.7439,-0.24174327800295578,0.5803387180356568,4054.8215951919556
1e-06,53,p6,E2,13182.366195007144,40000.0,-0.6704408451248214,0.5803387180356568,4054.8215951919556
1e-06,53,p7,"K_ads,3",13404.521238707206,17197.0,-0.22053141601981704,0.5803387180356568,4054.8215951919556
1e-06,53,p8,"K_ads,4",13228.593741124088,124119.0,-0.893420074757901,0.5803387180356568,4054.8215951919556
1e-06,53,p9,Inhibition / adsorption,13210.151057151244,98084.0,-0.8653179819628967,0.5803387180356568,4054.8215951919556
1e-07,53,p1,A1,0.1726809531817552,15672.02,-0.9999889815765178,0.5803391543980743,3622.173391342163
1e-07,53,p2,E1,0.32904673003386486,3453.38,-0.9999047174854682,0.5803391543980743,3622.173391342163
1e-07,53,p3,"K_ads,1",4.843170468705336,30.836,-0.8429377847741167,0.5803391543980743,3622.173391342163
1e-07,53,p4,"K_ads,2",0.39761458572766345,558.532,-0.9992881077794511,0.5803391543980743,3622.173391342163
1e-07,53,p5,A2,0.5641130874417457,0.7439,-0.2416815600998176,0.5803391543980743,3622.173391342163
1e-07,53,p6,E2,13182.367650587947,40000.0,-0.6704408087353013,0.5803391543980743,3622.173391342163
1e-07,53,p7,"K_ads,3",13404.520511241852,17197.0,-0.22053145832169263,0.5803391543980743,3622.173391342163
1e-07,53,p8,"K_ads,4",13228.592669764694,124119.0,-0.8934200833896124,0.5803391543980743,3622.173391342163
1e-07,53,p9,Inhibition / adsorption,13210.148674861119,98084.0,-0.8653180062511611,0.5803391543980743,3622.173391342163
1e-05,54,p1,A1,294.41442079319336,15672.02,-0.9812140093751033,0.12581033445023657,4473.339750051498
1e-05,54,p2,E1,856.0838784183549,3453.38,-0.7521026129709575,0.12581033445023657,4473.339750051498
1e-05,54,p3,"K_ads,1",8.049622911525637,30.836,-0.7389537257904515,0.12581033445023657,4473.339750051498
1e-05,54,p4,"K_ads,2",151.03156509491865,558.532,-0.7295919211523805,0.12581033445023657,4473.339750051498
1e-05,54,p5,A2,0.19684726627567295,0.7439,-0.7353847744647494,0.12581033445023657,4473.339750051498
1e-05,54,p6,E2,51907.96991896957,40000.0,0.2976992479742392,0.12581033445023657,4473.339750051498
1e-05,54,p7,"K_ads,3",21850.786602177363,17197.0,0.2706161889967647,0.12581033445023657,4473.339750051498
1e-05,54,p8,"K_ads,4",126964.69538016595,124119.0,0.02292715362004169,0.12581033445023657,4473.339750051498
1e-05,54,p9,Inhibition / adsorption,94527.68826452413,98084.0,-0.03625781713098846,0.12581033445023657,4473.339750051498
1e-06,54,p1,A1,2603.1671043911656,15672.02,-0.8338971552875017,0.05805118539482193,4490.583556652069
1e-06,54,p2,E1,1842.1027860903646,3453.38,-0.46657976067204754,0.05805118539482193,4490.583556652069
1e-06,54,p3,"K_ads,1",16.915050131462934,30.836,-0.4514512215766333,0.05805118539482193,4490.583556652069
1e-06,54,p4,"K_ads,2",308.25467528357274,558.532,-0.44809845222194483,0.05805118539482193,4490.583556652069
1e-06,54,p5,A2,0.40890837152120796,0.7439,-0.4503180917849066,0.05805118539482193,4490.583556652069
1e-06,54,p6,E2,45784.017948954126,40000.0,0.14460044872385316,0.05805118539482193,4490.583556652069
1e-06,54,p7,"K_ads,3",19574.06433098641,17197.0,0.13822552369520322,0.05805118539482193,4490.583556652069
1e-06,54,p8,"K_ads,4",125682.06696499378,124119.0,0.012593293250781727,0.05805118539482193,4490.583556652069
1e-06,54,p9,Inhibition / adsorption,96123.95492432214,98084.0,-0.019983331386136977,0.05805118539482193,4490.583556652069
1e-07,54,p1,A1,8277.700945817993,15672.02,-0.47181659123597386,0.027125583100343253,4474.35329580307
1e-07,54,p2,E1,2743.7695586858167,3453.38,-0.20548287223363296,0.027125583100343253,4474.35329580307
1e-07,54,p3,"K_ads,1",24.954872455332897,30.836,-0.19072277677607674,0.027125583100343253,4474.35329580307
1e-07,54,p4,"K_ads,2",451.8472677633435,558.532,-0.1910091673111953,0.027125583100343253,4474.35329580307
1e-07,54,p5,A2,0.6008339987949906,0.7439,-0.19231886168169035,0.027125583100343253,4474.35329580307
1e-07,54,p6,E2,44764.13748084617,40000.0,0.11910343702115424,0.027125583100343253,4474.35329580307
1e-07,54,p7,"K_ads,3",19165.602742382835,17197.0,0.11447361414100335,0.027125583100343253,4474.35329580307
1e-07,54,p8,"K_ads,4",125578.72191515849,124119.0,0.011760664484555039,0.027125583100343253,4474.35329580307
1e-07,54,p9,Inhibition / adsorption,96587.77783736473,98084.0,-0.01525449780428275,0.027125583100343253,4474.35329580307
1e-05,55,p1,A1,10022.103468081397,15672.02,-0.3605097831625153,0.01351458652365318,4599.67112994194
1e-05,55,p2,E1,2999.1796119458645,3453.38,-0.13152343155231558,0.01351458652365318,4599.67112994194
1e-05,55,p3,"K_ads,1",26.543661343391694,30.836,-0.13919894462992297,0.01351458652365318,4599.67112994194
1e-05,55,p4,"K_ads,2",479.2613254022926,558.532,-0.14192682710696514,0.01351458652365318,4599.67112994194
1e-05,55,p5,A2,0.6403237633269148,0.7439,-0.13923408613131502,0.01351458652365318,4599.67112994194
1e-05,55,p6,E2,39074.27974060495,40000.0,-0.02314300648487624,0.01351458652365318,4599.67112994194
1e-05,55,p7,"K_ads,3",17028.813976807916,17197.0,-0.009779962969825183,0.01351458652365318,4599.67112994194
1e-05,55,p8,"K_ads,4",124012.20744992592,124119.0,-0.0008604045317323061,0.01351458652365318,4599.67112994194
1e-05,55,p9,Inhibition / adsorption,98220.9984830574,98084.0,0.0013967464933872578,0.01351458652365318,4599.67112994194
1e-06,55,p1,A1,1636.3186434700506,15672.02,-0.8955898063255374,0.07894596847780021,4574.173845529556
1e-06,55,p2,E1,1550.1308216325288,3453.38,-0.5511264843044992,0.07894596847780021,4574.173845529556
1e-06,55,p3,"K_ads,1",14.512176761045712,30.836,-0.529375510408428,0.07894596847780021,4574.173845529556
1e-06,55,p4,"K_ads,2",264.49171403024405,558.532,-0.5264519955342862,0.07894596847780021,4574.173845529556
1e-06,55,p5,A2,0.35342154476587984,0.7439,-0.5249071854202448,0.07894596847780021,4574.173845529556
1e-06,55,p6,E2,50614.29848157654,40000.0,0.26535746203941346,0.07894596847780021,4574.173845529556
1e-06,55,p7,"K_ads,3",21841.52634448366,17197.0,0.27007770800044545,0.07894596847780021,4574.173845529556
1e-06,55,p8,"K_ads,4",126738.49835259236,124119.0,0.021104732978773272,0.07894596847780021,4574.173845529556
1e-06,55,p9,Inhibition / adsorption,93642.70802205827,98084.0,-0.04528049404532572,0.07894596847780021,4574.173845529556
1e-07,55,p1,A1,1574.013883547701,15672.02,-0.8995653474441903,0.06824887483329319,4510.00773358345
1e-07,55,p2,E1,1572.0043431162203,3453.38,-0.544792538580689,0.06824887483329319,4510.00773358345
1e-07,55,p3,"K_ads,1",14.2256997754121,30.836,-0.5386658523994,0.06824887483329319,4510.00773358345
1e-07,55,p4,"K_ads,2",261.1239771313553,558.532,-0.532481617648845,0.06824887483329319,4510.00773358345
1e-07,55,p5,A2,0.3457748890907977,0.7439,-0.5351863300298458,0.06824887483329319,4510.00773358345
1e-07,55,p6,E2,41578.791831652714,40000.0,0.03946979579131785,0.06824887483329319,4510.00773358345
1e-07,55,p7,"K_ads,3",17730.565687698556,17197.0,0.031026672541638416,0.06824887483329319,4510.00773358345
1e-07,55,p8,"K_ads,4",124319.98454752497,124119.0,0.0016192891299879543,0.06824887483329319,4510.00773358345
1e-07,55,p9,Inhibition / adsorption,97580.06841584897,98084.0,-0.005137755231750593,0.06824887483329319,4510.00773358345
1e-05,56,p1,A1,139.67647511008107,15672.02,-0.9910875257235454,0.14325542892727225,3986.813067674637
1e-05,56,p2,E1,666.7160644707711,3453.38,-0.8069381115108181,0.14325542892727225,3986.813067674637
1e-05,56,p3,"K_ads,1",6.2108288637880475,30.836,-0.798585132190036,0.14325542892727225,3986.813067674637
1e-05,56,p4,"K_ads,2",118.38207646799191,558.532,-0.7880478173712663,0.14325542892727225,3986.813067674637
1e-05,56,p5,A2,0.1542422545093368,0.7439,-0.7926572731424428,0.14325542892727225,3986.813067674637
1e-05,56,p6,E2,48274.584508871594,40000.0,0.20686461272178985,0.14325542892727225,3986.813067674637
1e-05,56,p7,"K_ads,3",20205.99581601938,17197.0,0.17497213560617422,0.14325542892727225,3986.813067674637
1e-05,56,p8,"K_ads,4",125805.30252254121,124119.0,0.013586175545574916,0.14325542892727225,3986.813067674637
1e-05,56,p9,Inhibition / adsorption,95096.9797958554,98084.0,-0.03045369483447456,0.14325542892727225,3986.813067674637
1e-06,56,p1,A1,1318.9998618721638,15672.02,-0.9158372780361329,0.0733243819737044,4076.5989899635315
1e-06,56,p2,E1,1484.138905389747,3453.38,-0.5702358543254009,0.0733243819737044,4076.5989899635315
1e-06,56,p3,"K_ads,1",13.381689246232131,30.836,-0.5660367996422321,0.0733243819737044,4076.5989899635315
1e-06,56,p4,"K_ads,2",246.35414966873833,558.532,-0.5589256306375672,0.0733243819737044,4076.5989899635315
1e-06,56,p5,A2,0.3258736979473345,0.7439,-0.5619388386243656,0.0733243819737044,4076.5989899635315
1e-06,56,p6,E2,41263.92919378675,40000.0,0.03159822984466882,0.0733243819737044,4076.5989899635315
1e-06,56,p7,"K_ads,3",17524.155022460844,17197.0,0.019023958973125754,0.0733243819737044,4076.5989899635315
1e-06,56,p8,"K_ads,4",124300.23983322465,124119.0,0.0014602102274804995,0.0733243819737044,4076.5989899635315
1e-06,56,p9,Inhibition / adsorption,97679.17430605553,98084.0,-0.004127336710824081,0.0733243819737044,4076.5989899635315
1e-07,56,p1,A1,3218.3080378551454,15672.02,-0.7946462525025398,0.07118572157813646,4688.83301949501
1e-07,56,p2,E1,1930.4297906075938,3453.38,-0.44100278839641344,0.07118572157813646,4688.83301949501
1e-07,56,p3,"K_ads,1",18.321929553167887,30.836,-0.40582664570087273,0.07118572157813646,4688.83301949501
1e-07,56,p4,"K_ads,2",329.73675803016386,558.532,-0.4096367656102715,0.07118572157813646,4688.83301949501
1e-07,56,p5,A2,0.43904271284542645,0.7439,-0.40980950014057477,0.07118572157813646,4688.83301949501
1e-07,56,p6,E2,54046.6303212253,40000.0,0.35116575803063244,0.07118572157813646,4688.83301949501
1e-07,56,p7,"K_ads,3",23355.03814706399,17197.0,0.3580879308637548,0.07118572157813646,4688.83301949501
1e-07,56,p8,"K_ads,4",128010.46828020657,124119.0,0.031352720213718814,0.07118572157813646,4688.83301949501
1e-07,56,p9,Inhibition / adsorption,93325.94023224947,98084.0,-0.04851005024010571,0.07118572157813646,4688.83301949501
1e-05,57,p1,A1,1880.9547624168429,15672.02,-0.879980068783932,0.06640354003548377,4625.0836353302
1e-05,57,p2,E1,1644.266492593016,3453.38,-0.5238674884915602,0.06640354003548377,4625.0836353302
1e-05,57,p3,"K_ads,1",15.185732409960789,30.836,-0.5075323514735767,0.06640354003548377,4625.0836353302
1e-05,57,p4,"K_ads,2",276.2175165655217,558.532,-0.5054580282499093,0.06640354003548377,4625.0836353302
1e-05,57,p5,A2,0.36786604056259803,0.7439,-0.5054899306861164,0.06640354003548377,4625.0836353302
1e-05,57,p6,E2,45382.321827922264,40000.0,0.1345580456980566,0.06640354003548377,4625.0836353302
1e-05,57,p7,"K_ads,3",19350.513599565074,17197.0,0.12522612080973858,0.06640354003548377,4625.0836353302
1e-05,57,p8,"K_ads,4",125741.07128138677,124119.0,0.01306867829572243,0.06640354003548377,4625.0836353302
1e-05,57,p9,Inhibition / adsorption,96004.39546942824,98084.0,-0.021202281009866607,0.06640354003548377,4625.0836353302
1e-06,57,p1,A1,873.3615582238132,15672.02,-0.9442725597450863,0.08997161948719455,4663.21652507782
1e-06,57,p2,E1,1253.5111416315935,3453.38,-0.6370190533241076,0.08997161948719455,4663.21652507782
1e-06,57,p3,"K_ads,1",11.718982011008013,30.836,-0.6199577762677386,0.08997161948719455,4663.21652507782
1e-06,57,p4,"K_ads,2",215.07715081922538,558.532,-0.6149242105748187,0.08997161948719455,4663.21652507782
1e-06,57,p5,A2,0.28308439065809876,0.7439,-0.6194590796369153,0.08997161948719455,4663.21652507782
1e-06,57,p6,E2,47081.54430858334,40000.0,0.1770386077145835,0.08997161948719455,4663.21652507782
1e-06,57,p7,"K_ads,3",20007.302748780006,17197.0,0.1634181978705592,0.08997161948719455,4663.21652507782
1e-06,57,p8,"K_ads,4",126082.70864515784,124119.0,0.015821176815458037,0.08997161948719455,4663.21652507782
1e-06,57,p9,Inhibition / adsorption,95693.0510386388,98084.0,-0.024376544200493403,0.08997161948719455,4663.21652507782
1e-07,57,p1,A1,618.8835069810095,15672.02,-0.9605102911442807,0.09870732092282057,3993.7745838165283
1e-07,57,p2,E1,1123.1796584577392,3453.38,-0.6747593203013456,0.09870732092282057,3993.7745838165283
1e-07,57,p3,"K_ads,1",10.379187519624569,30.836,-0.6634068128283639,0.09870732092282057,3993.7745838165283
1e-07,57,p4,"K_ads,2",192.13033018650577,558.532,-0.6560083751933538,0.09870732092282057,3993.7745838165283
1e-07,57,p5,A2,0.2535946066680792,0.7439,-0.6591012143190225,0.09870732092282057,3993.7745838165283
1e-07,57,p6,E2,46266.039319229,40000.0,0.156650982980725,0.09870732092282057,3993.7745838165283
1e-07,57,p7,"K_ads,3",19534.173566156023,17197.0,0.13590588859429106,0.09870732092282057,3993.7745838165283
1e-07,57,p8,"K_ads,4",125768.42543011834,124119.0,0.01328906476944174,0.09870732092282057,3993.7745838165283
1e-07,57,p9,Inhibition / adsorption,95733.52941435625,98084.0,-0.02396385328538549,0.09870732092282057,3993.7745838165283
1e-05,58,p1,A1,837.6573320129115,15672.02,-0.9465507744366768,0.08938059206133454,4786.704142332077
1e-05,58,p2,E1,1242.1502279424521,3453.38,-0.6403088487387857,0.08938059206133454,4786.704142332077
1e-05,58,p3,"K_ads,1",11.483385493964905,30.836,-0.6275980836047184,0.08938059206133454,4786.704142332077
1e-05,58,p4,"K_ads,2",212.75680905221333,558.532,-0.6190785683681269,0.08938059206133454,4786.704142332077
1e-05,58,p5,A2,0.28004254173346355,0.7439,-0.6235481358603797,0.08938059206133454,4786.704142332077
1e-05,58,p6,E2,45753.029222063065,40000.0,0.14382573055157663,0.08938059206133454,4786.704142332077
1e-05,58,p7,"K_ads,3",19127.8359965406,17197.0,0.11227749005876615,0.08938059206133454,4786.704142332077
1e-05,58,p8,"K_ads,4",125584.31151807029,124119.0,0.011805698709063785,0.08938059206133454,4786.704142332077
1e-05,58,p9,Inhibition / adsorption,96304.73497676908,98084.0,-0.018140216785927615,0.08938059206133454,4786.704142332077
1e-06,58,p1,A1,249.63567755154727,15672.02,-0.9840712507033843,0.1255267185938891,4769.160645723343
1e-06,58,p2,E1,821.7116810518017,3453.38,-0.7620558174739526,0.1255267185938891,4769.160645723343
1e-06,58,p3,"K_ads,1",7.5916008912604,30.836,-0.7538072093896615,0.1255267185938891,4769.160645723343
1e-06,58,p4,"K_ads,2",142.91707902679173,558.532,-0.7441201595847835,0.1255267185938891,4769.160645723343
1e-06,58,p5,A2,0.1868091586501232,0.7439,-0.7488786683020254,0.1255267185938891,4769.160645723343
1e-06,58,p6,E2,47153.67850415193,40000.0,0.1788419626037983,0.1255267185938891,4769.160645723343
1e-06,58,p7,"K_ads,3",19778.772987582233,17197.0,0.15012926601048052,0.1255267185938891,4769.160645723343
1e-06,58,p8,"K_ads,4",125798.84029583503,124119.0,0.013534110779453866,0.1255267185938891,4769.160645723343
1e-06,58,p9,Inhibition / adsorption,95970.89961933401,98084.0,-0.02154378268286353,0.1255267185938891,4769.160645723343
1e-07,58,p1,A1,6816.783888796882,15672.02,-0.5650347633044825,0.04856505803177607,4793.751109361649
1e-07,58,p2,E1,2514.727251493672,3453.38,-0.2718069683922209,0.04856505803177607,4793.751109361649
1e-07,58,p3,"K_ads,1",23.48810596452079,30.836,-0.23828946800749798,0.04856505803177607,4793.751109361649
1e-07,58,p4,"K_ads,2",423.5881495996549,558.532,-0.2416045103957251,0.04856505803177607,4793.751109361649
1e-07,58,p5,A2,0.5639721238588343,0.7439,-0.2418710527505924,0.04856505803177607,4793.751109361649
1e-07,58,p6,E2,50799.08503939492,40000.0,0.26997712598487306,0.04856505803177607,4793.751109361649
1e-07,58,p7,"K_ads,3",21764.21345984262,17197.0,0.26558198870981103,0.04856505803177607,4793.751109361649
1e-07,58,p8,"K_ads,4",127220.7937543255,124119.0,0.02499048295849544,0.04856505803177607,4793.751109361649
1e-07,58,p9,Inhibition / adsorption,94310.55611234621,98084.0,-0.038471553848270765,0.04856505803177607,4793.751109361649
1e-05,59,p1,A1,1734.8856800273359,15672.02,-0.8893004424428163,0.0708595060118019,4884.526178359985
1e-05,59,p2,E1,1578.3969043584495,3453.38,-0.5429414358227448,0.0708595060118019,4884.526178359985
1e-05,59,p3,"K_ads,1",14.818950492159859,30.836,-0.5194269525178409,0.0708595060118019,4884.526178359985
1e-05,59,p4,"K_ads,2",269.14400530607264,558.532,-0.5181224973572282,0.0708595060118019,4884.526178359985
1e-05,59,p5,A2,0.35664227312461283,0.7439,-0.5205776675297583,0.0708595060118019,4884.526178359985
1e-05,59,p6,E2,46952.96157882533,40000.0,0.1738240394706332,0.0708595060118019,4884.526178359985
1e-05,59,p7,"K_ads,3",20021.206559568087,17197.0,0.16422669998069936,0.0708595060118019,4884.526178359985
1e-05,59,p8,"K_ads,4",125888.04340342007,124119.0,0.01425280096858719,0.0708595060118019,4884.526178359985
1e-05,59,p9,Inhibition / adsorption,95958.07044468219,98084.0,-0.021674580515862005,0.0708595060118019,4884.526178359985
1e-06,59,p1,A1,304.65711765866314,15672.02,-0.9805604435383145,0.1179707213673385,4919.860289573669
1e-06,59,p2,E1,886.5246658827296,3453.38,-0.7432878322447198,0.1179707213673385,4919.860289573669
1e-06,59,p3,"K_ads,1",8.121102070686813,30.836,-0.7366356832699827,0.1179707213673385,4919.860289573669
1e-06,59,p4,"K_ads,2",152.4393593785613,558.532,-0.7270713954105381,0.1179707213673385,4919.860289573669
1e-06,59,p5,A2,0.1999166828865387,0.7439,-0.7312586599186199,0.1179707213673385,4919.860289573669
1e-06,59,p6,E2,44677.52085058747,40000.0,0.11693802126468672,0.1179707213673385,4919.860289573669
1e-06,59,p7,"K_ads,3",18761.884704850083,17197.0,0.09099754055068227,0.1179707213673385,4919.860289573669
1e-06,59,p8,"K_ads,4",125060.7602323356,124119.0,0.0075875589743358935,0.1179707213673385,4919.860289573669
1e-06,59,p9,Inhibition / adsorption,96482.58942936928,98084.0,-0.01632692967895596,0.1179707213673385,4919.860289573669
1e-07,59,p1,A1,2384.3710770155753,15672.02,-0.8478580886818945,0.055846050840332735,4847.044768333435
1e-07,59,p2,E1,1817.8590247978561,3453.38,-0.47360005999981003,0.055846050840332735,4847.044768333435
1e-07,59,p3,"K_ads,1",16.353165575870634,30.836,-0.4696729285292958,0.055846050840332735,4847.044768333435
1e-07,59,p4,"K_ads,2",299.5525993926623,558.532,-0.46367871600434307,0.055846050840332735,4847.044768333435
1e-07,59,p5,A2,0.39709835786437525,0.7439,-0.4661938999000198,0.055846050840332735,4847.044768333435
1e-07,59,p6,E2,41194.98879601422,40000.0,0.02987471990035556,0.055846050840332735,4847.044768333435
1e-07,59,p7,"K_ads,3",17562.402005846092,17197.0,0.021248008713501885,0.055846050840332735,4847.044768333435
1e-07,59,p8,"K_ads,4",124342.51343894325,124119.0,0.0018007995467515018,0.055846050840332735,4847.044768333435
1e-07,59,p9,Inhibition / adsorption,97678.24363065821,98084.0,-0.004136825265504981,0.055846050840332735,4847.044768333435
1e-05,60,p1,A1,1804.729890182747,15672.02,-0.8848438242050005,0.10251235397215412,4115.8190994262695
1e-05,60,p2,E1,1520.4425441276292,3453.38,-0.5597233596859804,0.10251235397215412,4115.8190994262695
1e-05,60,p3,"K_ads,1",15.095459187820927,30.836,-0.5104598784595626,0.10251235397215412,4115.8190994262695
1e-05,60,p4,"K_ads,2",274.23697079835426,558.532,-0.50900401266471,0.10251235397215412,4115.8190994262695
1e-05,60,p5,A2,0.3621705370474305,0.7439,-0.5131462064156063,0.10251235397215412,4115.8190994262695
1e-05,60,p6,E2,63314.30788162617,40000.0,0.5828576970406543,0.10251235397215412,4115.8190994262695
1e-05,60,p7,"K_ads,3",26815.331463001046,17197.0,0.5593028704425799,0.10251235397215412,4115.8190994262695
1e-05,60,p8,"K_ads,4",130667.83183749569,124119.0,0.05276252497599632,0.10251235397215412,4115.8190994262695
1e-05,60,p9,Inhibition / adsorption,90198.90007101881,98084.0,-0.0803912965313526,0.10251235397215412,4115.8190994262695
1e-06,60,p1,A1,1812.449119651348,15672.02,-0.8843512757352691,0.08785239470128248,4287.001876831055
1e-06,60,p2,E1,1558.4689568961921,3453.38,-0.5487119989991857,0.08785239470128248,4287.001876831055
1e-06,60,p3,"K_ads,1",15.03342749468646,30.836,-0.5124715431740025,0.08785239470128248,4287.001876831055
1e-06,60,p4,"K_ads,2",274.8829957498499,558.532,-0.5078473646096376,0.08785239470128248,4287.001876831055
1e-06,60,p5,A2,0.3617894116867965,0.7439,-0.5136585405473901,0.08785239470128248,4287.001876831055
1e-06,60,p6,E2,56721.72555400054,40000.0,0.41804313885001354,0.08785239470128248,4287.001876831055
1e-06,60,p7,"K_ads,3",23956.226625022242,17197.0,0.39304684683504343,0.08785239470128248,4287.001876831055
1e-06,60,p8,"K_ads,4",128746.31406229759,124119.0,0.0372812708956533,0.08785239470128248,4287.001876831055
1e-06,60,p9,Inhibition / adsorption,92646.11658050556,98084.0,-0.05544108539103662,0.08785239470128248,4287.001876831055
1e-07,60,p1,A1,2873.421276004318,15672.02,-0.8166527814535511,0.05017135121280838,5017.845502853394
1e-07,60,p2,E1,1941.4977867455993,3453.38,-0.4377978135202036,0.05017135121280838,5017.845502853394
1e-07,60,p3,"K_ads,1",17.408750474972518,30.836,-0.43544070323736805,0.05017135121280838,5017.845502853394
1e-07,60,p4,"K_ads,2",318.60996251831364,558.532,-0.42955826610057507,0.05017135121280838,5017.845502853394
1e-07,60,p5,A2,0.4228161844986675,0.7439,-0.4316222818945188,0.05017135121280838,5017.845502853394
1e-07,60,p6,E2,40612.24134219777,40000.0,0.015306033554944224,0.05017135121280838,5017.845502853394
1e-07,60,p7,"K_ads,3",17323.015099005686,17197.0,0.007327737338238434,0.05017135121280838,5017.845502853394
1e-07,60,p8,"K_ads,4",124197.01779105008,124119.0,0.0006285725074330184,0.05017135121280838,5017.845502853394
1e-07,60,p9,Inhibition / adsorption,97808.53311927542,98084.0,-0.0028084792700601136,0.05017135121280838,5017.845502853394
1e-05,61,p1,A1,1947.0211103561212,15672.02,-0.8757645083176182,0.0645236256062805,5044.245446443558
1e-05,61,p2,E1,1661.434227775246,3453.38,-0.5188962037843371,0.0645236256062805,5044.245446443558
1e-05,61,p3,"K_ads,1",15.322276626649334,30.836,-0.5031042733607038,0.0645236256062805,5044.245446443558
1e-05,61,p4,"K_ads,2",280.32472707468673,558.532,-0.4981044468809545,0.0645236256062805,5044.245446443558
1e-05,61,p5,A2,0.3708317490917255,0.7439,-0.5015032274610493,0.0645236256062805,5044.245446443558
1e-05,61,p6,E2,44934.54688682247,40000.0,0.12336367217056177,0.0645236256062805,5044.245446443558
1e-05,61,p7,"K_ads,3",18853.62680425323,17197.0,0.0963323140229824,0.0645236256062805,5044.245446443558
1e-05,61,p8,"K_ads,4",125516.4352789,124119.0,0.011258834496732949,0.0645236256062805,5044.245446443558
1e-05,61,p9,Inhibition / adsorption,96527.406090069,98084.0,-0.015870008461431072,0.0645236256062805,5044.245446443558
1e-06,61,p1,A1,3884.817879257255,15672.02,-0.7521176032663783,0.045878629358464686,4980.050890684128
1e-06,61,p2,E1,2184.0884509464504,3453.38,-0.3675505009739877,0.045878629358464686,4980.050890684128
1e-06,61,p3,"K_ads,1",19.217117280712873,30.836,-0.3767960409679312,0.045878629358464686,4980.050890684128
1e-06,61,p4,"K_ads,2",351.88869875450393,558.532,-0.36997576010953015,0.045878629358464686,4980.050890684128
1e-06,61,p5,A2,0.46720154474708825,0.7439,-0.37195652003348806,0.045878629358464686,4980.050890684128
1e-06,61,p6,E2,35719.285494313,40000.0,-0.10701786264217499,0.045878629358464686,4980.050890684128
1e-06,61,p7,"K_ads,3",15257.921222133093,17197.0,-0.11275680513269218,0.045878629358464686,4980.050890684128
1e-06,61,p8,"K_ads,4",122786.38730155723,124119.0,-0.010736572953719964,0.045878629358464686,4980.050890684128
1e-06,61,p9,Inhibition / adsorption,99532.28347338263,98084.0,0.014765746435531088,0.045878629358464686,4980.050890684128
1e-07,61,p1,A1,281.9090636360827,15672.02,-0.9820119510033752,0.12033739288376992,4410.088672637939
1e-07,61,p2,E1,860.5263933980423,3453.38,-0.750816187793396,0.12033739288376992,4410.088672637939
1e-07,61,p3,"K_ads,1",7.914098054769033,30.836,-0.7433487464402311,0.12033739288376992,4410.088672637939
1e-07,61,p4,"K_ads,2",148.54955945214533,558.532,-0.734035723195546,0.12033739288376992,4410.088672637939
1e-07,61,p5,A2,0.19484736023931354,0.7439,-0.7380731815575837,0.12033739288376992,4410.088672637939
1e-07,61,p6,E2,44833.30489569334,40000.0,0.12083262239233354,0.12033739288376992,4410.088672637939
1e-07,61,p7,"K_ads,3",18791.328637093615,17197.0,0.09270969570818252,0.12033739288376992,4410.088672637939
1e-07,61,p8,"K_ads,4",125126.65968887946,124119.0,0.00811849667560534,0.12033739288376992,4410.088672637939
1e-07,61,p9,Inhibition / adsorption,96466.8315686445,98084.0,-0.01648758647032647,0.12033739288376992,4410.088672637939
1e-05,62,p1,A1,725.8477491071312,15672.02,-0.9536851185037326,0.0949850202628763,5180.730549097061
1e-05,62,p2,E1,1189.9126915846493,3453.38,-0.6554353440441976,0.0949850202628763,5180.730549097061
1e-05,62,p3,"K_ads,1",10.910270781443874,30.836,-0.6461839803656806,0.0949850202628763,5180.730549097061
1e-05,62,p4,"K_ads,2",203.45606386621205,558.532,-0.6357306942731803,0.0949850202628763,5180.730549097061
1e-05,62,p5,A2,0.2678168956735231,0.7439,-0.6399826647754764,0.0949850202628763,5180.730549097061
1e-05,62,p6,E2,47259.077568011,40000.0,0.18147693920027505,0.0949850202628763,5180.730549097061
1e-05,62,p7,"K_ads,3",19847.58248958974,17197.0,0.15413051634527758,0.0949850202628763,5180.730549097061
1e-05,62,p8,"K_ads,4",125928.4905001053,124119.0,0.014578674498709284,0.0949850202628763,5180.730549097061
1e-05,62,p9,Inhibition / adsorption,95564.60702288731,98084.0,-0.02568607496750424,0.0949850202628763,5180.730549097061
1e-06,62,p1,A1,1144.7644336744495,15672.02,-0.9269548894351558,0.07768191396440287,5169.153422832489
1e-06,62,p2,E1,1413.770732090874,3453.38,-0.5906124631257279,0.07768191396440287,5169.153422832489
1e-06,62,p3,"K_ads,1",12.74743686119609,30.836,-0.5866053683617819,0.07768191396440287,5169.153422832489
1e-06,62,p4,"K_ads,2",235.26178098501617,558.532,-0.5787854930693028,0.07768191396440287,5169.153422832489
1e-06,62,p5,A2,0.31093294667568916,0.7439,-0.5820231930693788,0.07768191396440287,5169.153422832489
1e-06,62,p6,E2,41859.61113687397,40000.0,0.04649027842184932,0.07768191396440287,5169.153422832489
1e-06,62,p7,"K_ads,3",17754.858743573204,17197.0,0.03243930590063408,0.07768191396440287,5169.153422832489
1e-06,62,p8,"K_ads,4",124474.95161428403,124119.0,0.002867825347320147,0.07768191396440287,5169.153422832489
1e-06,62,p9,Inhibition / adsorption,97409.25218896575,98084.0,-0.006879285215063099,0.07768191396440287,5169.153422832489
1e-07,62,p1,A1,741.4871036422641,15672.02,-0.9526872028211893,0.09169543578140826,5159.936611890793
1e-07,62,p2,E1,1204.8461470820353,3453.38,-0.6511110427806858,0.09169543578140826,5159.936611890793
1e-07,62,p3,"K_ads,1",11.017975013810927,30.836,-0.6426911722074548,0.09169543578140826,5159.936611890793
1e-07,62,p4,"K_ads,2",204.01017443556037,558.532,-0.6347386104367156,0.09169543578140826,5159.936611890793
1e-07,62,p5,A2,0.26907433405896425,0.7439,-0.6382923322234652,0.09169543578140826,5159.936611890793
1e-07,62,p6,E2,44143.78524838641,40000.0,0.1035946312096603,0.09169543578140826,5159.936611890793
1e-07,62,p7,"K_ads,3",18648.456474330353,17197.0,0.08440172555273319,0.09169543578140826,5159.936611890793
1e-07,62,p8,"K_ads,4",125059.6212523235,124119.0,0.007578382458153069,0.09169543578140826,5159.936611890793
1e-07,62,p9,Inhibition / adsorption,96672.41563521109,98084.0,-0.014391586444159214,0.09169543578140826,5159.936611890793
1e-05,63,p1,A1,752.2932891866756,15672.02,-0.9519976819078412,0.09605286980681155,5265.174535512924
1e-05,63,p2,E1,1174.2099690028638,3453.38,-0.6599824030361954,0.09605286980681155,5265.174535512924
1e-05,63,p3,"K_ads,1",11.115407046416315,30.836,-0.6395314876632405,0.09605286980681155,5265.174535512924
1e-05,63,p4,"K_ads,2",206.00660280295648,558.532,-0.6311641896919846,0.09605286980681155,5265.174535512924
1e-05,63,p5,A2,0.27102706367053286,0.7439,-0.6356673428276208,0.09605286980681155,5265.174535512924
1e-05,63,p6,E2,48825.50859212338,40000.0,0.22063771480308442,0.09605286980681155,5265.174535512924
1e-05,63,p7,"K_ads,3",20555.1660636789,17197.0,0.1952762728196138,0.09605286980681155,5265.174535512924
1e-05,63,p8,"K_ads,4",126075.23759776719,124119.0,0.01576098419877046,0.09605286980681155,5265.174535512924
1e-05,63,p9,Inhibition / adsorption,94905.38823484453,98084.0,-0.03240703647032612,0.09605286980681155,5265.174535512924
1e-06,63,p1,A1,2858.5306194688055,15672.02,-0.8176029242261811,0.0732128637951797,5181.81175327301
1e-06,63,p2,E1,1833.7160369466037,3453.38,-0.4690083231655353,0.0732128637951797,5181.81175327301
1e-06,63,p3,"K_ads,1",17.53679448072016,30.836,-0.43128828380074713,0.0732128637951797,5181.81175327301
1e-06,63,p4,"K_ads,2",319.1277206711265,558.532,-0.4286312679110123,0.0732128637951797,5181.81175327301
1e-06,63,p5,A2,0.4213609169266027,0.7439,-0.4335785496348935,0.0732128637951797,5181.81175327301
1e-06,63,p6,E2,54395.75750634327,40000.0,0.3598939376585817,0.0732128637951797,5181.81175327301
1e-06,63,p7,"K_ads,3",23046.71018098457,17197.0,0.3401587591431395,0.0732128637951797,5181.81175327301
1e-06,63,p8,"K_ads,4",128113.45592631637,124119.0,0.03218246945525156,0.0732128637951797,5181.81175327301
1e-06,63,p9,Inhibition / adsorption,93350.20278985414,98084.0,-0.04826268514891173,0.0732128637951797,5181.81175327301
1e-07,63,p1,A1,2433.536777014096,15672.02,-0.8447209244874562,0.058822039708377134,5184.435894727707
1e-07,63,p2,E1,1811.041725532942,3453.38,-0.4755741547316131,0.058822039708377134,5184.435894727707
1e-07,63,p3,"K_ads,1",16.52724738739683,30.836,-0.46402752019078897,0.058822039708377134,5184.435894727707
1e-07,63,p4,"K_ads,2",302.1593751100856,558.532,-0.4590115246573418,0.058822039708377134,5184.435894727707
1e-07,63,p5,A2,0.4034326373724781,0.7439,-0.4576789388728618,0.058822039708377134,5184.435894727707
1e-07,63,p6,E2,44888.28507302471,40000.0,0.12220712682561771,0.058822039708377134,5184.435894727707
1e-07,63,p7,"K_ads,3",19379.79592502176,17197.0,0.12692887858473925,0.058822039708377134,5184.435894727707
1e-07,63,p8,"K_ads,4",125066.60413398533,124119.0,0.007634642028902307,0.058822039708377134,5184.435894727707
1e-07,63,p9,Inhibition / adsorption,95772.67507155161,98084.0,-0.02356474989242272,0.058822039708377134,5184.435894727707
1e-05,64,p1,A1,1027.4569899101539,15672.02,-0.9344400409194122,0.08242448782141482,4470.2368247509
1e-05,64,p2,E1,1344.7346287719292,3453.38,-0.6106033425884412,0.08242448782141482,4470.2368247509
1e-05,64,p3,"K_ads,1",12.321595489623135,30.836,-0.6004152455045033,0.08242448782141482,4470.2368247509
1e-05,64,p4,"K_ads,2",226.95256444340856,558.532,-0.5936623784431178,0.08242448782141482,4470.2368247509
1e-05,64,p5,A2,0.300443304417008,0.7439,-0.5961240698790052,0.08242448782141482,4470.2368247509
1e-05,64,p6,E2,44472.45991053404,40000.0,0.11181149776335096,0.08242448782141482,4470.2368247509
1e-05,64,p7,"K_ads,3",18733.70370920363,17197.0,0.08935882474871372,0.08242448782141482,4470.2368247509
1e-05,64,p8,"K_ads,4",125322.03864928511,124119.0,0.009692622799773688,0.08242448782141482,4470.2368247509
1e-05,64,p9,Inhibition / adsorption,96725.69280677017,98084.0,-0.01384840741843556,0.08242448782141482,4470.2368247509
1e-06,64,p1,A1,3703.252257640162,15672.02,-0.7637029395291632,0.043486430825484916,4668.660186052322
1e-06,64,p2,E1,2101.284922074021,3453.38,-0.3915280328043769,0.043486430825484916,4668.660186052322
1e-06,64,p3,"K_ads,1",18.993296027915278,30.836,-0.38405448086926713,0.043486430825484916,4668.660186052322
1e-06,64,p4,"K_ads,2",346.62770240431087,558.532,-0.37939508854584725,0.043486430825484916,4668.660186052322
1e-06,64,p5,A2,0.45977268768355517,0.7439,-0.38194288522172987,0.043486430825484916,4668.660186052322
1e-06,64,p6,E2,42078.18310853379,40000.0,0.05195457771334477,0.043486430825484916,4668.660186052322
1e-06,64,p7,"K_ads,3",17964.296721785653,17197.0,0.04461805674162081,0.043486430825484916,4668.660186052322
1e-06,64,p8,"K_ads,4",124602.20694874371,124119.0,0.003893094117288337,0.043486430825484916,4668.660186052322
1e-06,64,p9,Inhibition / adsorption,97446.59173771097,98084.0,-0.006498595716824634,0.043486430825484916,4668.660186052322
1e-07,64,p1,A1,1134.09483157656,15672.02,-0.9276356952341459,0.07794566469307666,5389.875880241394
1e-07,64,p2,E1,1407.7922359815848,3453.38,-0.5923436644731872,0.07794566469307666,5389.875880241394
1e-07,64,p3,"K_ads,1",12.712421660562883,30.836,-0.5877408982824335,0.07794566469307666,5389.875880241394
1e-07,64,p4,"K_ads,2",234.48200166242106,558.532,-0.5801816159818577,0.07794566469307666,5389.875880241394
1e-07,64,p5,A2,0.309995669428603,0.7439,-0.5832831436636604,0.07794566469307666,5389.875880241394
1e-07,64,p6,E2,41809.20483852526,40000.0,0.045230120963131414,0.07794566469307666,5389.875880241394
1e-07,64,p7,"K_ads,3",17728.89086024717,17197.0,0.03092928186585864,0.07794566469307666,5389.875880241394
1e-07,64,p8,"K_ads,4",124450.22317891756,124119.0,0.0026685936795942332,0.07794566469307666,5389.875880241394
1e-07,64,p9,Inhibition / adsorption,97461.69726167944,98084.0,-0.0063445897222846,0.07794566469307666,5389.875880241394
1e-05,65,p1,A1,1425.6050007919691,15672.02,-0.9090350190471956,0.07726207541265755,5422.412389993668
1e-05,65,p2,E1,1494.0263001949716,3453.38,-0.5673727478021615,0.07726207541265755,5422.412389993668
1e-05,65,p3,"K_ads,1",13.791582213605542,30.836,-0.5527441233102366,0.07726207541265755,5422.412389993668
1e-05,65,p4,"K_ads,2",252.92655600003005,558.532,-0.5471583436579641,0.07726207541265755,5422.412389993668
1e-05,65,p5,A2,0.33560342909854785,0.7439,-0.5488594850133783,0.07726207541265755,5422.412389993668
1e-05,65,p6,E2,47766.61760819654,40000.0,0.19416544020491347,0.07726207541265755,5422.412389993668
1e-05,65,p7,"K_ads,3",20361.470108380185,17197.0,0.18401291553062654,0.07726207541265755,5422.412389993668
1e-05,65,p8,"K_ads,4",126035.10972393584,124119.0,0.015437682578298528,0.07726207541265755,5422.412389993668
1e-05,65,p9,Inhibition / adsorption,95422.60299609254,98084.0,-0.02713385469503143,0.07726207541265755,5422.412389993668
1e-06,65,p1,A1,5815.372316785099,15672.02,-0.6289328167788774,0.0344234756727703,5308.975627422333
1e-06,65,p2,E1,2431.9193818587255,3453.38,-0.29578575718318706,0.0344234756727703,5308.975627422333
1e-06,65,p3,"K_ads,1",22.165589297142446,30.836,-0.28117819116803583,0.0344234756727703,5308.975627422333
1e-06,65,p4,"K_ads,2",401.6429772779917,558.532,-0.2808953161537895,0.0344234756727703,5308.975627422333
1e-06,65,p5,A2,0.5326544711615018,0.7439,-0.28397033047250736,0.0344234756727703,5308.975627422333
1e-06,65,p6,E2,44371.20963445301,40000.0,0.10928024086132518,0.0344234756727703,5308.975627422333
1e-06,65,p7,"K_ads,3",19004.37343541865,17197.0,0.10509818197468448,0.0344234756727703,5308.975627422333
1e-06,65,p8,"K_ads,4",125304.67807748009,124119.0,0.00955275241888902,0.0344234756727703,5308.975627422333
1e-06,65,p9,Inhibition / adsorption,96854.38075448394,98084.0,-0.012536389681457358,0.0344234756727703,5308.975627422333
1e-07,65,p1,A1,1438.0187109731978,15672.02,-0.9082429252276861,0.10650496535737873,4623.397485733032
1e-07,65,p2,E1,1397.7531227788734,3453.38,-0.5952507043016195,0.10650496535737873,4623.397485733032
1e-07,65,p3,"K_ads,1",13.972986949448185,30.836,-0.5468612352624146,0.10650496535737873,4623.397485733032
1e-07,65,p4,"K_ads,2",255.0683822231338,558.532,-0.5433236014711176,0.10650496535737873,4623.397485733032
1e-07,65,p5,A2,0.3350176695171784,0.7439,-0.5496469021142918,0.10650496535737873,4623.397485733032
1e-07,65,p6,E2,63248.237362489555,40000.0,0.5812059340622389,0.10650496535737873,4623.397485733032
1e-07,65,p7,"K_ads,3",26684.879123621795,17197.0,0.5517171090086523,0.10650496535737873,4623.397485733032
1e-07,65,p8,"K_ads,4",130501.6703787273,124119.0,0.05142379795782515,0.10650496535737873,4623.397485733032
1e-07,65,p9,Inhibition / adsorption,90439.73404874919,98084.0,-0.07793591157834928,0.10650496535737873,4623.397485733032
1e-05,66,p1,A1,0.16544743798608985,15672.02,-0.999989443132539,0.5790781389313661,5057.3144681453705
1e-05,66,p2,E1,0.33773742736192297,3453.38,-0.9999022009082806,0.5790781389313661,5057.3144681453705
1e-05,66,p3,"K_ads,1",5.904703379471769,30.836,-0.8085126676783055,0.5790781389313661,5057.3144681453705
1e-05,66,p4,"K_ads,2",0.4082661353604292,558.532,-0.9992690371628475,0.5790781389313661,5057.3144681453705
1e-05,66,p5,A2,0.645751439161487,0.7439,-0.13193784223486082,0.5790781389313661,5057.3144681453705
1e-05,66,p6,E2,13279.680049360004,40000.0,-0.6680079987659999,0.5790781389313661,5057.3144681453705
1e-05,66,p7,"K_ads,3",13450.148142248323,17197.0,-0.21787822630410403,0.5790781389313661,5057.3144681453705
1e-05,66,p8,"K_ads,4",13306.543745806184,124119.0,-0.8927920483906076,0.5790781389313661,5057.3144681453705
1e-05,66,p9,Inhibition / adsorption,13275.153267201724,98084.0,-0.864655262150792,0.5790781389313661,5057.3144681453705
1e-06,66,p1,A1,0.16548248271472465,15672.02,-0.9999894408964055,0.5790762087304718,5055.159843683243
1e-06,66,p2,E1,0.3377376528649274,3453.38,-0.9999022008429813,0.5790762087304718,5055.159843683243
1e-06,66,p3,"K_ads,1",5.902160007925773,30.836,-0.808595148270665,0.5790762087304718,5055.159843683243
1e-06,66,p4,"K_ads,2",0.40827833609759767,558.532,-0.9992690153185536,0.5790762087304718,5055.159843683243
1e-06,66,p5,A2,0.6455110045298965,0.7439,-0.13226105050423914,0.5790762087304718,5055.159843683243
1e-06,66,p6,E2,13279.670612325475,40000.0,-0.6680082346918631,0.5790762087304718,5055.159843683243
1e-06,66,p7,"K_ads,3",13450.154078518819,17197.0,-0.2178778811118905,0.5790762087304718,5055.159843683243
1e-06,66,p8,"K_ads,4",13306.54768898668,124119.0,-0.8927920166212531,0.5790762087304718,5055.159843683243
1e-06,66,p9,Inhibition / adsorption,13275.161897785998,98084.0,-0.864655174159027,0.5790762087304718,5055.159843683243
1e-07,66,p1,A1,0.16547745876580092,15672.02,-0.9999894412169735,0.5790764812971007,5076.11908698082
1e-07,66,p2,E1,0.3377376269071708,3453.38,-0.999902200850498,0.5790764812971007,5076.11908698082
1e-07,66,p3,"K_ads,1",5.902506026342839,30.836,-0.8085839270222196,0.5790764812971007,5076.11908698082
1e-07,66,p4,"K_ads,2",0.40827645164911464,558.532,-0.9992690186924846,0.5790764812971007,5076.11908698082
1e-07,66,p5,A2,0.6455449695515877,0.7439,-0.13221539245652952,0.5790764812971007,5076.11908698082
1e-07,66,p6,E2,13279.671670980666,40000.0,-0.6680082082254833,0.5790764812971007,5076.11908698082
1e-07,66,p7,"K_ads,3",13450.156463165487,17197.0,-0.21787774244545632,0.5790764812971007,5076.11908698082
1e-07,66,p8,"K_ads,4",13306.547091239603,124119.0,-0.8927920214371724,0.5790764812971007,5076.11908698082
1e-07,66,p9,Inhibition / adsorption,13275.163401887097,98084.0,-0.8646551588242007,0.5790764812971007,5076.11908698082
1e-05,67,p1,A1,0.1696918098793103,15672.02,-0.9999891723077255,0.5788538706200023,5176.858959674835
1e-05,67,p2,E1,0.3377607528741206,3453.38,-0.9999021941538799,0.5788538706200023,5176.858959674835
1e-05,67,p3,"K_ads,1",5.551267266624727,30.836,-0.8199744692364532,0.5788538706200023,5176.858959674835
1e-05,67,p4,"K_ads,2",0.4099756635885858,558.532,-0.9992659764103246,0.5788538706200023,5176.858959674835
1e-05,67,p5,A2,0.6241713048998082,0.7439,-0.16094729815861245,0.5788538706200023,5176.858959674835
1e-05,67,p6,E2,13278.414853384167,40000.0,-0.6680396286653959,0.5788538706200023,5176.858959674835
1e-05,67,p7,"K_ads,3",13452.401114328057,17197.0,-0.2177472167047708,0.5788538706200023,5176.858959674835
1e-05,67,p8,"K_ads,4",13307.23623747362,124119.0,-0.8927864691346722,0.5788538706200023,5176.858959674835
1e-05,67,p9,Inhibition / adsorption,13277.700447805504,98084.0,-0.8646292927714458,0.5788538706200023,5176.858959674835
1e-06,67,p1,A1,0.16973031277254852,15672.02,-0.9999891698509336,0.5788514649939595,5177.475024700165
1e-06,67,p2,E1,0.3377609787719973,3453.38,-0.9999021940884664,0.5788514649939595,5177.475024700165
1e-06,67,p3,"K_ads,1",5.549894953929377,30.836,-0.8200189728262622,0.5788514649939595,5177.475024700165
1e-06,67,p4,"K_ads,2",0.4099883953176188,558.532,-0.9992659536153387,0.5788514649939595,5177.475024700165
1e-06,67,p5,A2,0.6237835287457513,0.7439,-0.16146857273054005,0.5788514649939595,5177.475024700165
1e-06,67,p6,E2,13278.404592294388,40000.0,-0.6680398851926403,0.5788514649939595,5177.475024700165
1e-06,67,p7,"K_ads,3",13452.414170912329,17197.0,-0.21774645746860913,0.5788514649939595,5177.475024700165
1e-06,67,p8,"K_ads,4",13307.24175636444,124119.0,-0.8927864246701598,0.5788514649939595,5177.475024700165
1e-06,67,p9,Inhibition / adsorption,13277.723465190164,98084.0,-0.8646290581013196,0.5788514649939595,5177.475024700165
1e-07,67,p1,A1,0.16973640494117373,15672.02,-0.9999891694622045,0.5788511551859926,5096.97530913353
1e-07,67,p2,E1,0.3377610114144956,3453.38,-0.999902194079014,0.5788511551859926,5096.97530913353
1e-07,67,p3,"K_ads,1",5.549456987809891,30.836,-0.8200331759044659,0.5788511551859926,5096.97530913353
1e-07,67,p4,"K_ads,2",0.40999079684149653,558.532,-0.9992659493156318,0.5788511551859926,5096.97530913353
1e-07,67,p5,A2,0.6237503661533726,0.7439,-0.16151315209924366,0.5788511551859926,5096.97530913353
1e-07,67,p6,E2,13278.401714452028,40000.0,-0.6680399571386993,0.5788511551859926,5096.97530913353
1e-07,67,p7,"K_ads,3",13452.41754702513,17197.0,-0.2177462611487393,0.5788511551859926,5096.97530913353
1e-07,67,p8,"K_ads,4",13307.242672683367,124119.0,-0.8927864172875759,0.5788511551859926,5096.97530913353
1e-07,67,p9,Inhibition / adsorption,13277.723325896024,98084.0,-0.8646290595214712,0.5788511551859926,5096.97530913353
1e-05,68,p1,A1,0.18314671883647243,15672.02,-0.9999883137771113,0.5782286529638725,4375.848574638367
1e-05,68,p2,E1,0.3378251324285779,3453.38,-0.9999021755114038,0.5782286529638725,4375.848574638367
1e-05,68,p3,"K_ads,1",4.5902365911983445,30.836,-0.8511403362563774,0.5782286529638725,4375.848574638367
1e-05,68,p4,"K_ads,2",0.41481242765117216,558.532,-0.9992573166306474,0.5782286529638725,4375.848574638367
1e-05,68,p5,A2,0.5682035153563286,0.7439,-0.23618293405521087,0.5782286529638725,4375.848574638367
1e-05,68,p6,E2,13275.414111237518,40000.0,-0.668114647219062,0.5782286529638725,4375.848574638367
1e-05,68,p7,"K_ads,3",13456.499193954145,17197.0,-0.21750891469708988,0.5782286529638725,4375.848574638367
1e-05,68,p8,"K_ads,4",13309.166775596994,124119.0,-0.892770915205593,0.5782286529638725,4375.848574638367
1e-05,68,p9,Inhibition / adsorption,13284.27799154671,98084.0,-0.8645622324584366,0.5782286529638725,4375.848574638367
1e-06,68,p1,A1,0.1830440199045553,15672.02,-0.9999883203301231,0.5782329816697667,4513.257558584213
1e-06,68,p2,E1,0.3378247786615582,3453.38,-0.9999021756138446,0.5782329816697667,4513.257558584213
1e-06,68,p3,"K_ads,1",4.595851296104577,30.836,-0.8509582534665787,0.5782329816697667,4513.257558584213
1e-06,68,p4,"K_ads,2",0.41478861494281494,558.532,-0.9992573592651042,0.5782329816697667,4513.257558584213
1e-06,68,p5,A2,0.568648410761838,0.7439,-0.23558487597548322,0.5782329816697667,4513.257558584213
1e-06,68,p6,E2,13275.43504657985,40000.0,-0.6681141238355037,0.5782329816697667,4513.257558584213
1e-06,68,p7,"K_ads,3",13456.491434953849,17197.0,-0.21750936588045308,0.5782329816697667,4513.257558584213
1e-06,68,p8,"K_ads,4",13309.157243017424,124119.0,-0.8927709920075296,0.5782329816697667,4513.257558584213
1e-06,68,p9,Inhibition / adsorption,13284.26779426699,98084.0,-0.8645623364231987,0.5782329816697667,4513.257558584213
1e-07,68,p1,A1,0.1830461636294649,15672.02,-0.9999883201933364,0.5782329015162141,5287.194147109985
1e-07,68,p2,E1,0.33782478339797417,3453.38,-0.999902175612473,0.5782329015162141,5287.194147109985
1e-07,68,p3,"K_ads,1",4.595717520111875,30.836,-0.8509625917722183,0.5782329015162141,5287.194147109985
1e-07,68,p4,"K_ads,2",0.41478893975507264,558.532,-0.9992573586835578,0.5782329015162141,5287.194147109985
1e-07,68,p5,A2,0.5686417242736154,0.7439,-0.23559386439895771,0.5782329015162141,5287.194147109985
1e-07,68,p6,E2,13275.433208828195,40000.0,-0.6681141697792952,0.5782329015162141,5287.194147109985
1e-07,68,p7,"K_ads,3",13456.495110133761,17197.0,-0.21750915216992725,0.5782329015162141,5287.194147109985
1e-07,68,p8,"K_ads,4",13309.157465145801,124119.0,-0.8927709902178892,0.5782329015162141,5287.194147109985
1e-07,68,p9,Inhibition / adsorption,13284.26794783944,98084.0,-0.8645623348574748,0.5782329015162141,5287.194147109985
1e-05,69,p1,A1,0.188473370659961,15672.02,-0.9999879738941975,0.5780200164777832,5326.296612262726
1e-05,69,p2,E1,0.33784894789575837,3453.38,-0.999902168615126,0.5780200164777832,5326.296612262726
1e-05,69,p3,"K_ads,1",4.25258671360928,30.836,-0.8620901960822,0.5780200164777832,5326.296612262726
1e-05,69,p4,"K_ads,2",0.4165132536103624,558.532,-0.9992542714587341,0.5780200164777832,5326.296612262726
1e-05,69,p5,A2,0.551479696372981,0.7439,-0.25866420705339294,0.5780200164777832,5326.296612262726
1e-05,69,p6,E2,13274.329815042654,40000.0,-0.6681417546239335,0.5780200164777832,5326.296612262726
1e-05,69,p7,"K_ads,3",13457.615581696993,17197.0,-0.2174439971101359,0.5780200164777832,5326.296612262726
1e-05,69,p8,"K_ads,4",13309.824211163013,124119.0,-0.8927656183891023,0.5780200164777832,5326.296612262726
1e-05,69,p9,Inhibition / adsorption,13286.190377081699,98084.0,-0.8645427350324039,0.5780200164777832,5326.296612262726
1e-06,69,p1,A1,0.18834543595788958,15672.02,-0.9999879820574529,0.5780247845453552,5291.712495088577
1e-06,69,p2,E1,0.3378484201530227,3453.38,-0.9999021687679454,0.5780247845453552,5291.712495088577
1e-06,69,p3,"K_ads,1",4.260492280072624,30.836,-0.8618338215049739,0.5780247845453552,5291.712495088577
1e-06,69,p4,"K_ads,2",0.41647690635618134,558.532,-0.9992543365351383,0.5780247845453552,5291.712495088577
1e-06,69,p5,A2,0.5518183417828861,0.7439,-0.25820897730489833,0.5780247845453552,5291.712495088577
1e-06,69,p6,E2,13274.360855357198,40000.0,-0.66814097861607,0.5780247845453552,5291.712495088577
1e-06,69,p7,"K_ads,3",13457.554434816084,17197.0,-0.21744755278152678,0.5780247845453552,5291.712495088577
1e-06,69,p8,"K_ads,4",13309.809936962358,124119.0,-0.8927657333932568,0.5780247845453552,5291.712495088577
1e-06,69,p9,Inhibition / adsorption,13286.131685545733,98084.0,-0.8645433334127307,0.5780247845453552,5291.712495088577
1e-07,69,p1,A1,0.18834261133914354,15672.02,-0.999987982237686,0.5780248837449136,4540.012451887131
1e-07,69,p2,E1,0.337848404035639,3453.38,-0.9999021687726125,0.5780248837449136,4540.012451887131
1e-07,69,p3,"K_ads,1",4.260683189146655,30.836,-0.8618276303947771,0.5780248837449136,4540.012451887131
1e-07,69,p4,"K_ads,2",0.4164757141999655,558.532,-0.999254338669584,0.5780248837449136,4540.012451887131
1e-07,69,p5,A2,0.5518243584981853,0.7439,-0.2582008892348631,0.5780248837449136,4540.012451887131
1e-07,69,p6,E2,13274.361257750457,40000.0,-0.6681409685562386,0.5780248837449136,4540.012451887131
1e-07,69,p7,"K_ads,3",13457.555161059103,17197.0,-0.2174475105507296,0.5780248837449136,4540.012451887131
1e-07,69,p8,"K_ads,4",13309.809648093673,124119.0,-0.8927657357206095,0.5780248837449136,4540.012451887131
1e-07,69,p9,Inhibition / adsorption,13286.131878303231,98084.0,-0.8645433314475018,0.5780248837449136,4540.012451887131
1e-05,70,p1,A1,0.18955208163325518,15672.02,-0.9999879050638251,0.5779805376200942,5371.4132425785065
1e-05,70,p2,E1,0.3378565430728865,3453.38,-0.9999021664157802,0.5779805376200942,5371.4132425785065
1e-05,70,p3,"K_ads,1",4.184232473859546,30.836,-0.8643068986295387,0.5779805376200942,5371.4132425785065
1e-05,70,p4,"K_ads,2",0.4168753518900948,558.532,-0.9992536231551816,0.5779805376200942,5371.4132425785065
1e-05,70,p5,A2,0.5479610343303738,0.7439,-0.26339422727466894,0.5779805376200942,5371.4132425785065
1e-05,70,p6,E2,13274.39367992923,40000.0,-0.6681401580017693,0.5779805376200942,5371.4132425785065
1e-05,70,p7,"K_ads,3",13457.023986875398,17197.0,-0.21747839815808584,0.5779805376200942,5371.4132425785065
1e-05,70,p8,"K_ads,4",13309.958200545914,124119.0,-0.8927645388655572,0.5779805376200942,5371.4132425785065
1e-05,70,p9,Inhibition / adsorption,13286.633200009417,98084.0,-0.8645382203008706,0.5779805376200942,5371.4132425785065
1e-06,70,p1,A1,0.18956334464991137,15672.02,-0.9999879043451546,0.577979618690391,5339.269868850708
1e-06,70,p2,E1,0.3378566556167913,3453.38,-0.9999021663831907,0.577979618690391,5339.269868850708
1e-06,70,p3,"K_ads,1",4.184388237842711,30.836,-0.8643018472615543,0.577979618690391,5339.269868850708
1e-06,70,p4,"K_ads,2",0.41688305052073943,558.532,-0.999253609371494,0.577979618690391,5339.269868850708
1e-06,70,p5,A2,0.5477976227751086,0.7439,-0.26361389598721796,0.577979618690391,5339.269868850708
1e-06,70,p6,E2,13274.403294469088,40000.0,-0.6681399176382729,0.577979618690391,5339.269868850708
1e-06,70,p7,"K_ads,3",13457.010894082272,17197.0,-0.21747915949978067,0.577979618690391,5339.269868850708
1e-06,70,p8,"K_ads,4",13309.960438821945,124119.0,-0.8927645208322501,0.577979618690391,5339.269868850708
1e-06,70,p9,Inhibition / adsorption,13286.657389659164,98084.0,-0.8645379736791,0.577979618690391,5339.269868850708
1e-07,70,p1,A1,0.1895692814192408,15672.02,-0.9999879039663413,0.5779794481755202,5377.74991774559
1e-07,70,p2,E1,0.33785667678766634,3453.38,-0.9999021663770602,0.5779794481755202,5377.74991774559
1e-07,70,p3,"K_ads,1",4.18392934222554,30.836,-0.864316729075576,0.5779794481755202,5377.74991774559
1e-07,70,p4,"K_ads,2",0.4168844457104307,558.532,-0.9992536068735355,0.5779794481755202,5377.74991774559
1e-07,70,p5,A2,0.54779450016141,0.7439,-0.26361809361283783,0.5779794481755202,5377.74991774559
1e-07,70,p6,E2,13274.4034411933,40000.0,-0.6681399139701675,0.5779794481755202,5377.74991774559
1e-07,70,p7,"K_ads,3",13457.009145195882,17197.0,-0.21747926119695984,0.5779794481755202,5377.74991774559
1e-07,70,p8,"K_ads,4",13309.96098433773,124119.0,-0.8927645164371472,0.5779794481755202,5377.74991774559
1e-07,70,p9,Inhibition / adsorption,13286.65961265647,98084.0,-0.8645379510148804,0.5779794481755202,5377.74991774559
1e-05,71,p1,A1,0.19600809602885869,15672.02,-0.9999874931185623,0.5777552562145857,5490.309141397476
1e-05,71,p2,E1,0.33788187276041814,3453.38,-0.9999021590810276,0.5777552562145857,5490.309141397476
1e-05,71,p3,"K_ads,1",3.8204554991591193,30.836,-0.8761040504877702,0.5777552562145857,5490.309141397476
1e-05,71,p4,"K_ads,2",0.41863071798061496,558.532,-0.9992504803341965,0.5777552562145857,5490.309141397476
1e-05,71,p5,A2,0.5314468371191592,0.7439,-0.2855937127044506,0.5777552562145857,5490.309141397476
1e-05,71,p6,E2,13273.532213635142,40000.0,-0.6681616946591215,0.5777552562145857,5490.309141397476
1e-05,71,p7,"K_ads,3",13457.413485003373,17197.0,-0.21745574896764708,0.5777552562145857,5490.309141397476
1e-05,71,p8,"K_ads,4",13310.652254232264,124119.0,-0.8927589470247725,0.5777552562145857,5490.309141397476
1e-05,71,p9,Inhibition / adsorption,13288.67654306792,98084.0,-0.8645173877179976,0.5777552562145857,5490.309141397476
1e-06,71,p1,A1,0.19595903722511898,15672.02,-0.9999874962489057,0.5777568701564973,5452.331747531891
1e-06,71,p2,E1,0.33788163851900416,3453.38,-0.9999021591488574,0.5777568701564973,5452.331747531891
1e-06,71,p3,"K_ads,1",3.823316811437669,30.836,-0.8760112591958208,0.5777568701564973,5452.331747531891
1e-06,71,p4,"K_ads,2",0.4186154822437886,558.532,-0.9992505076123771,0.5777568701564973,5452.331747531891
1e-06,71,p5,A2,0.5315414097741646,0.7439,-0.2854665818333585,0.5777568701564973,5452.331747531891
1e-06,71,p6,E2,13273.532564334373,40000.0,-0.6681616858916406,0.5777568701564973,5452.331747531891
1e-06,71,p7,"K_ads,3",13457.41574567667,17197.0,-0.21745561751022446,0.5777568701564973,5452.331747531891
1e-06,71,p8,"K_ads,4",13310.647158065021,124119.0,-0.8927589880834923,0.5777568701564973,5452.331747531891
1e-06,71,p9,Inhibition / adsorption,13288.6491368394,98084.0,-0.8645176671338913,0.5777568701564973,5452.331747531891
1e-07,71,p1,A1,0.19596168775619682,15672.02,-0.9999874960797807,0.5777567350979643,5425.442596673965
1e-07,71,p2,E1,0.33788165042224855,3453.38,-0.9999021591454105,0.5777567350979643,5425.442596673965
1e-07,71,p3,"K_ads,1",3.8232851190029464,30.836,-0.87601228696968,0.5777567350979643,5425.442596673965
1e-07,71,p4,"K_ads,2",0.4186164086799622,558.532,-0.9992505059536786,0.5777567350979643,5425.442596673965
1e-07,71,p5,A2,0.53151911540504,0.7439,-0.2854965514114262,0.5777567350979643,5425.442596673965
1e-07,71,p6,E2,13273.53297054778,40000.0,-0.6681616757363056,0.5777567350979643,5425.442596673965
1e-07,71,p7,"K_ads,3",13457.41210425144,17197.0,-0.2174558292579264,0.5777567350979643,5425.442596673965
1e-07,71,p8,"K_ads,4",13310.647382113084,124119.0,-0.8927589862783855,0.5777567350979643,5425.442596673965
1e-07,71,p9,Inhibition / adsorption,13288.648172047218,98084.0,-0.8645176769702783,0.5777567350979643,5425.442596673965
1e-05,72,p1,A1,0.2043145976958529,15672.02,-0.9999869630974376,0.5774990924913809,4589.499670505524
1e-05,72,p2,E1,0.3379082124015599,3453.38,-0.9999021514538216,0.5774990924913809,4589.499670505524
1e-05,72,p3,"K_ads,1",3.4087764648598333,30.836,-0.889454648305233,0.5774990924913809,4589.499670505524
1e-05,72,p4,"K_ads,2",0.4204387679990766,558.532,-0.9992472431875004,0.5774990924913809,4589.499670505524
1e-05,72,p5,A2,0.5150164138114824,0.7439,-0.30768058366516676,0.5774990924913809,4589.499670505524
1e-05,72,p6,E2,13273.111766629172,40000.0,-0.6681722058342707,0.5774990924913809,4589.499670505524
1e-05,72,p7,"K_ads,3",13456.596102479087,17197.0,-0.2175032794976399,0.5774990924913809,4589.499670505524
1e-05,72,p8,"K_ads,4",13311.350000414815,124119.0,-0.8927533254343427,0.5774990924913809,4589.499670505524
1e-05,72,p9,Inhibition / adsorption,13290.809495282167,98084.0,-0.8644956415390668,0.5774990924913809,4589.499670505524
1e-06,72,p1,A1,0.2043158769134377,15672.02,-0.9999869630158132,0.5774993116216752,4862.525541067123
1e-06,72,p2,E1,0.33790818566443553,3453.38,-0.9999021514615639,0.5774993116216752,4862.525541067123
1e-06,72,p3,"K_ads,1",3.4084946601676145,30.836,-0.889463787126488,0.5774993116216752,4862.525541067123
1e-06,72,p4,"K_ads,2",0.4204368271487688,558.532,-0.9992472466624136,0.5774993116216752,4862.525541067123
1e-06,72,p5,A2,0.5150488583585063,0.7439,-0.3076369695409244,0.5774993116216752,4862.525541067123
1e-06,72,p6,E2,13273.108166198408,40000.0,-0.6681722958450399,0.5774993116216752,4862.525541067123
1e-06,72,p7,"K_ads,3",13456.585720841886,17197.0,-0.21750388318649266,0.5774993116216752,4862.525541067123
1e-06,72,p8,"K_ads,4",13311.34969729148,124119.0,-0.892753327876542,0.5774993116216752,4862.525541067123
1e-06,72,p9,Inhibition / adsorption,13290.78890194085,98084.0,-0.8644958514952403,0.5774993116216752,4862.525541067123
1e-07,72,p1,A1,0.2043160010425988,15672.02,-0.9999869630078928,0.5774993160827401,5589.358899831772
1e-07,72,p2,E1,0.3379081814169282,3453.38,-0.9999021514627939,0.5774993160827401,5589.358899831772
1e-07,72,p3,"K_ads,1",3.4084823047207067,30.836,-0.8894641878090315,0.5774993160827401,5589.358899831772
1e-07,72,p4,"K_ads,2",0.42043687302210037,558.532,-0.9992472465802816,0.5774993160827401,5589.358899831772
1e-07,72,p5,A2,0.5150506970532381,0.7439,-0.3076344978448204,0.5774993160827401,5589.358899831772
1e-07,72,p6,E2,13273.107871832783,40000.0,-0.6681723032041804,0.5774993160827401,5589.358899831772
1e-07,72,p7,"K_ads,3",13456.585158112963,17197.0,-0.21750391590899792,0.5774993160827401,5589.358899831772
1e-07,72,p8,"K_ads,4",13311.34971818768,124119.0,-0.8927533277081859,0.5774993160827401,5589.358899831772
1e-07,72,p9,Inhibition / adsorption,13290.787779591921,98084.0,-0.8644958629379723,0.5774993160827401,5589.358899831772
1e-05,73,p1,A1,0.20758457492045806,15672.02,-0.9999867544467834,0.5774035017177518,5652.521420001984
1e-05,73,p2,E1,0.3379168959371571,3453.38,-0.9999021489393182,0.5774035017177518,5652.521420001984
1e-05,73,p3,"K_ads,1",3.2691502192350543,30.836,-0.8939826754690928,0.5774035017177518,5652.521420001984
1e-05,73,p4,"K_ads,2",0.4210480287216704,558.532,-0.9992461523624042,0.5774035017177518,5652.521420001984
1e-05,73,p5,A2,0.508339503609713,0.7439,-0.31665613172507995,0.5774035017177518,5652.521420001984
1e-05,73,p6,E2,13272.871417288767,40000.0,-0.6681782145677808,0.5774035017177518,5652.521420001984
1e-05,73,p7,"K_ads,3",13456.566470159061,17197.0,-0.21750500260748612,0.5774035017177518,5652.521420001984
1e-05,73,p8,"K_ads,4",13311.598930735787,124119.0,-0.8927513198564621,0.5774035017177518,5652.521420001984
1e-05,73,p9,Inhibition / adsorption,13291.554785956285,98084.0,-0.8644880430451829,0.5774035017177518,5652.521420001984
1e-06,73,p1,A1,0.20756730434079199,15672.02,-0.9999867555487844,0.5774041701695124,5588.255165338516
1e-06,73,p2,E1,0.33791679837944183,3453.38,-0.9999021489675681,0.5774041701695124,5588.255165338516
1e-06,73,p3,"K_ads,1",3.269687884770514,30.836,-0.8939652391759465,0.5774041701695124,5588.255165338516
1e-06,73,p4,"K_ads,2",0.42104163749235024,558.532,-0.9992461638053105,0.5774041701695124,5588.255165338516
1e-06,73,p5,A2,0.5084290152459184,0.7439,-0.3165358042130415,0.5774041701695124,5588.255165338516
1e-06,73,p6,E2,13272.887856928468,40000.0,-0.6681778035767884,0.5774041701695124,5588.255165338516
1e-06,73,p7,"K_ads,3",13456.52373938613,17197.0,-0.21750748738814155,0.5774041701695124,5588.255165338516
1e-06,73,p8,"K_ads,4",13311.595862737226,124119.0,-0.8927513445746644,0.5774041701695124,5588.255165338516
1e-06,73,p9,Inhibition / adsorption,13291.541117201363,98084.0,-0.8644881824028245,0.5774041701695124,5588.255165338516
1e-07,73,p1,A1,0.20756730805566526,15672.02,-0.9999867555485473,0.5774041586313525,4887.0141518116
1e-07,73,p2,E1,0.33791680414708863,3453.38,-0.999902148965898,0.5774041586313525,4887.0141518116
1e-07,73,p3,"K_ads,1",3.2696949941798534,30.836,-0.8939650086204484,0.5774041586313525,4887.0141518116
1e-07,73,p4,"K_ads,2",0.42104198814612637,558.532,-0.9992461631774971,0.5774041586313525,4887.0141518116
1e-07,73,p5,A2,0.5084263806950602,0.7439,-0.3165393457520363,0.5774041586313525,4887.0141518116
1e-07,73,p6,E2,13272.888226857027,40000.0,-0.6681777943285744,0.5774041586313525,4887.0141518116
1e-07,73,p7,"K_ads,3",13456.523115845617,17197.0,-0.21750752364682113,0.5774041586313525,4887.0141518116
1e-07,73,p8,"K_ads,4",13311.595863326318,124119.0,-0.8927513445699182,0.5774041586313525,4887.0141518116
1e-07,73,p9,Inhibition / adsorption,13291.541529620335,98084.0,-0.8644881781980718,0.5774041586313525,4887.0141518116
1e-05,74,p1,A1,0.21216918264201817,15672.02,-0.9999864619122077,0.5772798557208757,5685.373263835907
1e-05,74,p2,E1,0.33792681862156243,3453.38,-0.9999021460659928,0.5772798557208757,5685.373263835907
1e-05,74,p3,"K_ads,1",3.0840931060874275,30.836,-0.8999840087531643,0.5772798557208757,5685.373263835907
1e-05,74,p4,"K_ads,2",0.4217111693634147,558.532,-0.9992449650702853,0.5772798557208757,5685.373263835907
1e-05,74,p5,A2,0.5010788352131315,0.7439,-0.32641640648859865,0.5772798557208757,5685.373263835907
1e-05,74,p6,E2,13272.872280876914,40000.0,-0.6681781929780771,0.5772798557208757,5685.373263835907
1e-05,74,p7,"K_ads,3",13455.9195579272,17197.0,-0.21754262034499042,0.5772798557208757,5685.373263835907
1e-05,74,p8,"K_ads,4",13311.849803197965,124119.0,-0.8927492986311687,0.5772798557208757,5685.373263835907
1e-05,74,p9,Inhibition / adsorption,13292.337074273082,98084.0,-0.8644800673476503,0.5772798557208757,5685.373263835907
1e-06,74,p1,A1,0.21218115903666168,15672.02,-0.9999864611480181,0.5772795292667726,5657.388005018234
1e-06,74,p2,E1,0.337926849867016,3453.38,-0.999902146056945,0.5772795292667726,5657.388005018234
1e-06,74,p3,"K_ads,1",3.0835913787835323,30.836,-0.9000002795828405,0.5772795292667726,5657.388005018234
1e-06,74,p4,"K_ads,2",0.4217153916332451,558.532,-0.9992449575107009,0.5772795292667726,5657.388005018234
1e-06,74,p5,A2,0.5010752741303617,0.7439,-0.32642119353359095,0.5772795292667726,5657.388005018234
1e-06,74,p6,E2,13272.883056895062,40000.0,-0.6681779235776235,0.5772795292667726,5657.388005018234
1e-06,74,p7,"K_ads,3",13455.889527963496,17197.0,-0.2175443665776882,0.5772795292667726,5657.388005018234
1e-06,74,p8,"K_ads,4",13311.849917664515,124119.0,-0.8927492977089365,0.5772795292667726,5657.388005018234
1e-06,74,p9,Inhibition / adsorption,13292.333401270318,98084.0,-0.8644801047951723,0.5772795292667726,5657.388005018234
1e-07,74,p1,A1,0.2121761749743145,15672.02,-0.9999864614660411,0.577279637105516,5690.783693313599
1e-07,74,p2,E1,0.3379268322135791,3453.38,-0.999902146062057,0.577279637105516,5690.783693313599
1e-07,74,p3,"K_ads,1",3.0838506820798095,30.836,-0.8999918704734787,0.577279637105516,5690.783693313599
1e-07,74,p4,"K_ads,2",0.4217141279836065,558.532,-0.9992449597731489,0.577279637105516,5690.783693313599
1e-07,74,p5,A2,0.5010763780068582,0.7439,-0.326419709629173,0.577279637105516,5690.783693313599
1e-07,74,p6,E2,13272.882807328864,40000.0,-0.6681779298167784,0.577279637105516,5690.783693313599
1e-07,74,p7,"K_ads,3",13455.890064909157,17197.0,-0.2175443353544713,0.577279637105516,5690.783693313599
1e-07,74,p8,"K_ads,4",13311.849383144869,124119.0,-0.8927493020154459,0.577279637105516,5690.783693313599
1e-07,74,p9,Inhibition / adsorption,13292.33001516377,98084.0,-0.8644801393176893,0.577279637105516,5690.783693313599
1e-05,75,p1,A1,0.22096655315272123,15672.02,-0.9999859005697317,0.577059374123183,5810.973602056503
1e-05,75,p2,E1,0.337942326647214,3453.38,-0.9999021415753124,0.577059374123183,5810.973602056503
1e-05,75,p3,"K_ads,1",2.771079618083895,30.836,-0.9101349196366618,0.577059374123183,5810.973602056503
1e-05,75,p4,"K_ads,2",0.42287864256100494,558.532,-0.9992428748172691,0.577059374123183,5810.973602056503
1e-05,75,p5,A2,0.48847500952768297,0.7439,-0.343359309681835,0.577059374123183,5810.973602056503
1e-05,75,p6,E2,13271.74548976576,40000.0,-0.668206362755856,0.577059374123183,5810.973602056503
1e-05,75,p7,"K_ads,3",13457.605550438933,17197.0,-0.21744458042455467,0.577059374123183,5810.973602056503
1e-05,75,p8,"K_ads,4",13312.351312320254,124119.0,-0.8927452580803885,0.577059374123183,5810.973602056503
1e-05,75,p9,Inhibition / adsorption,13293.739210465506,98084.0,-0.8644657720885618,0.577059374123183,5810.973602056503
1e-06,75,p1,A1,0.22101108420719331,15672.02,-0.9999858977282949,0.5770582325170633,5775.363543748856
1e-06,75,p2,E1,0.3379423566117897,3453.38,-0.9999021415666357,0.5770582325170633,5775.363543748856
1e-06,75,p3,"K_ads,1",2.7697219232907493,30.836,-0.9101789491733445,0.5770582325170633,5775.363543748856
1e-06,75,p4,"K_ads,2",0.42288138484505344,558.532,-0.9992428699074627,0.5770582325170633,5775.363543748856
1e-06,75,p5,A2,0.48840633913560555,0.7439,-0.3434516210033532,0.5770582325170633,5775.363543748856
1e-06,75,p6,E2,13271.741342423853,40000.0,-0.6682064664394036,0.5770582325170633,5775.363543748856
1e-06,75,p7,"K_ads,3",13457.623485850772,17197.0,-0.21744353748614453,0.5770582325170633,5775.363543748856
1e-06,75,p8,"K_ads,4",13312.352325402448,124119.0,-0.8927452499182039,0.5770582325170633,5775.363543748856
1e-06,75,p9,Inhibition / adsorption,13293.756917978411,98084.0,-0.8644655915543983,0.5770582325170633,5775.363543748856
1e-07,75,p1,A1,0.22102192791129177,15672.02,-0.9999858970363801,0.5770579922434219,5722.579123735428
1e-07,75,p2,E1,0.3379423646524919,3453.38,-0.9999021415643073,0.5770579922434219,5722.579123735428
1e-07,75,p3,"K_ads,1",2.7693667968983418,30.836,-0.9101904657900395,0.5770579922434219,5722.579123735428
1e-07,75,p4,"K_ads,2",0.42288197126005345,558.532,-0.9992428688575408,0.5770579922434219,5722.579123735428
1e-07,75,p5,A2,0.4883942732720511,0.7439,-0.34346784074196657,0.5770579922434219,5722.579123735428
1e-07,75,p6,E2,13271.737349529501,40000.0,-0.6682065662617624,0.5770579922434219,5722.579123735428
1e-07,75,p7,"K_ads,3",13457.632249093276,17197.0,-0.21744302790642112,0.5770579922434219,5722.579123735428
1e-07,75,p8,"K_ads,4",13312.352794057902,124119.0,-0.892745246142348,0.5770579922434219,5722.579123735428
1e-07,75,p9,Inhibition / adsorption,13293.757368535187,98084.0,-0.8644655869608174,0.5770579922434219,5722.579123735428
1e-05,76,p1,A1,0.2260457978728312,15672.02,-0.9999855764733663,0.576950934034679,4907.9618599414825
1e-05,76,p2,E1,0.33794430067183767,3453.38,-0.9999021410036915,0.576950934034679,4907.9618599414825
1e-05,76,p3,"K_ads,1",2.6100773387193605,30.836,-0.9153561636165728,0.576950934034679,4907.9618599414825
1e-05,76,p4,"K_ads,2",0.4230544254289282,558.532,-0.9992425600942668,0.576950934034679,4907.9618599414825
1e-05,76,p5,A2,0.4847821500501252,0.7439,-0.3483234977145783,0.576950934034679,4907.9618599414825
1e-05,76,p6,E2,13270.65861656119,40000.0,-0.6682335345859703,0.576950934034679,4907.9618599414825
1e-05,76,p7,"K_ads,3",13460.350265732492,17197.0,-0.21728497611603817,0.576950934034679,4907.9618599414825
1e-05,76,p8,"K_ads,4",13312.458809603173,124119.0,-0.8927443919979763,0.576950934034679,4907.9618599414825
1e-05,76,p9,Inhibition / adsorption,13293.907056673435,98084.0,-0.8644640608389398,0.576950934034679,4907.9618599414825
1e-06,76,p1,A1,0.22595498461605404,15672.02,-0.9999855822679772,0.576952780402802,5130.5375990867615
1e-06,76,p2,E1,0.3379442397062589,3453.38,-0.9999021410213453,0.576952780402802,5130.5375990867615
1e-06,76,p3,"K_ads,1",2.613004688883903,30.836,-0.9152612307405661,0.576952780402802,5130.5375990867615
1e-06,76,p4,"K_ads,2",0.42304845628771565,558.532,-0.9992425707814634,0.576952780402802,5130.5375990867615
1e-06,76,p5,A2,0.48483204860801954,0.7439,-0.3482564207446975,0.576952780402802,5130.5375990867615
1e-06,76,p6,E2,13270.672136154622,40000.0,-0.6682331965961344,0.576952780402802,5130.5375990867615
1e-06,76,p7,"K_ads,3",13460.315531411885,17197.0,-0.21728699590557163,0.576952780402802,5130.5375990867615
1e-06,76,p8,"K_ads,4",13312.45597444857,124119.0,-0.8927444148402052,0.576952780402802,5130.5375990867615
1e-06,76,p9,Inhibition / adsorption,13293.89202711411,98084.0,-0.8644642140704487,0.576952780402802,5130.5375990867615
1e-07,76,p1,A1,0.2259530026103109,15672.02,-0.999985582394445,0.5769528494729511,5906.751887559891
1e-07,76,p2,E1,0.33794424162223374,3453.38,-0.9999021410207906,0.5769528494729511,5906.751887559891
1e-07,76,p3,"K_ads,1",2.6130229632781083,30.836,-0.9152606381087655,0.5769528494729511,5906.751887559891
1e-07,76,p4,"K_ads,2",0.42304842978760304,558.532,-0.9992425708289093,0.5769528494729511,5906.751887559891
1e-07,76,p5,A2,0.4848397595790168,0.7439,-0.34824605514314183,0.5769528494729511,5906.751887559891
1e-07,76,p6,E2,13270.672684330813,40000.0,-0.6682331828917296,0.5769528494729511,5906.751887559891
1e-07,76,p7,"K_ads,3",13460.314924388322,17197.0,-0.21728703120379592,0.5769528494729511,5906.751887559891
1e-07,76,p8,"K_ads,4",13312.45600782107,124119.0,-0.8927444145713301,0.5769528494729511,5906.751887559891
1e-07,76,p9,Inhibition / adsorption,13293.893198682148,98084.0,-0.864464202125911,0.5769528494729511,5906.751887559891
1e-05,77,p1,A1,0.23358017474376686,15672.02,-0.9999850957199683,0.5767939705625885,5958.383997917175
1e-05,77,p2,E1,0.3379513867559075,3453.38,-0.9999021389517644,0.5767939705625885,5958.383997917175
1e-05,77,p3,"K_ads,1",2.3952766861934767,30.836,-0.9223220688093956,0.5767939705625885,5958.383997917175
1e-05,77,p4,"K_ads,2",0.42364879228968877,558.532,-0.9992414959352559,0.5767939705625885,5958.383997917175
1e-05,77,p5,A2,0.4775212585777486,0.7439,-0.35808407235146045,0.5767939705625885,5958.383997917175
1e-05,77,p6,E2,13268.8224908801,40000.0,-0.6682794377279976,0.5767939705625885,5958.383997917175
1e-05,77,p7,"K_ads,3",13464.548117434531,17197.0,-0.21704087239434022,0.5767939705625885,5958.383997917175
1e-05,77,p8,"K_ads,4",13312.772755067801,124119.0,-0.8927418626071125,0.5767939705625885,5958.383997917175
1e-05,77,p9,Inhibition / adsorption,13294.722142801798,98084.0,-0.8644557507564762,0.5767939705625885,5958.383997917175
1e-06,77,p1,A1,0.2337101176200023,15672.02,-0.9999850874285753,0.5767914115374763,5876.130580663681
1e-06,77,p2,E1,0.33795156346429645,3453.38,-0.9999021389005948,0.5767914115374763,5876.130580663681
1e-06,77,p3,"K_ads,1",2.3917487260507246,30.836,-0.9224364792433932,0.5767914115374763,5876.130580663681
1e-06,77,p4,"K_ads,2",0.4236621581155139,558.532,-0.9992414720049783,0.5767914115374763,5876.130580663681
1e-06,77,p5,A2,0.4773935349702795,0.7439,-0.3582557669441061,0.5767914115374763,5876.130580663681
1e-06,77,p6,E2,13268.781161821176,40000.0,-0.6682804709544705,0.5767914115374763,5876.130580663681
1e-06,77,p7,"K_ads,3",13464.635861917774,17197.0,-0.2170357700809575,0.5767914115374763,5876.130580663681
1e-06,77,p8,"K_ads,4",13312.77943320705,124119.0,-0.8927418088027856,0.5767914115374763,5876.130580663681
1e-06,77,p9,Inhibition / adsorption,13294.72874777068,98084.0,-0.8644556834165543,0.5767914115374763,5876.130580663681
1e-07,77,p1,A1,0.23369118043978404,15672.02,-0.9999850886369186,0.5767917685105354,5029.7029819488525
1e-07,77,p2,E1,0.33795156112324287,3453.38,-0.9999021389012727,0.5767917685105354,5029.7029819488525
1e-07,77,p3,"K_ads,1",2.3922593581935923,30.836,-0.9224199196331044,0.5767917685105354,5029.7029819488525
1e-07,77,p4,"K_ads,2",0.423661650504357,558.532,-0.9992414729138093,0.5767917685105354,5029.7029819488525
1e-07,77,p5,A2,0.4774047838131706,0.7439,-0.3582406454991658,0.5767917685105354,5029.7029819488525
1e-07,77,p6,E2,13268.787882595427,40000.0,-0.6682803029351144,0.5767917685105354,5029.7029819488525
1e-07,77,p7,"K_ads,3",13464.61893581331,17197.0,-0.21703675432846947,0.5767917685105354,5029.7029819488525
1e-07,77,p8,"K_ads,4",13312.77884805371,124119.0,-0.8927418135172398,0.5767917685105354,5029.7029819488525
1e-07,77,p9,Inhibition / adsorption,13294.72755655971,98084.0,-0.8644556955613586,0.5767917685105354,5029.7029819488525
1e-05,78,p1,A1,0.2361334476782828,15672.02,-0.9999849328007698,0.5767414520226138,5967.252126216888
1e-05,78,p2,E1,0.3379513529900566,3453.38,-0.999902138961542,0.5767414520226138,5967.252126216888
1e-05,78,p3,"K_ads,1",2.337352783692824,30.836,-0.924200519402879,0.5767414520226138,5967.252126216888
1e-05,78,p4,"K_ads,2",0.4236715267294932,558.532,-0.9992414552313393,0.5767414520226138,5967.252126216888
1e-05,78,p5,A2,0.4742329926732748,0.7439,-0.3625043787158559,0.5767414520226138,5967.252126216888
1e-05,78,p6,E2,13267.921523257153,40000.0,-0.6683019619185712,0.5767414520226138,5967.252126216888
1e-05,78,p7,"K_ads,3",13466.432701448299,17197.0,-0.21693128444215276,0.5767414520226138,5967.252126216888
1e-05,78,p8,"K_ads,4",13312.808672494566,124119.0,-0.8927415732281555,0.5767414520226138,5967.252126216888
1e-05,78,p9,Inhibition / adsorption,13294.139848841776,98084.0,-0.8644616874429899,0.5767414520226138,5967.252126216888
1e-06,78,p1,A1,0.2363499313051962,15672.02,-0.9999849189873861,0.5767373044519327,5978.624483823776
1e-06,78,p2,E1,0.33795152845465715,3453.38,-0.9999021389107325,0.5767373044519327,5978.624483823776
1e-06,78,p3,"K_ads,1",2.3317253574177967,30.836,-0.9243830147419316,0.5767373044519327,5978.624483823776
1e-06,78,p4,"K_ads,2",0.42368858623577577,558.532,-0.9992414246878678,0.5767373044519327,5978.624483823776
1e-06,78,p5,A2,0.47403653700584414,0.7439,-0.36276846752810304,0.5767373044519327,5978.624483823776
1e-06,78,p6,E2,13267.848539115044,40000.0,-0.6683037865221239,0.5767373044519327,5978.624483823776
1e-06,78,p7,"K_ads,3",13466.599725442326,17197.0,-0.2169215720508039,0.5767373044519327,5978.624483823776
1e-06,78,p8,"K_ads,4",13312.81902363283,124119.0,-0.8927414898312682,0.5767373044519327,5978.624483823776
1e-06,78,p9,Inhibition / adsorption,13294.16047457576,98084.0,-0.8644614771565621,0.5767373044519327,5978.624483823776
1e-07,78,p1,A1,0.2363630074137324,15672.02,-0.9999849181530259,0.5767371123279565,5982.086635828018
1e-07,78,p2,E1,0.33795153389170357,3453.38,-0.9999021389091581,0.5767371123279565,5982.086635828018
1e-07,78,p3,"K_ads,1",2.3313204692949485,30.836,-0.9243961451130189,0.5767371123279565,5982.086635828018
1e-07,78,p4,"K_ads,2",0.42368936687909525,558.532,-0.999241423290198,0.5767371123279565,5982.086635828018
1e-07,78,p5,A2,0.4740415478472412,0.7439,-0.36276173162086145,0.5767371123279565,5982.086635828018
1e-07,78,p6,E2,13267.844573960765,40000.0,-0.6683038856509809,0.5767371123279565,5982.086635828018
1e-07,78,p7,"K_ads,3",13466.610185018591,17197.0,-0.21692096382981965,0.5767371123279565,5982.086635828018
1e-07,78,p8,"K_ads,4",13312.819510447554,124119.0,-0.892741485909107,0.5767371123279565,5982.086635828018
1e-07,78,p9,Inhibition / adsorption,13294.162481462166,98084.0,-0.8644614566956674,0.5767371123279565,5982.086635828018
1e-05,79,p1,A1,12907.334496702275,15672.02,-0.17640900811112578,0.3342680185020064,6125.2201364040375
1e-05,79,p2,E1,2.524036614175989,3453.38,-0.9992691112434264,0.3342680185020064,6125.2201364040375
1e-05,79,p3,"K_ads,1",47.24146356513763,30.836,0.5320230757925033,0.3342680185020064,6125.2201364040375
1e-05,79,p4,"K_ads,2",325.48799891860546,558.532,-0.4172437766885238,0.3342680185020064,6125.2201364040375
1e-05,79,p5,A2,0.8912943569244205,0.7439,0.19813732615192967,0.3342680185020064,6125.2201364040375
1e-05,79,p6,E2,20873.36703109402,40000.0,-0.47816582422264947,0.3342680185020064,6125.2201364040375
1e-05,79,p7,"K_ads,3",46647.77384292239,17197.0,1.7125529942968187,0.3342680185020064,6125.2201364040375
1e-05,79,p8,"K_ads,4",21943.318945680785,124119.0,-0.823207414290473,0.3342680185020064,6125.2201364040375
1e-05,79,p9,Inhibition / adsorption,78902.98351146864,98084.0,-0.1955570377281856,0.3342680185020064,6125.2201364040375
1e-06,79,p1,A1,82.95828760556356,15672.02,-0.9947065989192483,0.458180508679542,6106.124246120453
1e-06,79,p2,E1,0.3849403242883807,3453.38,-0.9998885323004453,0.458180508679542,6106.124246120453
1e-06,79,p3,"K_ads,1",7.568621771987852,30.836,-0.7545524136727251,0.458180508679542,6106.124246120453
1e-06,79,p4,"K_ads,2",72.80029526026404,558.532,-0.8696577899560562,0.458180508679542,6106.124246120453
1e-06,79,p5,A2,0.15292925089837348,0.7439,-0.7944223001769412,0.458180508679542,6106.124246120453
1e-06,79,p6,E2,10715.354132844308,40000.0,-0.7321161466788922,0.458180508679542,6106.124246120453
1e-06,79,p7,"K_ads,3",54522.13166269848,17197.0,2.1704443602197174,0.458180508679542,6106.124246120453
1e-06,79,p8,"K_ads,4",13856.61947461589,124119.0,-0.8883602069415972,0.458180508679542,6106.124246120453
1e-06,79,p9,Inhibition / adsorption,87956.81992587532,98084.0,-0.10325007212312594,0.458180508679542,6106.124246120453
1e-07,79,p1,A1,704.7604785151804,15672.02,-0.9550306547263735,0.32424974159901404,6029.460893392563
1e-07,79,p2,E1,4.42357496154125,3453.38,-0.998719059309563,0.32424974159901404,6029.460893392563
1e-07,79,p3,"K_ads,1",18.768235746785717,30.836,-0.3913531019981282,0.32424974159901404,6029.460893392563
1e-07,79,p4,"K_ads,2",80.9837662299773,558.532,-0.855006040423866,0.32424974159901404,6029.460893392563
1e-07,79,p5,A2,0.3276493314543638,0.7439,-0.5595519136249982,0.32424974159901404,6029.460893392563
1e-07,79,p6,E2,28195.243487411106,40000.0,-0.29511891281472236,0.32424974159901404,6029.460893392563
1e-07,79,p7,"K_ads,3",45654.85607002048,17197.0,1.6548151462476295,0.32424974159901404,6029.460893392563
1e-07,79,p8,"K_ads,4",23050.342680533897,124119.0,-0.8142883629377138,0.32424974159901404,6029.460893392563
1e-07,79,p9,Inhibition / adsorption,83258.4796901371,98084.0,-0.15115126126445597,0.32424974159901404,6029.460893392563
1e-05,80,p1,A1,2064.690071794202,15672.02,-0.8682562891194496,0.10644078280413362,5299.7131814956665
1e-05,80,p2,E1,1469.9015345792413,3453.38,-0.5743585893880079,0.10644078280413362,5299.7131814956665
1e-05,80,p3,"K_ads,1",16.519909044827614,30.836,-0.4642654999083015,0.10644078280413362,5299.7131814956665
1e-05,80,p4,"K_ads,2",282.9653451815665,558.532,-0.49337666385889,0.10644078280413362,5299.7131814956665
1e-05,80,p5,A2,0.4076704347556323,0.7439,-0.45198220895868757,0.10644078280413362,5299.7131814956665
1e-05,80,p6,E2,63320.63075104763,40000.0,0.5830157687761908,0.10644078280413362,5299.7131814956665
1e-05,80,p7,"K_ads,3",28743.421161611433,17197.0,0.6714206641630187,0.10644078280413362,5299.7131814956665
1e-05,80,p8,"K_ads,4",129108.36341686486,124119.0,0.040198224420635496,0.10644078280413362,5299.7131814956665
1e-05,80,p9,Inhibition / adsorption,83341.0499142226,98084.0,-0.15030942952752127,0.10644078280413362,5299.7131814956665
1e-06,80,p1,A1,531.2766686513836,15672.02,-0.966100306874839,0.10461828546388408,5555.94631934166
1e-06,80,p2,E1,1151.8077346176533,3453.38,-0.6664694488826445,0.10461828546388408,5555.94631934166
1e-06,80,p3,"K_ads,1",9.80989623914311,30.836,-0.6818687171117165,0.10461828546388408,5555.94631934166
1e-06,80,p4,"K_ads,2",178.53325716966492,558.532,-0.6803526795784934,0.10461828546388408,5555.94631934166
1e-06,80,p5,A2,0.24640109014935588,0.7439,-0.6687712190491251,0.10461828546388408,5555.94631934166
1e-06,80,p6,E2,46658.96038109478,40000.0,0.16647400952736952,0.10461828546388408,5555.94631934166
1e-06,80,p7,"K_ads,3",21075.175546366096,17197.0,0.22551465641484536,0.10461828546388408,5555.94631934166
1e-06,80,p8,"K_ads,4",125979.96928223656,124119.0,0.014993427937999512,0.10461828546388408,5555.94631934166
1e-06,80,p9,Inhibition / adsorption,92831.88787918312,98084.0,-0.05354708332466944,0.10461828546388408,5555.94631934166
1e-07,80,p1,A1,1849.6257256274068,15672.02,-0.8819791114593136,0.11759808854514836,6431.037073612213
1e-07,80,p2,E1,1191.4998595003683,3453.38,-0.6549757456461878,0.11759808854514836,6431.037073612213
1e-07,80,p3,"K_ads,1",15.552433357042025,30.836,-0.49564037627960744,0.11759808854514836,6431.037073612213
1e-07,80,p4,"K_ads,2",290.5895135295831,558.532,-0.47972629405372824,0.11759808854514836,6431.037073612213
1e-07,80,p5,A2,0.3807717243101154,0.7439,-0.4881412497511555,0.11759808854514836,6431.037073612213
1e-07,80,p6,E2,71091.93049049482,40000.0,0.7772982622623705,0.11759808854514836,6431.037073612213
1e-07,80,p7,"K_ads,3",28859.88042660138,17197.0,0.6781927328372029,0.11759808854514836,6431.037073612213
1e-07,80,p8,"K_ads,4",128077.87230568321,124119.0,0.031895779902216495,0.11759808854514836,6431.037073612213
1e-07,80,p9,Inhibition / adsorption,84206.27691064586,98084.0,-0.1414881437273576,0.11759808854514836,6431.037073612213
1e-05,81,p1,A1,2949.423216924312,15672.02,-0.8118032508301858,0.050058326154751163,6679.54604434967
1e-05,81,p2,E1,1945.8152213100593,3453.38,-0.43654760805064624,0.050058326154751163,6679.54604434967
1e-05,81,p3,"K_ads,1",17.598083603477544,30.836,-0.429300700367183,0.050058326154751163,6679.54604434967
1e-05,81,p4,"K_ads,2",321.323631506916,558.532,-0.4246996922165319,0.050058326154751163,6679.54604434967
1e-05,81,p5,A2,0.4251188760821346,0.7439,-0.4285268502727052,0.050058326154751163,6679.54604434967
1e-05,81,p6,E2,41916.00950686694,40000.0,0.04790023767167349,0.050058326154751163,6679.54604434967
1e-05,81,p7,"K_ads,3",17962.826770424876,17197.0,0.04453257954439004,0.050058326154751163,6679.54604434967
1e-05,81,p8,"K_ads,4",124547.2561335445,124119.0,0.0034503672567818477,0.050058326154751163,6679.54604434967
1e-05,81,p9,Inhibition / adsorption,97530.7760424753,98084.0,-0.005640307874114974,0.050058326154751163,6679.54604434967
1e-06,81,p1,A1,249.4533174008101,15672.02,-0.9840828867369484,0.12378894765398896,6601.431218385696
1e-06,81,p2,E1,828.8654772394422,3453.38,-0.7599842828650649,0.12378894765398896,6601.431218385696
1e-06,81,p3,"K_ads,1",7.577999903974756,30.836,-0.7542482843437943,0.12378894765398896,6601.431218385696
1e-06,81,p4,"K_ads,2",142.78308629898777,558.532,-0.744360061197948,0.12378894765398896,6601.431218385696
1e-06,81,p5,A2,0.18688326709029765,0.7439,-0.7487790467935238,0.12378894765398896,6601.431218385696
1e-06,81,p6,E2,44607.609430417906,40000.0,0.11519023576044765,0.12378894765398896,6601.431218385696
1e-06,81,p7,"K_ads,3",18747.553463649023,17197.0,0.09016418349997225,0.12378894765398896,6601.431218385696
1e-06,81,p8,"K_ads,4",124931.64379911222,124119.0,0.00654729573322555,0.12378894765398896,6601.431218385696
1e-06,81,p9,Inhibition / adsorption,96690.42904103939,98084.0,-0.014207933597330984,0.12378894765398896,6601.431218385696
1e-07,81,p1,A1,3407.3075898483376,15672.02,-0.7825865721299273,0.04699503726587612,5758.282315254211
1e-07,81,p2,E1,2027.9663863830147,3453.38,-0.412758982103616,0.04699503726587612,5758.282315254211
1e-07,81,p3,"K_ads,1",18.483380704324254,30.836,-0.40059084497586406,0.04699503726587612,5758.282315254211
1e-07,81,p4,"K_ads,2",337.4637747583672,558.532,-0.3958022552720933,0.04699503726587612,5758.282315254211
1e-07,81,p5,A2,0.4470679566295901,0.7439,-0.3990214321419679,0.04699503726587612,5758.282315254211
1e-07,81,p6,E2,43256.44692671397,40000.0,0.08141117316784931,0.04699503726587612,5758.282315254211
1e-07,81,p7,"K_ads,3",18399.896007720246,17197.0,0.0699480146374511,0.04699503726587612,5758.282315254211
1e-07,81,p8,"K_ads,4",124875.34120607493,124119.0,0.006093677890370734,0.04699503726587612,5758.282315254211
1e-07,81,p9,Inhibition / adsorption,97070.8403108286,98084.0,-0.010329510309239018,0.04699503726587612,5758.282315254211
1e-05,82,p1,A1,1861.1270459775026,15672.02,-0.881245235395469,0.06341873087524148,6695.311733722687
1e-05,82,p2,E1,1646.5671531427822,3453.38,-0.5232012830494234,0.06341873087524148,6695.311733722687
1e-05,82,p3,"K_ads,1",15.030982893735866,30.836,-0.5125508206727245,0.06341873087524148,6695.311733722687
1e-05,82,p4,"K_ads,2",277.35443035502425,558.532,-0.5034224890337093,0.06341873087524148,6695.311733722687
1e-05,82,p5,A2,0.36493447237320986,0.7439,-0.5094307401892595,0.06341873087524148,6695.311733722687
1e-05,82,p6,E2,41811.99514883966,40000.0,0.045299878720991546,0.06341873087524148,6695.311733722687
1e-05,82,p7,"K_ads,3",17594.012953613328,17197.0,0.023086175124343092,0.06341873087524148,6695.311733722687
1e-05,82,p8,"K_ads,4",124382.11521268597,124119.0,0.002119862492333704,0.06341873087524148,6695.311733722687
1e-05,82,p9,Inhibition / adsorption,97544.8980351607,98084.0,-0.005496329318128314,0.06341873087524148,6695.311733722687
1e-06,82,p1,A1,3521.357415333117,15672.02,-0.7753092827004358,0.045148105650564506,6678.807696819305
1e-06,82,p2,E1,2055.996528818389,3453.38,-0.4046422551765549,0.045148105650564506,6678.807696819305
1e-06,82,p3,"K_ads,1",18.695665518019382,30.836,-0.3937065274996957,0.045148105650564506,6678.807696819305
1e-06,82,p4,"K_ads,2",340.710247486861,558.532,-0.38998974546335574,0.045148105650564506,6678.807696819305
1e-06,82,p5,A2,0.4519955776626999,0.7439,-0.39239739526455186,0.045148105650564506,6678.807696819305
1e-06,82,p6,E2,42282.50462082125,40000.0,0.05706261552053129,0.045148105650564506,6678.807696819305
1e-06,82,p7,"K_ads,3",18042.13427537627,17197.0,0.049144285362346295,0.045148105650564506,6678.807696819305
1e-06,82,p8,"K_ads,4",124609.34563317981,124119.0,0.0039506089573700075,0.045148105650564506,6678.807696819305
1e-06,82,p9,Inhibition / adsorption,97294.59666472368,98084.0,-0.008048237584889704,0.045148105650564506,6678.807696819305
1e-07,82,p1,A1,710.7143684090091,15672.02,-0.954650749015825,0.0975214172706526,6612.94346165657
1e-07,82,p2,E1,1165.2462179447332,3453.38,-0.6625780487682407,0.0975214172706526,6612.94346165657
1e-07,82,p3,"K_ads,1",10.8798652550807,30.836,-0.6471700202659002,0.0975214172706526,6612.94346165657
1e-07,82,p4,"K_ads,2",202.1234189283434,558.532,-0.6381166720468238,0.0975214172706526,6612.94346165657
1e-07,82,p5,A2,0.26850864642313166,0.7439,-0.6390527672763386,0.0975214172706526,6612.94346165657
1e-07,82,p6,E2,48499.83968361386,40000.0,0.21249599209034659,0.0975214172706526,6612.94346165657
1e-07,82,p7,"K_ads,3",20698.968602078785,17197.0,0.20363834401807204,0.0975214172706526,6612.94346165657
1e-07,82,p8,"K_ads,4",125920.13672304561,124119.0,0.014511369919557916,0.0975214172706526,6612.94346165657
1e-07,82,p9,Inhibition / adsorption,94046.3992869454,98084.0,-0.041164723227586617,0.0975214172706526,6612.94346165657
1e-05,83,p1,A1,1279.7210633944387,15672.02,-0.9183435789774108,0.08454279787882812,6875.178198099136
1e-05,83,p2,E1,1421.0464930476164,3453.38,-0.5885056110107731,0.08454279787882812,6875.178198099136
1e-05,83,p3,"K_ads,1",13.346733524345414,30.836,-0.5671704006892783,0.08454279787882812,6875.178198099136
1e-05,83,p4,"K_ads,2",243.61215487134623,558.532,-0.563834919268106,0.08454279787882812,6875.178198099136
1e-05,83,p5,A2,0.32292169815362304,0.7439,-0.5659071136528794,0.08454279787882812,6875.178198099136
1e-05,83,p6,E2,50612.82821946654,40000.0,0.2653207054866634,0.08454279787882812,6875.178198099136
1e-05,83,p7,"K_ads,3",21486.72942793709,17197.0,0.2494463818071228,0.08454279787882812,6875.178198099136
1e-05,83,p8,"K_ads,4",127175.97894504687,124119.0,0.0246294197104945,0.08454279787882812,6875.178198099136
1e-05,83,p9,Inhibition / adsorption,94662.21111475195,98084.0,-0.03488631056286503,0.08454279787882812,6875.178198099136
1e-06,83,p1,A1,739.4471299927669,15672.02,-0.9528173694269937,0.10294082709243518,6872.1822164058685
1e-06,83,p2,E1,1152.5465411913704,3453.38,-0.666255511646164,0.10294082709243518,6872.1822164058685
1e-06,83,p3,"K_ads,1",11.075371730072161,30.836,-0.6408298180674483,0.10294082709243518,6872.1822164058685
1e-06,83,p4,"K_ads,2",204.71169044073417,558.532,-0.6334826107712107,0.10294082709243518,6872.1822164058685
1e-06,83,p5,A2,0.26820849223829557,0.7439,-0.639456254552634,0.10294082709243518,6872.1822164058685
1e-06,83,p6,E2,53299.79886802847,40000.0,0.33249497170071174,0.10294082709243518,6872.1822164058685
1e-06,83,p7,"K_ads,3",22421.19435700367,17197.0,0.3037852158518155,0.10294082709243518,6872.1822164058685
1e-06,83,p8,"K_ads,4",127611.19634166731,124119.0,0.02813587236174405,0.10294082709243518,6872.1822164058685
1e-06,83,p9,Inhibition / adsorption,93826.00527256161,98084.0,-0.04341171574811782,0.10294082709243518,6872.1822164058685
1e-07,83,p1,A1,269.8107825790041,15672.02,-0.9827839179264061,0.12846694308814374,6836.431854486465
1e-07,83,p2,E1,824.725720346216,3453.38,-0.761183037966799,0.12846694308814374,6836.431854486465
1e-07,83,p3,"K_ads,1",7.833295000490181,30.836,-0.7459691594081533,0.12846694308814374,6836.431854486465
1e-07,83,p4,"K_ads,2",146.57232126382146,558.532,-0.7375757856956783,0.12846694308814374,6836.431854486465
1e-07,83,p5,A2,0.19191480679446443,0.7439,-0.7420153155068363,0.12846694308814374,6836.431854486465
1e-07,83,p6,E2,52143.2287682652,40000.0,0.30358071920663005,0.12846694308814374,6836.431854486465
1e-07,83,p7,"K_ads,3",21875.235678654382,17197.0,0.2720378949034356,0.12846694308814374,6836.431854486465
1e-07,83,p8,"K_ads,4",127271.9137805469,124119.0,0.02540234597883408,0.12846694308814374,6836.431854486465
1e-07,83,p9,Inhibition / adsorption,94199.49207423421,98084.0,-0.03960388978595686,0.12846694308814374,6836.431854486465
1e-05,84,p1,A1,1995.8285861035968,15672.02,-0.8726502016904268,0.06484616073534932,5843.190124750137
1e-05,84,p2,E1,1683.5981719867477,3453.38,-0.5124781599514829,0.06484616073534932,5843.190124750137
1e-05,84,p3,"K_ads,1",15.414156666515611,30.836,-0.5001246378740559,0.06484616073534932,5843.190124750137
1e-05,84,p4,"K_ads,2",283.35964612285477,558.532,-0.4926707044128989,0.06484616073534932,5843.190124750137
1e-05,84,p5,A2,0.3722144646789279,0.7439,-0.49964448893812624,0.06484616073534932,5843.190124750137
1e-05,84,p6,E2,45660.95911049686,40000.0,0.14152397776242143,0.06484616073534932,5843.190124750137
1e-05,84,p7,"K_ads,3",19302.090859037227,17197.0,0.12241035407554965,0.06484616073534932,5843.190124750137
1e-05,84,p8,"K_ads,4",125626.19827577745,124119.0,0.012143171277382618,0.06484616073534932,5843.190124750137
1e-05,84,p9,Inhibition / adsorption,96650.64574992281,98084.0,-0.014613537886680674,0.06484616073534932,5843.190124750137
1e-06,84,p1,A1,1485.6523230728578,15672.02,-0.9052035204732474,0.06982351150916039,6087.62469124794
1e-06,84,p2,E1,1567.8046788752133,3453.38,-0.5460086411355792,0.06982351150916039,6087.62469124794
1e-06,84,p3,"K_ads,1",13.90371935737869,30.836,-0.5491075574854491,0.06982351150916039,6087.62469124794
1e-06,84,p4,"K_ads,2",255.96229718026186,558.532,-0.5417231292383214,0.06982351150916039,6087.62469124794
1e-06,84,p5,A2,0.3394727074063784,0.7439,-0.5436581430214028,0.06982351150916039,6087.62469124794
1e-06,84,p6,E2,38718.20350586459,40000.0,-0.03204491235338519,0.06982351150916039,6087.62469124794
1e-06,84,p7,"K_ads,3",16545.036394752457,17197.0,-0.037911473236468186,0.06982351150916039,6087.62469124794
1e-06,84,p8,"K_ads,4",123581.44691408414,124119.0,-0.0043309492174112,0.06982351150916039,6087.62469124794
1e-06,84,p9,Inhibition / adsorption,98448.38339792164,98084.0,0.0037150136405697497,0.06982351150916039,6087.62469124794
1e-07,84,p1,A1,1420.3400847760377,15672.02,-0.9093709627236286,0.0715217472831079,6951.040027618408
1e-07,84,p2,E1,1518.2853673090476,3453.38,-0.56034801634658,0.0715217472831079,6951.040027618408
1e-07,84,p3,"K_ads,1",13.724176579853788,30.836,-0.5549300629182192,0.0715217472831079,6951.040027618408
1e-07,84,p4,"K_ads,2",252.60175333602194,558.532,-0.5477398728523667,0.0715217472831079,6951.040027618408
1e-07,84,p5,A2,0.33374507384373675,0.7439,-0.5513576101038624,0.0715217472831079,6951.040027618408
1e-07,84,p6,E2,42204.677990146934,40000.0,0.05511694975367336,0.0715217472831079,6951.040027618408
1e-07,84,p7,"K_ads,3",17937.57287396831,17197.0,0.043064073615648714,0.0715217472831079,6951.040027618408
1e-07,84,p8,"K_ads,4",124559.12990583808,124119.0,0.0035460316779710017,0.0715217472831079,6951.040027618408
1e-07,84,p9,Inhibition / adsorption,97430.85992059225,98084.0,-0.006658986984704427,0.0715217472831079,6951.040027618408
1e-05,85,p1,A1,4393.8206274393515,15672.02,-0.7196391641001382,0.04044775836741097,7139.558789730072
1e-05,85,p2,E1,2204.6891584937616,3453.38,-0.3615851257336981,0.04044775836741097,7139.558789730072
1e-05,85,p3,"K_ads,1",20.18361729658104,30.836,-0.3454528052736723,0.04044775836741097,7139.558789730072
1e-05,85,p4,"K_ads,2",366.1960071649573,558.532,-0.34435984479858406,0.04044775836741097,7139.558789730072
1e-05,85,p5,A2,0.4862100944242644,0.7439,-0.34640395963938114,0.04044775836741097,7139.558789730072
1e-05,85,p6,E2,43565.87448482036,40000.0,0.08914686212050892,0.04044775836741097,7139.558789730072
1e-05,85,p7,"K_ads,3",18644.670282210274,17197.0,0.0841815597028711,0.04044775836741097,7139.558789730072
1e-05,85,p8,"K_ads,4",124952.69511018743,124119.0,0.0067169016040044575,0.04044775836741097,7139.558789730072
1e-05,85,p9,Inhibition / adsorption,96944.44041259875,98084.0,-0.011618200597459837,0.04044775836741097,7139.558789730072
1e-06,85,p1,A1,1367.379490763443,15672.02,-0.9127502714542577,0.0771709315161787,7004.610411643982
1e-06,85,p2,E1,1464.5228733750396,3453.38,-0.5759160957163592,0.0771709315161787,7004.610411643982
1e-06,85,p3,"K_ads,1",13.608907953497521,30.836,-0.5586681815573511,0.0771709315161787,7004.610411643982
1e-06,85,p4,"K_ads,2",249.67316994277465,558.532,-0.5529832311438295,0.0771709315161787,7004.610411643982
1e-06,85,p5,A2,0.3296373454126052,0.7439,-0.5568794926568017,0.0771709315161787,7004.610411643982
1e-06,85,p6,E2,46937.111600925564,40000.0,0.1734277900231391,0.0771709315161787,7004.610411643982
1e-06,85,p7,"K_ads,3",19907.986543325136,17197.0,0.15764299257574788,0.0771709315161787,7004.610411643982
1e-06,85,p8,"K_ads,4",125900.00344802094,124119.0,0.01434916046713995,0.0771709315161787,7004.610411643982
1e-06,85,p9,Inhibition / adsorption,95881.09340835821,98084.0,-0.02245938778640542,0.0771709315161787,7004.610411643982
1e-07,85,p1,A1,1325.2699125375134,15672.02,-0.9154371987441623,0.07349171383442228,6220.757561445236
1e-07,85,p2,E1,1485.7758188116106,3453.38,-0.5697618510527047,0.07349171383442228,6220.757561445236
1e-07,85,p3,"K_ads,1",13.407282725740789,30.836,-0.5652068126300173,0.07349171383442228,6220.757561445236
1e-07,85,p4,"K_ads,2",246.72600340092185,558.532,-0.5582598608478622,0.07349171383442228,6220.757561445236
1e-07,85,p5,A2,0.3264422454212739,0.7439,-0.5611745591863504,0.07349171383442228,6220.757561445236
1e-07,85,p6,E2,42077.63680198712,40000.0,0.05194092004967806,0.07349171383442228,6220.757561445236
1e-07,85,p7,"K_ads,3",17915.141486030545,17197.0,0.04175969564636535,0.07349171383442228,6220.757561445236
1e-07,85,p8,"K_ads,4",124531.19825272448,124119.0,0.003320992376062356,0.07349171383442228,6220.757561445236
1e-07,85,p9,Inhibition / adsorption,97417.44581884643,98084.0,-0.006795748349920128,0.07349171383442228,6220.757561445236
1e-05,86,p1,A1,1841.5676605482704,15672.02,-0.8824932803462304,0.0887150334345269,6990.040039300919
1e-05,86,p2,E1,1541.6001721342684,3453.38,-0.5535967162217108,0.0887150334345269,6990.040039300919
1e-05,86,p3,"K_ads,1",15.230385735320437,30.836,-0.5060842607562447,0.0887150334345269,6990.040039300919
1e-05,86,p4,"K_ads,2",275.0200372523801,558.532,-0.5076020044466922,0.0887150334345269,6990.040039300919
1e-05,86,p5,A2,0.3610932541787837,0.7439,-0.5145943619051168,0.0887150334345269,6990.040039300919
1e-05,86,p6,E2,57169.38877522806,40000.0,0.4292347193807014,0.0887150334345269,6990.040039300919
1e-05,86,p7,"K_ads,3",24214.24421571341,17197.0,0.4080504864635349,0.0887150334345269,6990.040039300919
1e-05,86,p8,"K_ads,4",128927.62228541094,124119.0,0.038742032125709494,0.0887150334345269,6990.040039300919
1e-05,86,p9,Inhibition / adsorption,93090.20979772214,98084.0,-0.0509134028208256,0.0887150334345269,6990.040039300919
1e-06,86,p1,A1,404.00206151712695,15672.02,-0.9742214429590361,0.1106668448529348,7039.446933031082
1e-06,86,p2,E1,970.0228008472437,3453.38,-0.719109162372156,0.1106668448529348,7039.446933031082
1e-06,86,p3,"K_ads,1",8.973020814439852,30.836,-0.709008275572712,0.1106668448529348,7039.446933031082
1e-06,86,p4,"K_ads,2",167.02348141759822,558.532,-0.7009598708442879,0.1106668448529348,7039.446933031082
1e-06,86,p5,A2,0.2197410191814785,0.7439,-0.7046094647378969,0.1106668448529348,7039.446933031082
1e-06,86,p6,E2,45834.01499272569,40000.0,0.14585037481814234,0.1106668448529348,7039.446933031082
1e-06,86,p7,"K_ads,3",19374.223353991987,17197.0,0.1266048353777977,0.1106668448529348,7039.446933031082
1e-06,86,p8,"K_ads,4",125398.7397786386,124119.0,0.010310587248032929,0.1106668448529348,7039.446933031082
1e-06,86,p9,Inhibition / adsorption,96111.46210350214,98084.0,-0.020110699976528885,0.1106668448529348,7039.446933031082
1e-07,86,p1,A1,1525.520164875016,15672.02,-0.9026596338650017,0.07055165749704588,7039.322924613953
1e-07,86,p2,E1,1546.0474239033335,3453.38,-0.5523089194055292,0.07055165749704588,7039.322924613953
1e-07,86,p3,"K_ads,1",14.100607907334421,30.836,-0.5427225351104417,0.07055165749704588,7039.322924613953
1e-07,86,p4,"K_ads,2",258.12251875394156,558.532,-0.5378554518739453,0.07055165749704588,7039.322924613953
1e-07,86,p5,A2,0.3416029613107396,0.7439,-0.5407945136298702,0.07055165749704588,7039.322924613953
1e-07,86,p6,E2,43753.753450092605,40000.0,0.09384383625231513,0.07055165749704588,7039.322924613953
1e-07,86,p7,"K_ads,3",18620.410526379812,17197.0,0.0827708627306979,0.07055165749704588,7039.322924613953
1e-07,86,p8,"K_ads,4",125180.05954880506,124119.0,0.008548727824145057,0.07055165749704588,7039.322924613953
1e-07,86,p9,Inhibition / adsorption,96864.16624952591,98084.0,-0.012436623205355532,0.07055165749704588,7039.322924613953
1e-05,87,p1,A1,1953.8171447986574,15672.02,-0.8753308670612558,0.06980449248185146,7147.018177747726
1e-05,87,p2,E1,1644.2630982136923,3453.38,-0.5238684714066532,0.06980449248185146,7147.018177747726
1e-05,87,p3,"K_ads,1",15.444094136632636,30.836,-0.4991537768636452,0.06980449248185146,7147.018177747726
1e-05,87,p4,"K_ads,2",279.6448153018154,558.532,-0.4993217661623409,0.06980449248185146,7147.018177747726
1e-05,87,p5,A2,0.3725891864816771,0.7439,-0.4991407628959845,0.06980449248185146,7147.018177747726
1e-05,87,p6,E2,47968.18908860035,40000.0,0.19920472721500881,0.06980449248185146,7147.018177747726
1e-05,87,p7,"K_ads,3",20754.189120786235,17197.0,0.20684939935955315,0.06980449248185146,7147.018177747726
1e-05,87,p8,"K_ads,4",126078.95291401766,124119.0,0.015790917700091524,0.06980449248185146,7147.018177747726
1e-05,87,p9,Inhibition / adsorption,95258.33296028106,98084.0,-0.028808644016546477,0.06980449248185146,7147.018177747726
1e-06,87,p1,A1,1857.6241202277351,15672.02,-0.8814687500253487,0.0823500382907459,7110.958552360535
1e-06,87,p2,E1,1591.8078308368983,3453.38,-0.5390580153829296,0.0823500382907459,7110.958552360535
1e-06,87,p3,"K_ads,1",15.188323606840035,30.836,-0.507448319923465,0.0823500382907459,7110.958552360535
1e-06,87,p4,"K_ads,2",275.5075374785587,558.532,-0.5067291802823138,0.0823500382907459,7110.958552360535
1e-06,87,p5,A2,0.3639124681005461,0.7439,-0.5108045865028282,0.0823500382907459,7110.958552360535
1e-06,87,p6,E2,54228.685995557775,40000.0,0.3557171498889444,0.0823500382907459,7110.958552360535
1e-06,87,p7,"K_ads,3",23056.25315288943,17197.0,0.34071367987959694,0.0823500382907459,7110.958552360535
1e-06,87,p8,"K_ads,4",128156.64789578992,124119.0,0.03253045783312727,0.0823500382907459,7110.958552360535
1e-06,87,p9,Inhibition / adsorption,93836.8842463741,98084.0,-0.04330080088114165,0.0823500382907459,7110.958552360535
1e-07,87,p1,A1,1097.33032778898,15672.02,-0.9299815641002896,0.08761995306180992,7060.329985618591
1e-07,87,p2,E1,1345.5413189698315,3453.38,-0.6103697481974669,0.08761995306180992,7060.329985618591
1e-07,87,p3,"K_ads,1",12.654281629182295,30.836,-0.58962635785503,0.08761995306180992,7060.329985618591
1e-07,87,p4,"K_ads,2",232.53278866619493,558.532,-0.5836715019619378,0.08761995306180992,7060.329985618591
1e-07,87,p5,A2,0.30565352160447734,0.7439,-0.5891201484010252,0.08761995306180992,7060.329985618591
1e-07,87,p6,E2,49932.857628776874,40000.0,0.24832144071942183,0.08761995306180992,7060.329985618591
1e-07,87,p7,"K_ads,3",21255.51249493385,17197.0,0.236001191773789,0.08761995306180992,7060.329985618591
1e-07,87,p8,"K_ads,4",126785.60016730112,124119.0,0.02148422213602365,0.08761995306180992,7060.329985618591
1e-07,87,p9,Inhibition / adsorption,95054.66953744568,98084.0,-0.030885062421539947,0.08761995306180992,7060.329985618591
1e-05,88,p1,A1,358.7178304681376,15672.02,-0.9771109384451948,0.11389605255781698,6146.396091222763
1e-05,88,p2,E1,936.1843300739882,3453.38,-0.7289078149308827,0.11389605255781698,6146.396091222763
1e-05,88,p3,"K_ads,1",8.612961872188826,30.836,-0.7206848530228036,0.11389605255781698,6146.396091222763
1e-05,88,p4,"K_ads,2",160.37078579154047,558.532,-0.7128709083964027,0.11389605255781698,6146.396091222763
1e-05,88,p5,A2,0.21092718982113684,0.7439,-0.7164576020686424,0.11389605255781698,6146.396091222763
1e-05,88,p6,E2,45544.850761183945,40000.0,0.13862126902959862,0.11389605255781698,6146.396091222763
1e-05,88,p7,"K_ads,3",19285.54717933186,17197.0,0.12144834443983608,0.11389605255781698,6146.396091222763
1e-05,88,p8,"K_ads,4",125447.47804981653,124119.0,0.01070326098193294,0.11389605255781698,6146.396091222763
1e-05,88,p9,Inhibition / adsorption,96352.62929822523,98084.0,-0.017651917762068897,0.11389605255781698,6146.396091222763
1e-06,88,p1,A1,1367.8527553437143,15672.02,-0.9127200733955346,0.07754263447843009,6425.4545731544495
1e-06,88,p2,E1,1459.069222866684,3453.38,-0.5774953168007332,0.07754263447843009,6425.4545731544495
1e-06,88,p3,"K_ads,1",13.62422495506508,30.836,-0.5581714568989142,0.07754263447843009,6425.4545731544495
1e-06,88,p4,"K_ads,2",249.74641282512835,558.532,-0.5528520965224404,0.07754263447843009,6425.4545731544495
1e-06,88,p5,A2,0.3293026817962461,0.7439,-0.5573293698128161,0.07754263447843009,6425.4545731544495
1e-06,88,p6,E2,47114.46364763954,40000.0,0.17786159119098846,0.07754263447843009,6425.4545731544495
1e-06,88,p7,"K_ads,3",20058.00192693653,17197.0,0.1663663387181793,0.07754263447843009,6425.4545731544495
1e-06,88,p8,"K_ads,4",125869.39632437089,124119.0,0.014102565476445072,0.07754263447843009,6425.4545731544495
1e-06,88,p9,Inhibition / adsorption,95752.32787804595,98084.0,-0.023772196504568008,0.07754263447843009,6425.4545731544495
1e-07,88,p1,A1,1891.5582548277098,15672.02,-0.8793034813107877,0.07000309012998662,7305.129012584686
1e-07,88,p2,E1,1634.0796499858566,3453.38,-0.5268173065269803,0.07000309012998662,7305.129012584686
1e-07,88,p3,"K_ads,1",15.20759512862529,30.836,-0.506823351646605,0.07000309012998662,7305.129012584686
1e-07,88,p4,"K_ads,2",277.68255666641704,558.532,-0.5028350091553984,0.07000309012998662,7305.129012584686
1e-07,88,p5,A2,0.36730187749628884,0.7439,-0.5062483163109439,0.07000309012998662,7305.129012584686
1e-07,88,p6,E2,47967.496290575975,40000.0,0.19918740726439937,0.07000309012998662,7305.129012584686
1e-07,88,p7,"K_ads,3",20425.601972905082,17197.0,0.18774216275542724,0.07000309012998662,7305.129012584686
1e-07,88,p8,"K_ads,4",126221.72608594535,124119.0,0.016941210338025224,0.07000309012998662,7305.129012584686
1e-07,88,p9,Inhibition / adsorption,95531.23625977519,98084.0,-0.026026301335842824,0.07000309012998662,7305.129012584686
1e-05,89,p1,A1,1416.535678104008,15672.02,-0.9096137142433453,0.07121749388675368,7360.982319116592
1e-05,89,p2,E1,1533.382234651041,3453.38,-0.5559763956902973,0.07121749388675368,7360.982319116592
1e-05,89,p3,"K_ads,1",13.688126406885502,30.836,-0.5560991566063853,0.07121749388675368,7360.982319116592
1e-05,89,p4,"K_ads,2",252.04297812203222,558.532,-0.5487403083045695,0.07121749388675368,7360.982319116592
1e-05,89,p5,A2,0.33491589760537127,0.7439,-0.5497837107065852,0.07121749388675368,7360.982319116592
1e-05,89,p6,E2,41451.86271041286,40000.0,0.03629656776032152,0.07121749388675368,7360.982319116592
1e-05,89,p7,"K_ads,3",17703.230746566427,17197.0,0.02943715453663006,0.07121749388675368,7360.982319116592
1e-05,89,p8,"K_ads,4",124244.52770356898,124119.0,0.0010113496206783782,0.07121749388675368,7360.982319116592
1e-05,89,p9,Inhibition / adsorption,97404.22817142261,98084.0,-0.006930506795984953,0.07121749388675368,7360.982319116592
1e-06,89,p1,A1,2989.768083406309,15672.02,-0.8092289262388442,0.05147140902081248,7343.696995019913
1e-06,89,p2,E1,1942.4499435352427,3453.38,-0.4375220961680317,0.05147140902081248,7343.696995019913
1e-06,89,p3,"K_ads,1",17.684210175040914,30.836,-0.4265076477156274,0.05147140902081248,7343.696995019913
1e-06,89,p4,"K_ads,2",323.10903335226453,558.532,-0.4215030949842363,0.05147140902081248,7343.696995019913
1e-06,89,p5,A2,0.4282703601103795,0.7439,-0.4242904152300316,0.05147140902081248,7343.696995019913
1e-06,89,p6,E2,43889.81696207043,40000.0,0.0972454240517607,0.05147140902081248,7343.696995019913
1e-06,89,p7,"K_ads,3",18713.134900367037,17197.0,0.08816275515305208,0.05147140902081248,7343.696995019913
1e-06,89,p8,"K_ads,4",125090.50082652844,124119.0,0.007827172524177937,0.05147140902081248,7343.696995019913
1e-06,89,p9,Inhibition / adsorption,96796.48868154765,98084.0,-0.013126619208559507,0.05147140902081248,7343.696995019913
1e-07,89,p1,A1,3860.015170326283,15672.02,-0.7537002141187745,0.04352938532770012,6451.967935323715
1e-07,89,p2,E1,2114.0259827933014,3453.38,-0.3878385863144799,0.04352938532770012,6451.967935323715
1e-07,89,p3,"K_ads,1",19.273444039796168,30.836,-0.37496938514086886,0.04352938532770012,6451.967935323715
1e-07,89,p4,"K_ads,2",351.95609565044026,558.532,-0.3698550921873049,0.04352938532770012,6451.967935323715
1e-07,89,p5,A2,0.46705327948953074,0.7439,-0.37215582808236225,0.04352938532770012,6451.967935323715
1e-07,89,p6,E2,43275.28660368674,40000.0,0.08188216509216854,0.04352938532770012,6451.967935323715
1e-07,89,p7,"K_ads,3",18450.03124895436,17197.0,0.07286336273503292,0.04352938532770012,6451.967935323715
1e-07,89,p8,"K_ads,4",124742.69333280403,124119.0,0.005024962598828803,0.04352938532770012,6451.967935323715
1e-07,89,p9,Inhibition / adsorption,96977.33009033676,98084.0,-0.011282879059410673,0.04352938532770012,6451.967935323715
1e-05,90,p1,A1,1199.8299628519244,15672.02,-0.923441269035394,0.08928681934715643,7309.404737949371
1e-05,90,p2,E1,1327.3821609968602,3453.38,-0.6156281205668476,0.08928681934715643,7309.404737949371
1e-05,90,p3,"K_ads,1",13.15351173710756,30.836,-0.573436511314452,0.08928681934715643,7309.404737949371
1e-05,90,p4,"K_ads,2",240.78608807853027,558.532,-0.568894731047585,0.08928681934715643,7309.404737949371
1e-05,90,p5,A2,0.32227040654706957,0.7439,-0.566782623273196,0.08928681934715643,7309.404737949371
1e-05,90,p6,E2,51919.902340253415,40000.0,0.29799755850633536,0.08928681934715643,7309.404737949371
1e-05,90,p7,"K_ads,3",22313.850560224597,17197.0,0.2975432087122519,0.08928681934715643,7309.404737949371
1e-05,90,p8,"K_ads,4",125861.14619860359,124119.0,0.014036095993390106,0.08928681934715643,7309.404737949371
1e-05,90,p9,Inhibition / adsorption,92194.48283152239,98084.0,-0.06004564626725678,0.08928681934715643,7309.404737949371
1e-06,90,p1,A1,1492.178142700377,15672.02,-0.9047871210794539,0.07698467864892018,7386.980435848236
1e-06,90,p2,E1,1489.0798464378104,3453.38,-0.5688050992251619,0.07698467864892018,7386.980435848236
1e-06,90,p3,"K_ads,1",14.016300175109706,30.836,-0.5454566034793843,0.07698467864892018,7386.980435848236
1e-06,90,p4,"K_ads,2",257.8745810318258,558.532,-0.5382993614836289,0.07698467864892018,7386.980435848236
1e-06,90,p5,A2,0.3385380200237986,0.7439,-0.5449146121470646,0.07698467864892018,7386.980435848236
1e-06,90,p6,E2,48612.46334924809,40000.0,0.21531158373120235,0.07698467864892018,7386.980435848236
1e-06,90,p7,"K_ads,3",20440.98499505654,17197.0,0.18863668052896088,0.07698467864892018,7386.980435848236
1e-06,90,p8,"K_ads,4",126224.59872461214,124119.0,0.016964354567891592,0.07698467864892018,7386.980435848236
1e-06,90,p9,Inhibition / adsorption,95489.73368771999,98084.0,-0.02644943428367537,0.07698467864892018,7386.980435848236
1e-07,90,p1,A1,2053.8407320592714,15672.02,-0.8689485636146923,0.060257045861726505,7522.876225233078
1e-07,90,p2,E1,1728.8506006270434,3453.38,-0.4993743519024714,0.060257045861726505,7522.876225233078
1e-07,90,p3,"K_ads,1",15.541482758716363,30.836,-0.49599550010648713,0.060257045861726505,7522.876225233078
1e-07,90,p4,"K_ads,2",285.2452493114205,558.532,-0.4892947059229902,0.060257045861726505,7522.876225233078
1e-07,90,p5,A2,0.3778071020682402,0.7439,-0.4921264927164401,0.060257045861726505,7522.876225233078
1e-07,90,p6,E2,41253.52701435075,40000.0,0.03133817535876879,0.060257045861726505,7522.876225233078
1e-07,90,p7,"K_ads,3",17583.56211091791,17197.0,0.022478461994412297,0.060257045861726505,7522.876225233078
1e-07,90,p8,"K_ads,4",124322.33933677129,124119.0,0.001638261158817628,0.060257045861726505,7522.876225233078
1e-07,90,p9,Inhibition / adsorption,97682.3498577401,98084.0,-0.004094960872924185,0.060257045861726505,7522.876225233078
1e-05,91,p1,A1,763.3015542410017,15672.02,-0.9512952667083757,0.09082634589127671,7595.592267036438
1e-05,91,p2,E1,1213.8900724931036,3453.38,-0.6484921808509044,0.09082634589127671,7595.592267036438
1e-05,91,p3,"K_ads,1",11.136164715248476,30.836,-0.6388583241909301,0.09082634589127671,7595.592267036438
1e-05,91,p4,"K_ads,2",205.53833400281218,558.532,-0.6320025817628853,0.09082634589127671,7595.592267036438
1e-05,91,p5,A2,0.2713789202753496,0.7439,-0.6351943537097061,0.09082634589127671,7595.592267036438
1e-05,91,p6,E2,44081.1472358593,40000.0,0.10202868089648255,0.09082634589127671,7595.592267036438
1e-05,91,p7,"K_ads,3",18596.800676209292,17197.0,0.08139795756290585,0.09082634589127671,7595.592267036438
1e-05,91,p8,"K_ads,4",125095.7899433629,124119.0,0.00786978579720193,0.09082634589127671,7595.592267036438
1e-05,91,p9,Inhibition / adsorption,96820.40548557282,98084.0,-0.012882779193621617,0.09082634589127671,7595.592267036438
1e-06,91,p1,A1,1531.5437249628021,15672.02,-0.9022752826398384,0.07178504574232644,7502.019948005676
1e-06,91,p2,E1,1503.8673132278032,3453.38,-0.564523072112596,0.07178504574232644,7502.019948005676
1e-06,91,p3,"K_ads,1",14.099022257880478,30.836,-0.5427739571319082,0.07178504574232644,7502.019948005676
1e-06,91,p4,"K_ads,2",261.05668493884355,558.532,-0.5326020981092515,0.07178504574232644,7502.019948005676
1e-06,91,p5,A2,0.343936305475271,0.7439,-0.5376578767639858,0.07178504574232644,7502.019948005676
1e-06,91,p6,E2,45309.38254750949,40000.0,0.1327345636877373,0.07178504574232644,7502.019948005676
1e-06,91,p7,"K_ads,3",18932.425908748133,17197.0,0.10091445651847027,0.07178504574232644,7502.019948005676
1e-06,91,p8,"K_ads,4",125298.94386486847,124119.0,0.009506553105233474,0.07178504574232644,7502.019948005676
1e-06,91,p9,Inhibition / adsorption,95738.02020166206,98084.0,-0.023918068169507152,0.07178504574232644,7502.019948005676
1e-07,91,p1,A1,3528.657474217152,15672.02,-0.7748434806606198,0.051505023160291714,7425.429612398148
1e-07,91,p2,E1,2020.8220367193885,3453.38,-0.4148277812695422,0.051505023160291714,7425.429612398148
1e-07,91,p3,"K_ads,1",18.79005297470089,30.836,-0.3906455774192213,0.051505023160291714,7425.429612398148
1e-07,91,p4,"K_ads,2",340.95630288934456,558.532,-0.38954920597325754,0.051505023160291714,7425.429612398148
1e-07,91,p5,A2,0.45099283947709184,0.7439,-0.3937453428188038,0.051505023160291714,7425.429612398148
1e-07,91,p6,E2,46609.28954217827,40000.0,0.16523223855445668,0.051505023160291714,7425.429612398148
1e-07,91,p7,"K_ads,3",19903.2211776475,17197.0,0.15736588809952326,0.051505023160291714,7425.429612398148
1e-07,91,p8,"K_ads,4",125923.94949516568,124119.0,0.014542088601790874,0.051505023160291714,7425.429612398148
1e-07,91,p9,Inhibition / adsorption,96075.18491625947,98084.0,-0.020480558335105894,0.051505023160291714,7425.429612398148
1e-05,92,p1,A1,885.5228877130693,15672.02,-0.9434965698287094,0.08715192611806964,6439.99884390831
1e-05,92,p2,E1,1285.4266601537386,3453.38,-0.62777723269558,0.08715192611806964,6439.99884390831
1e-05,92,p3,"K_ads,1",11.707880122265887,30.836,-0.6203178063864999,0.08715192611806964,6439.99884390831
1e-05,92,p4,"K_ads,2",215.85428096155493,558.532,-0.6135328307750408,0.08715192611806964,6439.99884390831
1e-05,92,p5,A2,0.2849664781944968,0.7439,-0.6169290520305192,0.08715192611806964,6439.99884390831
1e-05,92,p6,E2,44780.20758626715,40000.0,0.11950518965667871,0.08715192611806964,6439.99884390831
1e-05,92,p7,"K_ads,3",19087.443144235305,17197.0,0.10992865873322703,0.08715192611806964,6439.99884390831
1e-05,92,p8,"K_ads,4",125162.43652501436,124119.0,0.008406742924244958,0.08715192611806964,6439.99884390831
1e-05,92,p9,Inhibition / adsorption,96673.1719001005,98084.0,-0.01438387606438872,0.08715192611806964,6439.99884390831
1e-06,92,p1,A1,1842.7236477581093,15672.02,-0.8824195191329446,0.0678998100684228,6675.944059371948
1e-06,92,p2,E1,1628.2688642291675,3453.38,-0.5284999437567927,0.0678998100684228,6675.944059371948
1e-06,92,p3,"K_ads,1",15.056807904711278,30.836,-0.5117133251812401,0.0678998100684228,6675.944059371948
1e-06,92,p4,"K_ads,2",275.25691076845834,558.532,-0.5071779042768215,0.0678998100684228,6675.944059371948
1e-06,92,p5,A2,0.3646887895038619,0.7439,-0.5097610034899019,0.0678998100684228,6675.944059371948
1e-06,92,p6,E2,46122.26580401122,40000.0,0.15305664510028055,0.0678998100684228,6675.944059371948
1e-06,92,p7,"K_ads,3",19633.427488203954,17197.0,0.14167747212908957,0.0678998100684228,6675.944059371948
1e-06,92,p8,"K_ads,4",125683.65702182271,124119.0,0.01260610399554229,0.0678998100684228,6675.944059371948
1e-06,92,p9,Inhibition / adsorption,96012.58146456955,98084.0,-0.021118821983508524,0.0678998100684228,6675.944059371948
1e-07,92,p1,A1,415.76210088756676,15672.02,-0.973471058556104,0.10829536527443384,7718.387526512146
1e-07,92,p2,E1,990.6068918988725,3453.38,-0.713148598793393,0.10829536527443384,7718.387526512146
1e-07,92,p3,"K_ads,1",9.026270708974428,30.836,-0.7072814013174721,0.10829536527443384,7718.387526512146
1e-07,92,p4,"K_ads,2",168.85711406891542,558.532,-0.6976769208050472,0.10829536527443384,7718.387526512146
1e-07,92,p5,A2,0.2216407089160202,0.7439,-0.7020557750826453,0.10829536527443384,7718.387526512146
1e-07,92,p6,E2,43674.173737486824,40000.0,0.09185434343717061,0.10829536527443384,7718.387526512146
1e-07,92,p7,"K_ads,3",18381.671410820938,17197.0,0.06888826020939338,0.10829536527443384,7718.387526512146
1e-07,92,p8,"K_ads,4",124793.8019952133,124119.0,0.005436734063385167,0.10829536527443384,7718.387526512146
1e-07,92,p9,Inhibition / adsorption,96952.29312361848,98084.0,-0.011538139516960142,0.10829536527443384,7718.387526512146
1e-05,93,p1,A1,853.0120924571041,15672.02,-0.9455710181293092,0.0865703745559021,7811.56858921051
1e-05,93,p2,E1,1273.003789958445,3453.38,-0.6313745403174731,0.0865703745559021,7811.56858921051
1e-05,93,p3,"K_ads,1",11.561948817278415,30.836,-0.6250503042781679,0.0865703745559021,7811.56858921051
1e-05,93,p4,"K_ads,2",213.2837877879806,558.532,-0.6181350615757368,0.0865703745559021,7811.56858921051
1e-05,93,p5,A2,0.28259310221825173,0.7439,-0.6201195023279316,0.0865703745559021,7811.56858921051
1e-05,93,p6,E2,42310.99942020612,40000.0,0.05777498550515302,0.0865703745559021,7811.56858921051
1e-05,93,p7,"K_ads,3",18014.44595722054,17197.0,0.04753421859746127,0.0865703745559021,7811.56858921051
1e-05,93,p8,"K_ads,4",124525.7822137833,124119.0,0.003277356519012392,0.0865703745559021,7811.56858921051
1e-05,93,p9,Inhibition / adsorption,97152.00421986224,98084.0,-0.009502016436297056,0.0865703745559021,7811.56858921051
1e-06,93,p1,A1,1171.0799610712677,15672.02,-0.9252757486864318,0.07716618057813295,7724.762046337128
1e-06,93,p2,E1,1421.5336684994402,3453.38,-0.5883645389446165,0.07716618057813295,7724.762046337128
1e-06,93,p3,"K_ads,1",12.848971166582649,30.836,-0.5833126486385183,0.07716618057813295,7724.762046337128
1e-06,93,p4,"K_ads,2",237.14363807380636,558.532,-0.5754162016253208,0.07716618057813295,7724.762046337128
1e-06,93,p5,A2,0.3133198507449239,0.7439,-0.5788145574070118,0.07716618057813295,7724.762046337128
1e-06,93,p6,E2,42187.41618558777,40000.0,0.05468540463969421,0.07716618057813295,7724.762046337128
1e-06,93,p7,"K_ads,3",17905.908724739267,17197.0,0.041222813556973145,0.07716618057813295,7724.762046337128
1e-06,93,p8,"K_ads,4",124517.92251746231,124119.0,0.003214032641757615,0.07716618057813295,7724.762046337128
1e-06,93,p9,Inhibition / adsorption,97358.21316812828,98084.0,-0.007399645527014833,0.07716618057813295,7724.762046337128
1e-07,93,p1,A1,227.42017558345867,15672.02,-0.9854887770955206,0.1302334353014342,6738.3065984249115
1e-07,93,p2,E1,782.9050347494812,3453.38,-0.7732931114590688,0.1302334353014342,6738.3065984249115
1e-07,93,p3,"K_ads,1",7.398227079639441,30.836,-0.7600782501089817,0.1302334353014342,6738.3065984249115
1e-07,93,p4,"K_ads,2",138.1024923042107,558.532,-0.7527402327812718,0.1302334353014342,6738.3065984249115
1e-07,93,p5,A2,0.18108357329272462,0.7439,-0.7565753820503769,0.1302334353014342,6738.3065984249115
1e-07,93,p6,E2,49407.942919763176,40000.0,0.2351985729940794,0.1302334353014342,6738.3065984249115
1e-07,93,p7,"K_ads,3",20644.2938932062,17197.0,0.20045902734233872,0.1302334353014342,6738.3065984249115
1e-07,93,p8,"K_ads,4",126524.09478515414,124119.0,0.019377329700965545,0.1302334353014342,6738.3065984249115
1e-07,93,p9,Inhibition / adsorption,95355.41797141379,98084.0,-0.027818829050469125,0.1302334353014342,6738.3065984249115
1e-05,94,p1,A1,1313.0816405409093,15672.02,-0.9162149078076145,0.08182733415956332,7703.455300569534
1e-05,94,p2,E1,1415.698705761952,3453.38,-0.5900541771360371,0.08182733415956332,7703.455300569534
1e-05,94,p3,"K_ads,1",13.546763482484893,30.836,-0.5606835036163934,0.08182733415956332,7703.455300569534
1e-05,94,p4,"K_ads,2",244.8927127733244,558.532,-0.5615421985251975,0.08182733415956332,7703.455300569534
1e-05,94,p5,A2,0.3280745926249718,0.7439,-0.5589802491934779,0.08182733415956332,7703.455300569534
1e-05,94,p6,E2,49047.480165573856,40000.0,0.2261870041393464,0.08182733415956332,7703.455300569534
1e-05,94,p7,"K_ads,3",21036.497648973866,17197.0,0.22326554916403243,0.08182733415956332,7703.455300569534
1e-05,94,p8,"K_ads,4",126531.23885713327,124119.0,0.019434887947318867,0.08182733415956332,7703.455300569534
1e-05,94,p9,Inhibition / adsorption,94620.4379756839,98084.0,-0.03531220203413498,0.08182733415956332,7703.455300569534
1e-06,94,p1,A1,953.3836174943166,15672.02,-0.9391665134746946,0.10547490700854738,7601.813710689545
1e-06,94,p2,E1,1065.0325486915247,3453.38,-0.6915970589128552,0.10547490700854738,7601.813710689545
1e-06,94,p3,"K_ads,1",12.890977012469785,30.836,-0.5819504146948442,0.10547490700854738,7601.813710689545
1e-06,94,p4,"K_ads,2",220.5469516411474,558.532,-0.6051310370020923,0.10547490700854738,7601.813710689545
1e-06,94,p5,A2,0.3502066967870339,0.7439,-0.5292287985118511,0.10547490700854738,7601.813710689545
1e-06,94,p6,E2,51061.82088767049,40000.0,0.2765455221917622,0.10547490700854738,7601.813710689545
1e-06,94,p7,"K_ads,3",25856.314974436038,17197.0,0.5035363711365958,0.10547490700854738,7601.813710689545
1e-06,94,p8,"K_ads,4",119108.41152689766,124119.0,-0.04036923011869528,0.10547490700854738,7601.813710689545
1e-06,94,p9,Inhibition / adsorption,79387.68167093817,98084.0,-0.19061537385365435,0.10547490700854738,7601.813710689545
1e-07,94,p1,A1,2647.5526340896613,15672.02,-0.8310650041226555,0.061806792749950636,7676.839331865311
1e-07,94,p2,E1,1828.2717681911406,3453.38,-0.4705848275628108,0.061806792749950636,7676.839331865311
1e-07,94,p3,"K_ads,1",17.0454825877619,30.836,-0.44722134557783433,0.061806792749950636,7676.839331865311
1e-07,94,p4,"K_ads,2",310.5682738439718,558.532,-0.4439561675177577,0.061806792749950636,7676.839331865311
1e-07,94,p5,A2,0.40961436937844653,0.7439,-0.44936904237337477,0.061806792749950636,7676.839331865311
1e-07,94,p6,E2,48149.6126229263,40000.0,0.20374031557315755,0.061806792749950636,7676.839331865311
1e-07,94,p7,"K_ads,3",20594.283127482464,17197.0,0.1975509174555134,0.061806792749950636,7676.839331865311
1e-07,94,p8,"K_ads,4",126217.91788221199,124119.0,0.01691052846229817,0.061806792749950636,7676.839331865311
1e-07,94,p9,Inhibition / adsorption,95569.77116038695,98084.0,-0.025633424815597307,0.061806792749950636,7676.839331865311
1e-05,95,p1,A1,1704.637478916136,15672.02,-0.8912305191726314,0.06564913128289644,7833.5060703754425
1e-05,95,p2,E1,1629.4064735383793,3453.38,-0.5281705246632634,0.06564913128289644,7833.5060703754425
1e-05,95,p3,"K_ads,1",14.58901734535228,30.836,-0.5268835988665105,0.06564913128289644,7833.5060703754425
1e-05,95,p4,"K_ads,2",268.11212995615614,558.532,-0.5199699749411741,0.06564913128289644,7833.5060703754425
1e-05,95,p5,A2,0.3552808545265328,0.7439,-0.5224077772193403,0.06564913128289644,7833.5060703754425
1e-05,95,p6,E2,40965.5328686101,40000.0,0.02413832171525246,0.06564913128289644,7833.5060703754425
1e-05,95,p7,"K_ads,3",17525.11894785808,17197.0,0.01908001092388683,0.06564913128289644,7833.5060703754425
1e-05,95,p8,"K_ads,4",124207.27435145923,124119.0,0.0007112074014391783,0.06564913128289644,7833.5060703754425
1e-05,95,p9,Inhibition / adsorption,97836.48596046527,98084.0,-0.0025234904728062293,0.06564913128289644,7833.5060703754425
1e-06,95,p1,A1,1353.4035093630123,15672.02,-0.9136420506505855,0.07284855708174966,7820.398112297058
1e-06,95,p2,E1,1493.7344576072996,3453.38,-0.56745725706198,0.07284855708174966,7820.398112297058
1e-06,95,p3,"K_ads,1",13.497046996010386,30.836,-0.5622957907637052,0.07284855708174966,7820.398112297058
1e-06,95,p4,"K_ads,2",248.7404825789067,558.532,-0.5546531217926516,0.07284855708174966,7820.398112297058
1e-06,95,p5,A2,0.3287579010017759,0.7439,-0.5580617004949915,0.07284855708174966,7820.398112297058
1e-06,95,p6,E2,42038.79619091066,40000.0,0.05096990477276649,0.07284855708174966,7820.398112297058
1e-06,95,p7,"K_ads,3",17854.217517051693,17197.0,0.0382169865122808,0.07284855708174966,7820.398112297058
1e-06,95,p8,"K_ads,4",124490.61888315498,124119.0,0.0029940531518541135,0.07284855708174966,7820.398112297058
1e-06,95,p9,Inhibition / adsorption,97445.20858610791,98084.0,-0.006512697421517165,0.07284855708174966,7820.398112297058
1e-07,95,p1,A1,1765.7910750541025,15672.02,-0.8873284314942105,0.08398278173563954,7792.6717166900635
1e-07,95,p2,E1,1543.581077071081,3453.38,-0.5530231028525442,0.08398278173563954,7792.6717166900635
1e-07,95,p3,"K_ads,1",14.943808514954183,30.836,-0.5153778533222797,0.08398278173563954,7792.6717166900635
1e-07,95,p4,"K_ads,2",271.991801491546,558.532,-0.513023781105566,0.08398278173563954,7792.6717166900635
1e-07,95,p5,A2,0.3595846365151929,0.7439,-0.5166223463971059,0.08398278173563954,7792.6717166900635
1e-07,95,p6,E2,54438.42271696842,40000.0,0.3609605679242106,0.08398278173563954,7792.6717166900635
1e-07,95,p7,"K_ads,3",23119.310314594586,17197.0,0.3443804334822694,0.08398278173563954,7792.6717166900635
1e-07,95,p8,"K_ads,4",128012.94825360861,124119.0,0.03137270082427843,0.08398278173563954,7792.6717166900635
1e-07,95,p9,Inhibition / adsorption,93185.05860325562,98084.0,-0.049946386737331094,0.08398278173563954,7792.6717166900635
1e-05,96,p1,A1,802.0804559443533,15672.02,-0.9488208631724339,0.0927629826322285,6565.966228961945
1e-05,96,p2,E1,1227.4616585708911,3453.38,-0.6445622379897692,0.0927629826322285,6565.966228961945
1e-05,96,p3,"K_ads,1",11.32672382731884,30.836,-0.6326785631301453,0.0927629826322285,6565.966228961945
1e-05,96,p4,"K_ads,2",209.4734030695832,558.532,-0.6249572037598862,0.0927629826322285,6565.966228961945
1e-05,96,p5,A2,0.27614803862845205,0.7439,-0.6287833867072832,0.0927629826322285,6565.966228961945
1e-05,96,p6,E2,47567.88301625674,40000.0,0.18919707540641847,0.0927629826322285,6565.966228961945
1e-05,96,p7,"K_ads,3",20147.789219038546,17197.0,0.17158744077679516,0.0927629826322285,6565.966228961945
1e-05,96,p8,"K_ads,4",126046.61435089535,124119.0,0.015530372875187149,0.0927629826322285,6565.966228961945
1e-05,96,p9,Inhibition / adsorption,95506.54690737907,98084.0,-0.026278017746226973,0.0927629826322285,6565.966228961945
1e-06,96,p1,A1,895.6571872148168,15672.02,-0.9428499206091611,0.08496611309070701,6901.04696893692
1e-06,96,p2,E1,1297.1552195846236,3453.38,-0.6243809775974195,0.08496611309070701,6901.04696893692
1e-06,96,p3,"K_ads,1",11.733716103431854,30.836,-0.61947995513582,0.08496611309070701,6901.04696893692
1e-06,96,p4,"K_ads,2",217.10717687119737,558.532,-0.6112896362765297,0.08496611309070701,6901.04696893692
1e-06,96,p5,A2,0.28656023585305723,0.7439,-0.6147866166782401,0.08496611309070701,6901.04696893692
1e-06,96,p6,E2,41899.14281226737,40000.0,0.0474785703066842,0.08496611309070701,6901.04696893692
1e-06,96,p7,"K_ads,3",17842.36222211583,17197.0,0.03752760493782807,0.08496611309070701,6901.04696893692
1e-06,96,p8,"K_ads,4",124401.35289496701,124119.0,0.0022748563472716862,0.08496611309070701,6901.04696893692
1e-06,96,p9,Inhibition / adsorption,97408.69871183824,98084.0,-0.006884928104092018,0.08496611309070701,6901.04696893692
1e-07,96,p1,A1,715.028307805356,15672.02,-0.9543754852402335,0.09432437872965421,7864.620676517487
1e-07,96,p2,E1,1177.2111717603595,3453.38,-0.6591133406227061,0.09432437872965421,7864.620676517487
1e-07,96,p3,"K_ads,1",10.927456571592458,30.836,-0.6456266515892963,0.09432437872965421,7864.620676517487
1e-07,96,p4,"K_ads,2",201.22101645076953,558.532,-0.6397323404016788,0.09432437872965421,7864.620676517487
1e-07,96,p5,A2,0.2657999338249657,0.7439,-0.6426939994287327,0.09432437872965421,7864.620676517487
1e-07,96,p6,E2,45935.6650789552,40000.0,0.14839162697388,0.09432437872965421,7864.620676517487
1e-07,96,p7,"K_ads,3",19450.54529889538,17197.0,0.13104293184249463,0.09432437872965421,7864.620676517487
1e-07,96,p8,"K_ads,4",125506.2859151642,124119.0,0.011177063263192615,0.09432437872965421,7864.620676517487
1e-07,96,p9,Inhibition / adsorption,96136.80713816949,98084.0,-0.01985229866064302,0.09432437872965421,7864.620676517487
1e-05,97,p1,A1,277.47613066919115,15672.02,-0.9822948075188016,0.12344074383791631,7893.563448905945
1e-05,97,p2,E1,807.7287697785874,3453.38,-0.7661048683380957,0.12344074383791631,7893.563448905945
1e-05,97,p3,"K_ads,1",7.884714537469755,30.836,-0.7443016429669946,0.12344074383791631,7893.563448905945
1e-05,97,p4,"K_ads,2",149.90890741878334,558.532,-0.7316019361132696,0.12344074383791631,7893.563448905945
1e-05,97,p5,A2,0.19361114012013855,0.7439,-0.7397349911007681,0.12344074383791631,7893.563448905945
1e-05,97,p6,E2,48364.97947077682,40000.0,0.20912448676942058,0.12344074383791631,7893.563448905945
1e-05,97,p7,"K_ads,3",19742.40575810465,17197.0,0.14801452335318083,0.12344074383791631,7893.563448905945
1e-05,97,p8,"K_ads,4",125621.22024728321,124119.0,0.012103064375987673,0.12344074383791631,7893.563448905945
1e-05,97,p9,Inhibition / adsorption,95177.30554299577,98084.0,-0.029634746309328993,0.12344074383791631,7893.563448905945
1e-06,97,p1,A1,210.31606710119573,15672.02,-0.9865801557743549,0.13976366283798217,7929.844542980194
1e-06,97,p2,E1,734.5001680736698,3453.38,-0.7873097753291936,0.13976366283798217,7929.844542980194
1e-06,97,p3,"K_ads,1",7.207138083921451,30.836,-0.7662751950991876,0.13976366283798217,7929.844542980194
1e-06,97,p4,"K_ads,2",135.90917953415376,558.532,-0.7566671568788292,0.13976366283798217,7929.844542980194
1e-06,97,p5,A2,0.17708340007384307,0.7439,-0.7619526817128067,0.13976366283798217,7929.844542980194
1e-06,97,p6,E2,55740.53735835506,40000.0,0.3935134339588765,0.13976366283798217,7929.844542980194
1e-06,97,p7,"K_ads,3",23269.008279993093,17197.0,0.3530853218580621,0.13976366283798217,7929.844542980194
1e-06,97,p8,"K_ads,4",127816.35840398466,124119.0,0.029788818826969772,0.13976366283798217,7929.844542980194
1e-06,97,p9,Inhibition / adsorption,92736.91713499365,98084.0,-0.054515342614558426,0.13976366283798217,7929.844542980194
1e-07,97,p1,A1,891.8791627291977,15672.02,-0.9430909887347516,0.08950787256043156,7030.7795667648315
1e-07,97,p2,E1,1265.1767608059308,3453.38,-0.6336410239226697,0.08950787256043156,7030.7795667648315
1e-07,97,p3,"K_ads,1",11.779653176755104,30.836,-0.6179902329499577,0.08950787256043156,7030.7795667648315
1e-07,97,p4,"K_ads,2",216.72115103393122,558.532,-0.6119807799124648,0.08950787256043156,7030.7795667648315
1e-07,97,p5,A2,0.2867199703125307,0.7439,-0.6145718909631258,0.08950787256043156,7030.7795667648315
1e-07,97,p6,E2,47215.24094762393,40000.0,0.18038102369059833,0.08950787256043156,7030.7795667648315
1e-07,97,p7,"K_ads,3",20079.755477742317,17197.0,0.167631300676997,0.08950787256043156,7030.7795667648315
1e-07,97,p8,"K_ads,4",125819.51778177326,124119.0,0.013700704821769931,0.08950787256043156,7030.7795667648315
1e-07,97,p9,Inhibition / adsorption,95542.33656741689,98084.0,-0.025913129894611874,0.08950787256043156,7030.7795667648315
1e-05,98,p1,A1,621.6289313618095,15672.02,-0.960335111149564,0.10106240627172695,7949.357133626938
1e-05,98,p2,E1,1106.4152683926586,3453.38,-0.6796138078078119,0.10106240627172695,7949.357133626938
1e-05,98,p3,"K_ads,1",10.377792618716944,30.836,-0.6634520489454876,0.10106240627172695,7949.357133626938
1e-05,98,p4,"K_ads,2",193.88952099486397,558.532,-0.6528587064038158,0.10106240627172695,7949.357133626938
1e-05,98,p5,A2,0.2546258199319989,0.7439,-0.6577149886651447,0.10106240627172695,7949.357133626938
1e-05,98,p6,E2,48635.61596322007,40000.0,0.2158903990805018,0.10106240627172695,7949.357133626938
1e-05,98,p7,"K_ads,3",20437.731777449568,17197.0,0.18844750697502866,0.10106240627172695,7949.357133626938
1e-05,98,p8,"K_ads,4",125930.35718948992,124119.0,0.014593714012277907,0.10106240627172695,7949.357133626938
1e-05,98,p9,Inhibition / adsorption,94625.68605491238,98084.0,-0.035258696067530064,0.10106240627172695,7949.357133626938
1e-06,98,p1,A1,831.0253054848268,15672.02,-0.9469739506786727,0.12090549034174776,7928.276560783386
1e-06,98,p2,E1,1151.2872417075428,3453.38,-0.6666201687310569,0.12090549034174776,7928.276560783386
1e-06,98,p3,"K_ads,1",11.658117468617068,30.836,-0.621931590718087,0.12090549034174776,7928.276560783386
1e-06,98,p4,"K_ads,2",212.36874479137418,558.532,-0.6197733616133468,0.12090549034174776,7928.276560783386
1e-06,98,p5,A2,0.2777266943482893,0.7439,-0.6266612523883731,0.12090549034174776,7928.276560783386
1e-06,98,p6,E2,64659.813102975204,40000.0,0.6164953275743801,0.12090549034174776,7928.276560783386
1e-06,98,p7,"K_ads,3",27450.14060945384,17197.0,0.596216817436404,0.12090549034174776,7928.276560783386
1e-06,98,p8,"K_ads,4",130158.06348814549,124119.0,0.04865543138556941,0.12090549034174776,7928.276560783386
1e-06,98,p9,Inhibition / adsorption,91088.34021988334,98084.0,-0.0713231493425703,0.12090549034174776,7928.276560783386
1e-07,98,p1,A1,1200.756732074759,15672.02,-0.923382133759735,0.07724479602416905,8100.342754364014
1e-07,98,p2,E1,1428.1760714579534,3453.38,-0.5864410891769938,0.07724479602416905,8100.342754364014
1e-07,98,p3,"K_ads,1",12.974592713128466,30.836,-0.5792387886519501,0.07724479602416905,8100.342754364014
1e-07,98,p4,"K_ads,2",238.9908240738268,558.532,-0.5721089855660432,0.07724479602416905,8100.342754364014
1e-07,98,p5,A2,0.3159723410229222,0.7439,-0.5752489030475572,0.07724479602416905,8100.342754364014
1e-07,98,p6,E2,43480.62660806663,40000.0,0.0870156652016658,0.07724479602416905,8100.342754364014
1e-07,98,p7,"K_ads,3",18498.813533093133,17197.0,0.07570003681416135,0.07724479602416905,8100.342754364014
1e-07,98,p8,"K_ads,4",124895.85016629225,124119.0,0.006258914157318782,0.07724479602416905,8100.342754364014
1e-07,98,p9,Inhibition / adsorption,96907.70556395927,98084.0,-0.011992724970848734,0.07724479602416905,8100.342754364014
1e-05,99,p1,A1,1430.984009269192,15672.02,-0.9086917953608282,0.07437093094236309,8142.149064540863
1e-05,99,p2,E1,1500.7544822620764,3453.38,-0.5654244588599933,0.07437093094236309,8142.149064540863
1e-05,99,p3,"K_ads,1",13.810572989077631,30.836,-0.552128259531793,0.07437093094236309,8142.149064540863
1e-05,99,p4,"K_ads,2",253.3361665151496,558.532,-0.5464249738329234,0.07437093094236309,8142.149064540863
1e-05,99,p5,A2,0.3366846353392699,0.7439,-0.5474060554654256,0.07437093094236309,8142.149064540863
1e-05,99,p6,E2,45663.70671961065,40000.0,0.14159266799026626,0.07437093094236309,8142.149064540863
1e-05,99,p7,"K_ads,3",19464.85870056392,17197.0,0.13187525153014595,0.07437093094236309,8142.149064540863
1e-05,99,p8,"K_ads,4",125524.61656712077,124119.0,0.011324749370529661,0.07437093094236309,8142.149064540863
1e-05,99,p9,Inhibition / adsorption,95800.37442548512,98084.0,-0.023282345484634405,0.07437093094236309,8142.149064540863
1e-06,99,p1,A1,5888.856862210995,15672.02,-0.6242439160866949,0.029241855713669773,8225.262217283249
1e-06,99,p2,E1,2465.5300176867577,3453.38,-0.2860530791031518,0.029241855713669773,8225.262217283249
1e-06,99,p3,"K_ads,1",22.18976628979087,30.836,-0.2803941402973514,0.029241855713669773,8225.262217283249
1e-06,99,p4,"K_ads,2",404.3163094357147,558.532,-0.27610896164281606,0.029241855713669773,8225.262217283249
1e-06,99,p5,A2,0.5359542044985105,0.7439,-0.2795346088203919,0.029241855713669773,8225.262217283249
1e-06,99,p6,E2,41036.942037039924,40000.0,0.025923550925998098,0.029241855713669773,8225.262217283249
1e-06,99,p7,"K_ads,3",17534.896284193277,17197.0,0.01964855987633175,0.029241855713669773,8225.262217283249
1e-06,99,p8,"K_ads,4",124272.57911870391,124119.0,0.0012373538193500913,0.029241855713669773,8225.262217283249
1e-06,99,p9,Inhibition / adsorption,97810.62586371295,98084.0,-0.0027871430231949106,0.029241855713669773,8225.262217283249
1e-07,99,p1,A1,6566.253182081772,15672.02,-0.5810206226075662,0.028234529489546415,8095.026180267334
1e-07,99,p2,E1,2550.760558062696,3453.38,-0.261372754211035,0.028234529489546415,8095.026180267334
1e-07,99,p3,"K_ads,1",23.052165292249267,30.836,-0.2524268617119838,0.028234529489546415,8095.026180267334
1e-07,99,p4,"K_ads,2",418.7568903969603,558.532,-0.2502544341291811,0.028234529489546415,8095.026180267334
1e-07,99,p5,A2,0.5569385012864753,0.7439,-0.25132611737266397,0.028234529489546415,8095.026180267334
1e-07,99,p6,E2,42780.933442305046,40000.0,0.06952333605762614,0.028234529489546415,8095.026180267334
1e-07,99,p7,"K_ads,3",18345.234580556735,17197.0,0.06676947028881403,0.028234529489546415,8095.026180267334
1e-07,99,p8,"K_ads,4",124777.59084583404,124119.0,0.005306124330956919,0.028234529489546415,8095.026180267334
1e-07,99,p9,Inhibition / adsorption,97216.75832992866,98084.0,-0.008841826088570374,0.028234529489546415,8095.026180267334
1e-05,100,p1,A1,1632.2378510268786,15672.02,-0.8958501934640921,0.06732591770274471,6929.3321788311005
1e-05,100,p2,E1,1591.0783590842386,3453.38,-0.5392692495224277,0.06732591770274471,6929.3321788311005
1e-05,100,p3,"K_ads,1",14.445039549319747,30.836,-0.5315527451900459,0.06732591770274471,6929.3321788311005
1e-05,100,p4,"K_ads,2",263.4024183094099,558.532,-0.5284022789931286,0.06732591770274471,6929.3321788311005
1e-05,100,p5,A2,0.3505683804792169,0.7439,-0.5287425991676074,0.06732591770274471,6929.3321788311005
1e-05,100,p6,E2,41757.93725603189,40000.0,0.0439484314007972,0.06732591770274471,6929.3321788311005
1e-05,100,p7,"K_ads,3",17963.096791785323,17197.0,0.04454828119935589,0.06732591770274471,6929.3321788311005
1e-05,100,p8,"K_ads,4",124468.79512587082,124119.0,0.0028182238486518575,0.06732591770274471,6929.3321788311005
1e-05,100,p9,Inhibition / adsorption,97326.55205139934,98084.0,-0.007722441464465767,0.06732591770274471,6929.3321788311005
1e-06,100,p1,A1,293.9356481575846,15672.02,-0.9812445588917328,0.11942388376098367,7263.416864871979
1e-06,100,p2,E1,874.5976711939943,3453.38,-0.7467415485136318,0.11942388376098367,7263.416864871979
1e-06,100,p3,"K_ads,1",8.025669673367663,30.836,-0.7397305203863127,0.11942388376098367,7263.416864871979
1e-06,100,p4,"K_ads,2",150.6096351369756,558.532,-0.7303473478028554,0.11942388376098367,7263.416864871979
1e-06,100,p5,A2,0.19730778766939977,0.7439,-0.734765710889367,0.11942388376098367,7263.416864871979
1e-06,100,p6,E2,45255.15258115647,40000.0,0.13137881452891179,0.11942388376098367,7263.416864871979
1e-06,100,p7,"K_ads,3",19063.60607035647,17197.0,0.10854254058012845,0.11942388376098367,7263.416864871979
1e-06,100,p8,"K_ads,4",125191.72257614204,124119.0,0.00864269431869449,0.11942388376098367,7263.416864871979
1e-06,100,p9,Inhibition / adsorption,96466.18114506584,98084.0,-0.016494217761654884,0.11942388376098367,7263.416864871979
1e-07,100,p1,A1,1363.344475055443,15672.02,-0.9130077376716312,0.08189492001791428,8206.155396461487
1e-07,100,p2,E1,1449.8231607547104,3453.38,-0.5801727117332265,0.08189492001791428,8206.155396461487
1e-07,100,p3,"K_ads,1",13.614203755850498,30.836,-0.5584964406586296,0.08189492001791428,8206.155396461487
1e-07,100,p4,"K_ads,2",249.47604560148613,558.532,-0.5533361640846252,0.08189492001791428,8206.155396461487
1e-07,100,p5,A2,0.3302513466489208,0.7439,-0.5560541112395203,0.08189492001791428,8206.155396461487
1e-07,100,p6,E2,50056.692706985195,40000.0,0.2514173176746299,0.08189492001791428,8206.155396461487
1e-07,100,p7,"K_ads,3",21202.19962530313,17197.0,0.23290106561046278,0.08189492001791428,8206.155396461487
1e-07,100,p8,"K_ads,4",126819.25056003967,124119.0,0.021755336089073138,0.08189492001791428,8206.155396461487
1e-07,100,p9,Inhibition / adsorption,94615.81738659427,98084.0,-0.03535931052369126,0.08189492001791428,8206.155396461487
1e-05,101,p1,A1,2475.7947615877893,15672.02,-0.8420245276877014,0.056713049342526356,8327.801085710526
1e-05,101,p2,E1,1825.4606619097342,3453.38,-0.4713988434780609,0.056713049342526356,8327.801085710526
1e-05,101,p3,"K_ads,1",16.582868990948395,30.836,-0.4622237322950968,0.056713049342526356,8327.801085710526
1e-05,101,p4,"K_ads,2",303.7264171061827,558.532,-0.45620588058305944,0.056713049342526356,8327.801085710526
1e-05,101,p5,A2,0.40209558106125803,0.7439,-0.45947629915142085,0.056713049342526356,8327.801085710526
1e-05,101,p6,E2,43808.23410947139,40000.0,0.0952058527367848,0.056713049342526356,8327.801085710526
1e-05,101,p7,"K_ads,3",18687.054119436765,17197.0,0.0866461661590257,0.056713049342526356,8327.801085710526
1e-05,101,p8,"K_ads,4",125065.23142544426,124119.0,0.007623582412396658,0.056713049342526356,8327.801085710526
1e-05,101,p9,Inhibition / adsorption,96902.79460798521,98084.0,-0.012042793850320014,0.056713049342526356,8327.801085710526
1e-06,101,p1,A1,1391.6870001169927,15672.02,-0.91119925828853,0.07156653945821322,8258.138209104538
1e-06,101,p2,E1,1520.2741704321497,3453.38,-0.5597721158887381,0.07156653945821322,8258.138209104538
1e-06,101,p3,"K_ads,1",13.5984652198501,30.836,-0.5590068355217895,0.07156653945821322,8258.138209104538
1e-06,101,p4,"K_ads,2",250.8794036742298,558.532,-0.5508235809689869,0.07156653945821322,8258.138209104538
1e-06,101,p5,A2,0.33186781974849494,0.7439,-0.5538811402762536,0.07156653945821322,8258.138209104538
1e-06,101,p6,E2,40459.602165837896,40000.0,0.011490054145947398,0.07156653945821322,8258.138209104538
1e-06,101,p7,"K_ads,3",17169.36711838952,17197.0,-0.0016068431476699233,0.07156653945821322,8258.138209104538
1e-06,101,p8,"K_ads,4",124142.44206774751,124119.0,0.00018886768139860654,0.07156653945821322,8258.138209104538
1e-06,101,p9,Inhibition / adsorption,97918.95731199878,98084.0,-0.0016826667754294658,0.07156653945821322,8258.138209104538
1e-07,101,p1,A1,2383.6479006018553,15672.02,-0.8479042331108654,0.0560343575156681,7424.863695144653
1e-07,101,p2,E1,1815.1280700678744,3453.38,-0.47439086631998956,0.0560343575156681,7424.863695144653
1e-07,101,p3,"K_ads,1",16.352270980810648,30.836,-0.46970193991404047,0.0560343575156681,7424.863695144653
1e-07,101,p4,"K_ads,2",299.61852922202195,558.532,-0.46356067472943013,0.0560343575156681,7424.863695144653
1e-07,101,p5,A2,0.39708087707086276,0.7439,-0.4662173987486722,0.0560343575156681,7424.863695144653
1e-07,101,p6,E2,41611.589624965534,40000.0,0.04028974062413836,0.0560343575156681,7424.863695144653
1e-07,101,p7,"K_ads,3",17743.513779186647,17197.0,0.03177959988292419,0.0560343575156681,7424.863695144653
1e-07,101,p8,"K_ads,4",124431.30919608542,124119.0,0.0025162078012667013,0.0560343575156681,7424.863695144653
1e-07,101,p9,Inhibition / adsorption,97554.8901940583,98084.0,-0.005394455833180724,0.0560343575156681,7424.863695144653
1e-05,102,p1,A1,591.6049721124023,15672.02,-0.9622508794582701,0.19806165570513654,8096.001611948013
1e-05,102,p2,E1,1053.710864530075,3453.38,-0.6948754945792022,0.19806165570513654,8096.001611948013
1e-05,102,p3,"K_ads,1",12.277829241484103,30.836,-0.6018345686378226,0.19806165570513654,8096.001611948013
1e-05,102,p4,"K_ads,2",166.2147373406739,558.532,-0.7024078524763597,0.19806165570513654,8096.001611948013
1e-05,102,p5,A2,0.3051707463615441,0.7439,-0.5897691270848984,0.19806165570513654,8096.001611948013
1e-05,102,p6,E2,48244.37534369276,40000.0,0.20610938359231895,0.19806165570513654,8096.001611948013
1e-05,102,p7,"K_ads,3",60678.675101118395,17197.0,2.5284453742582076,0.19806165570513654,8096.001611948013
1e-05,102,p8,"K_ads,4",70581.17871044081,124119.0,-0.43134267347915456,0.19806165570513654,8096.001611948013
1e-05,102,p9,Inhibition / adsorption,81220.46121523963,98084.0,-0.17192955818237807,0.19806165570513654,8096.001611948013
1e-06,102,p1,A1,1171.4240134588417,15672.02,-0.9252537953972212,0.1020946888534847,8093.431558132172
1e-06,102,p2,E1,975.3213833385516,3453.38,-0.7175748445469217,0.1020946888534847,8093.431558132172
1e-06,102,p3,"K_ads,1",13.9562654854531,30.836,-0.5474035061145057,0.1020946888534847,8093.431558132172
1e-06,102,p4,"K_ads,2",248.36024224262943,558.532,-0.5553339070230007,0.1020946888534847,8093.431558132172
1e-06,102,p5,A2,0.3547597504734286,0.7439,-0.5231082800464731,0.1020946888534847,8093.431558132172
1e-06,102,p6,E2,49510.29830430598,40000.0,0.2377574576076495,0.1020946888534847,8093.431558132172
1e-06,102,p7,"K_ads,3",26344.072715760132,17197.0,0.5318993263801903,0.1020946888534847,8093.431558132172
1e-06,102,p8,"K_ads,4",115067.27502704524,124119.0,-0.0729277948819662,0.1020946888534847,8093.431558132172
1e-06,102,p9,Inhibition / adsorption,80824.80816906846,98084.0,-0.17596337660506847,0.1020946888534847,8093.431558132172
1e-07,102,p1,A1,1330.6875954898574,15672.02,-0.9150915073175088,0.07823757571972577,8167.161509037018
1e-07,102,p2,E1,1443.6350197454833,3453.38,-0.5819646202429263,0.07823757571972577,8167.161509037018
1e-07,102,p3,"K_ads,1",13.514268820882894,30.836,-0.5617372933946395,0.07823757571972577,8167.161509037018
1e-07,102,p4,"K_ads,2",247.2463250954846,558.532,-0.5573282728733813,0.07823757571972577,8167.161509037018
1e-07,102,p5,A2,0.3276401867941746,0.7439,-0.5595642064871964,0.07823757571972577,8167.161509037018
1e-07,102,p6,E2,46994.82497264077,40000.0,0.17487062431601916,0.07823757571972577,8167.161509037018
1e-07,102,p7,"K_ads,3",20065.62327864844,17197.0,0.16680951786058265,0.07823757571972577,8167.161509037018
1e-07,102,p8,"K_ads,4",125899.97625871665,124119.0,0.014348941408782281,0.07823757571972577,8167.161509037018
1e-07,102,p9,Inhibition / adsorption,95417.66352973206,98084.0,-0.027184214247664647,0.07823757571972577,8167.161509037018
1e-05,103,p1,A1,742.2220678569615,15672.02,-0.9526403062364034,0.09179883607031625,8525.804802179337
1e-05,103,p2,E1,1204.0731191405948,3453.38,-0.6513348895457219,0.09179883607031625,8525.804802179337
1e-05,103,p3,"K_ads,1",11.014422575914354,30.836,-0.6428063764458959,0.09179883607031625,8525.804802179337
1e-05,103,p4,"K_ads,2",204.22520670996184,558.532,-0.6343536149943748,0.09179883607031625,8525.804802179337
1e-05,103,p5,A2,0.269297562979645,0.7439,-0.6379922530183559,0.09179883607031625,8525.804802179337
1e-05,103,p6,E2,44273.38268211338,40000.0,0.10683456705283442,0.09179883607031625,8525.804802179337
1e-05,103,p7,"K_ads,3",18759.58124956166,17197.0,0.09086359536905618,0.09179883607031625,8525.804802179337
1e-05,103,p8,"K_ads,4",124910.14931153283,124119.0,0.006374119284983233,0.09179883607031625,8525.804802179337
1e-05,103,p9,Inhibition / adsorption,96803.88080285378,98084.0,-0.013051253998065178,0.09179883607031625,8525.804802179337
1e-06,103,p1,A1,1522.0354441318339,15672.02,-0.9028819868701141,0.07180894308458426,8528.41567826271
1e-06,103,p2,E1,1538.7454926817848,3453.38,-0.554423349680086,0.07180894308458426,8528.41567826271
1e-06,103,p3,"K_ads,1",14.075090421984424,30.836,-0.5435500576603832,0.07180894308458426,8528.41567826271
1e-06,103,p4,"K_ads,2",258.603363624375,558.532,-0.5369945435098169,0.07180894308458426,8528.41567826271
1e-06,103,p5,A2,0.34241320845960904,0.7439,-0.5397053253668382,0.07180894308458426,8528.41567826271
1e-06,103,p6,E2,45011.72457757103,40000.0,0.12529311443927582,0.07180894308458426,8528.41567826271
1e-06,103,p7,"K_ads,3",19130.792388196664,17197.0,0.11244940327944779,0.07180894308458426,8528.41567826271
1e-06,103,p8,"K_ads,4",125302.82138690069,124119.0,0.0095377934635365,0.07180894308458426,8528.41567826271
1e-06,103,p9,Inhibition / adsorption,96284.61382144391,98084.0,-0.01834535886134423,0.07180894308458426,8528.41567826271
1e-07,103,p1,A1,1041.8983284762883,15672.02,-0.9335185682205428,0.0811665373425793,8443.047890424728
1e-07,103,p2,E1,1361.4082255285605,3453.38,-0.6057751462252748,0.0811665373425793,8443.047890424728
1e-07,103,p3,"K_ads,1",12.36010291303805,30.836,-0.5991664640991682,0.0811665373425793,8443.047890424728
1e-07,103,p4,"K_ads,2",228.0835226334369,558.532,-0.5916375021781439,0.0811665373425793,8443.047890424728
1e-07,103,p5,A2,0.30122809459276373,0.7439,-0.5950691025772769,0.0811665373425793,8443.047890424728
1e-07,103,p6,E2,43209.973642177094,40000.0,0.08024934105442735,0.0811665373425793,8443.047890424728
1e-07,103,p7,"K_ads,3",18334.679272500736,17197.0,0.06615568253187976,0.0811665373425793,8443.047890424728
1e-07,103,p8,"K_ads,4",124820.63756397087,124119.0,0.005652942450155667,0.0811665373425793,8443.047890424728
1e-07,103,p9,Inhibition / adsorption,97072.66375671531,98084.0,-0.010310919653406178,0.0811665373425793,8443.047890424728
1e-05,104,p1,A1,424.9574338756454,15672.02,-0.972884322896752,0.10670092978680645,7223.251410961151
1e-05,104,p2,E1,1014.7672049353497,3453.38,-0.7061524636919917,0.10670092978680645,7223.251410961151
1e-05,104,p3,"K_ads,1",9.074418892788602,30.836,-0.7057199736415682,0.10670092978680645,7223.251410961151
1e-05,104,p4,"K_ads,2",169.41455035791552,558.532,-0.6966788825744711,0.10670092978680645,7223.251410961151
1e-05,104,p5,A2,0.22335428442945868,0.7439,-0.6997522725776869,0.10670092978680645,7223.251410961151
1e-05,104,p6,E2,40968.58123754291,40000.0,0.024214530938572718,0.10670092978680645,7223.251410961151
1e-05,104,p7,"K_ads,3",17134.372176015022,17197.0,-0.003641787752804444,0.10670092978680645,7223.251410961151
1e-05,104,p8,"K_ads,4",124502.86625802369,124119.0,0.0030927276083732957,0.10670092978680645,7223.251410961151
1e-05,104,p9,Inhibition / adsorption,97923.17720811784,98084.0,-0.0016396434880527394,0.10670092978680645,7223.251410961151
1e-06,104,p1,A1,1588.1694102397196,15672.02,-0.8986621118247858,0.06795596772114508,7607.569391965866
1e-06,104,p2,E1,1581.9897269713213,3453.38,-0.5419010572334,0.06795596772114508,7607.569391965866
1e-06,104,p3,"K_ads,1",14.241215494006171,30.836,-0.5381626834217742,0.06795596772114508,7607.569391965866
1e-06,104,p4,"K_ads,2",262.180494360817,558.532,-0.5305900210537319,0.06795596772114508,7607.569391965866
1e-06,104,p5,A2,0.3466395579542493,0.7439,-0.5340239844680075,0.06795596772114508,7607.569391965866
1e-06,104,p6,E2,41612.33906135892,40000.0,0.04030847653397304,0.06795596772114508,7607.569391965866
1e-06,104,p7,"K_ads,3",17694.39319922336,17197.0,0.028923254010778582,0.06795596772114508,7607.569391965866
1e-06,104,p8,"K_ads,4",124378.55172740016,124119.0,0.0020911522603321115,0.06795596772114508,7607.569391965866
1e-06,104,p9,Inhibition / adsorption,97611.76962365465,98084.0,-0.004814550552030432,0.06795596772114508,7607.569391965866
1e-07,104,p1,A1,3310.625986714415,15672.02,-0.7887556303071069,0.06841945530177636,8644.106708049774
1e-07,104,p2,E1,1914.3330153569016,3453.38,-0.44566395376213985,0.06841945530177636,8644.106708049774
1e-07,104,p3,"K_ads,1",18.58588609497743,30.836,-0.3972666333189315,0.06841945530177636,8644.106708049774
1e-07,104,p4,"K_ads,2",333.25218478948625,558.532,-0.40334271843066066,0.06841945530177636,8644.106708049774
1e-07,104,p5,A2,0.4463869177147573,0.7439,-0.39993693007829373,0.06841945530177636,8644.106708049774
1e-07,104,p6,E2,52935.90650549223,40000.0,0.3233976626373058,0.06841945530177636,8644.106708049774
1e-07,104,p7,"K_ads,3",23015.897385739656,17197.0,0.338367005043883,0.06841945530177636,8644.106708049774
1e-07,104,p8,"K_ads,4",127087.55845085077,124119.0,0.023917034868559804,0.06841945530177636,8644.106708049774
1e-07,104,p9,Inhibition / adsorption,93113.35928931947,98084.0,-0.05067738581909921,0.06841945530177636,8644.106708049774
1e-05,105,p1,A1,4626.134135442572,15672.02,-0.7048157075193516,0.044867062515128425,8667.895047426224
1e-05,105,p2,E1,2243.672406801068,3453.38,-0.3502966928629146,0.044867062515128425,8667.895047426224
1e-05,105,p3,"K_ads,1",20.54033067330818,30.836,-0.33388472326799257,0.044867062515128425,8667.895047426224
1e-05,105,p4,"K_ads,2",372.44497534688105,558.532,-0.33317164397584914,0.044867062515128425,8667.895047426224
1e-05,105,p5,A2,0.4966272683519881,0.7439,-0.33240049959404744,0.044867062515128425,8667.895047426224
1e-05,105,p6,E2,46458.744178254776,40000.0,0.1614686044563694,0.044867062515128425,8667.895047426224
1e-05,105,p7,"K_ads,3",20033.50982161912,17197.0,0.16494213069832656,0.044867062515128425,8667.895047426224
1e-05,105,p8,"K_ads,4",125841.60879497351,124119.0,0.013878687348218309,0.044867062515128425,8667.895047426224
1e-05,105,p9,Inhibition / adsorption,95820.06882251162,98084.0,-0.023081554356351522,0.044867062515128425,8667.895047426224
1e-06,105,p1,A1,2827.5414526640643,15672.02,-0.8195802804830479,0.05279128337597738,8589.097267627716
1e-06,105,p2,E1,1917.1097368228586,3453.38,-0.44485989470522835,0.05279128337597738,8589.097267627716
1e-06,105,p3,"K_ads,1",17.340634437557675,30.836,-0.437649680971667,0.05279128337597738,8589.097267627716
1e-06,105,p4,"K_ads,2",316.9145459868281,558.532,-0.4325937529329956,0.05279128337597738,8589.097267627716
1e-06,105,p5,A2,0.4204126882356064,0.7439,-0.4348532218905681,0.05279128337597738,8589.097267627716
1e-06,105,p6,E2,43694.43195605656,40000.0,0.09236079890141391,0.05279128337597738,8589.097267627716
1e-06,105,p7,"K_ads,3",18641.495146333422,17197.0,0.08399692657634598,0.05279128337597738,8589.097267627716
1e-06,105,p8,"K_ads,4",125158.67564001644,124119.0,0.008376442285358767,0.05279128337597738,8589.097267627716
1e-06,105,p9,Inhibition / adsorption,96920.77354090793,98084.0,-0.011859492466580357,0.05279128337597738,8589.097267627716
1e-07,105,p1,A1,1255.655710627306,15672.02,-0.9198791406195688,0.08071650697972478,7717.395778656006
1e-07,105,p2,E1,1425.7452682404692,3453.38,-0.5871449802105563,0.08071650697972478,7717.395778656006
1e-07,105,p3,"K_ads,1",13.22922504628772,30.836,-0.5709811568852082,0.08071650697972478,7717.395778656006
1e-07,105,p4,"K_ads,2",242.28915392965897,558.532,-0.5662036303566154,0.08071650697972478,7717.395778656006
1e-07,105,p5,A2,0.3200488524382239,0.7439,-0.5697689844895498,0.08071650697972478,7717.395778656006
1e-07,105,p6,E2,47729.60535497854,40000.0,0.19324013387446357,0.08071650697972478,7717.395778656006
1e-07,105,p7,"K_ads,3",20343.55362994304,17197.0,0.1829710780917043,0.08071650697972478,7717.395778656006
1e-07,105,p8,"K_ads,4",126024.24653256693,124119.0,0.01535016018955142,0.08071650697972478,7717.395778656006
1e-07,105,p9,Inhibition / adsorption,95767.31218325073,98084.0,-0.023619426376873583,0.08071650697972478,7717.395778656006
1e-05,106,p1,A1,980.9883454326118,15672.02,-0.937405111438563,0.08258025477948448,8734.409896373749
1e-05,106,p2,E1,1324.896862918656,3453.38,-0.6163477917522381,0.08258025477948448,8734.409896373749
1e-05,106,p3,"K_ads,1",12.125365409554725,30.836,-0.6067789139462082,0.08258025477948448,8734.409896373749
1e-05,106,p4,"K_ads,2",223.6868959707718,558.532,-0.5995092564601997,0.08258025477948448,8734.409896373749
1e-05,106,p5,A2,0.2958039161335476,0.7439,-0.6023606450684936,0.08258025477948448,8734.409896373749
1e-05,106,p6,E2,42469.266246283056,40000.0,0.061731656157076396,0.08258025477948448,8734.409896373749
1e-05,106,p7,"K_ads,3",18037.095104286287,17197.0,0.04885125918975909,0.08258025477948448,8734.409896373749
1e-05,106,p8,"K_ads,4",124508.43303099571,124119.0,0.0031375778969836604,0.08258025477948448,8734.409896373749
1e-05,106,p9,Inhibition / adsorption,97166.8822106777,98084.0,-0.009350330220242922,0.08258025477948448,8734.409896373749
1e-06,106,p1,A1,438.10577336998523,15672.02,-0.9720453538618515,0.10743124640586722,8685.660215616226
1e-06,106,p2,E1,1003.5771326077581,3453.38,-0.7093927883384515,0.10743124640586722,8685.660215616226
1e-06,106,p3,"K_ads,1",9.210294355379457,30.836,-0.7013135829751117,0.10743124640586722,8685.660215616226
1e-06,106,p4,"K_ads,2",171.57024437337927,558.532,-0.6928193113852398,0.10743124640586722,8685.660215616226
1e-06,106,p5,A2,0.22570315322601303,0.7439,-0.6965947664659053,0.10743124640586722,8685.660215616226
1e-06,106,p6,E2,44699.870487675034,40000.0,0.11749676219187585,0.10743124640586722,8685.660215616226
1e-06,106,p7,"K_ads,3",18877.37207023041,17197.0,0.09771309357622894,0.10743124640586722,8685.660215616226
1e-06,106,p8,"K_ads,4",125117.08013353919,124119.0,0.008041316265351702,0.10743124640586722,8685.660215616226
1e-06,106,p9,Inhibition / adsorption,96609.68818802352,98084.0,-0.015031114269161984,0.10743124640586722,8685.660215616226
1e-07,106,p1,A1,9010.572575538938,15672.02,-0.4250535300785133,0.0816392438608554,8587.406880378723
1e-07,106,p2,E1,2609.456389336294,3453.38,-0.24437612155734564,0.0816392438608554,8587.406880378723
1e-07,106,p3,"K_ads,1",26.123040389503906,30.836,-0.15283952557063474,0.0816392438608554,8587.406880378723
1e-07,106,p4,"K_ads,2",464.4953375338009,558.532,-0.16836396565675577,0.0816392438608554,8587.406880378723
1e-07,106,p5,A2,0.6120676589246472,0.7439,-0.1772178264220363,0.0816392438608554,8587.406880378723
1e-07,106,p6,E2,63356.758312106096,40000.0,0.5839189578026523,0.0816392438608554,8587.406880378723
1e-07,106,p7,"K_ads,3",26907.229225900646,17197.0,0.5646466956969615,0.0816392438608554,8587.406880378723
1e-07,106,p8,"K_ads,4",131077.165905542,124119.0,0.05606044123415434,0.0816392438608554,8587.406880378723
1e-07,106,p9,Inhibition / adsorption,91339.05269807049,98084.0,-0.06876704969138199,0.0816392438608554,8587.406880378723
1e-05,107,p1,A1,487.14723048848214,15672.02,-0.9689161173551027,0.10394124379696588,8953.046740531921
1e-05,107,p2,E1,1039.483860698433,3453.38,-0.6989952276614699,0.10394124379696588,8953.046740531921
1e-05,107,p3,"K_ads,1",9.524874941829566,30.836,-0.69111185167241,0.10394124379696588,8953.046740531921
1e-05,107,p4,"K_ads,2",178.20732043128064,558.532,-0.6809362392284047,0.10394124379696588,8953.046740531921
1e-05,107,p5,A2,0.23257670350234733,0.7439,-0.6873548817013747,0.10394124379696588,8953.046740531921
1e-05,107,p6,E2,44160.22420185387,40000.0,0.10400560504634668,0.10394124379696588,8953.046740531921
1e-05,107,p7,"K_ads,3",18498.709591371105,17197.0,0.07569399263657065,0.10394124379696588,8953.046740531921
1e-05,107,p8,"K_ads,4",125091.52993411005,124119.0,0.007835463821897109,0.10394124379696588,8953.046740531921
1e-05,107,p9,Inhibition / adsorption,97048.35968693864,98084.0,-0.010558707975422715,0.10394124379696588,8953.046740531921
1e-06,107,p1,A1,504.6777980940018,15672.02,-0.9677975271793935,0.10658472827400955,8863.869553565979
1e-06,107,p2,E1,1039.9221655969568,3453.38,-0.6988683071087003,0.10658472827400955,8863.869553565979
1e-06,107,p3,"K_ads,1",9.70873719167801,30.836,-0.6851492673602928,0.10658472827400955,8863.869553565979
1e-06,107,p4,"K_ads,2",179.46677142838507,558.532,-0.6786813084507511,0.10658472827400955,8863.869553565979
1e-06,107,p5,A2,0.23692951185400457,0.7439,-0.681503546371818,0.10658472827400955,8863.869553565979
1e-06,107,p6,E2,48133.05792898676,40000.0,0.203326448224669,0.10658472827400955,8863.869553565979
1e-06,107,p7,"K_ads,3",20453.71853126579,17197.0,0.18937713155002556,0.10658472827400955,8863.869553565979
1e-06,107,p8,"K_ads,4",126192.18417195964,124119.0,0.016703197511739872,0.10658472827400955,8863.869553565979
1e-06,107,p9,Inhibition / adsorption,95317.84545199042,98084.0,-0.028201893764626045,0.10658472827400955,8863.869553565979
1e-07,107,p1,A1,1223.7724919301945,15672.02,-0.9219135445251988,0.08770196831262844,8676.19341802597
1e-07,107,p2,E1,1368.5890871645033,3453.38,-0.6036957742372681,0.08770196831262844,8676.19341802597
1e-07,107,p3,"K_ads,1",13.229123852103537,30.836,-0.5709844385749274,0.08770196831262844,8676.19341802597
1e-07,107,p4,"K_ads,2",240.582462143292,558.532,-0.5692593044923263,0.08770196831262844,8676.19341802597
1e-07,107,p5,A2,0.32141824123765944,0.7439,-0.5679281607236732,0.08770196831262844,8676.19341802597
1e-07,107,p6,E2,51207.098732919796,40000.0,0.2801774683229949,0.08770196831262844,8676.19341802597
1e-07,107,p7,"K_ads,3",22184.512840469044,17197.0,0.29002226204972054,0.08770196831262844,8676.19341802597
1e-07,107,p8,"K_ads,4",126358.33793995394,124119.0,0.01804186256700377,0.08770196831262844,8676.19341802597
1e-07,107,p9,Inhibition / adsorption,93367.59346736106,98084.0,-0.04808538123077096,0.08770196831262844,8676.19341802597
1e-05,108,p1,A1,0.23998558054039884,15672.02,-0.9999846870039383,0.5764938808564434,7034.048056602478
1e-05,108,p2,E1,0.3384699631017092,3453.38,-0.9999019887868982,0.5764938808564434,7034.048056602478
1e-05,108,p3,"K_ads,1",2.3234301468409746,30.836,-0.9246520253326964,0.5764938808564434,7034.048056602478
1e-05,108,p4,"K_ads,2",0.42344590769521434,558.532,-0.9992418591813984,0.5764938808564434,7034.048056602478
1e-05,108,p5,A2,0.4733673222715384,0.7439,-0.3636680706122619,0.5764938808564434,7034.048056602478
1e-05,108,p6,E2,13266.650450452586,40000.0,-0.6683337387386853,0.5764938808564434,7034.048056602478
1e-05,108,p7,"K_ads,3",13488.216868344065,17197.0,-0.2156645421675836,0.5764938808564434,7034.048056602478
1e-05,108,p8,"K_ads,4",13318.76131904556,124119.0,-0.8926936140393851,0.5764938808564434,7034.048056602478
1e-05,108,p9,Inhibition / adsorption,13302.300265093203,98084.0,-0.8643784892021817,0.5764938808564434,7034.048056602478
1e-06,108,p1,A1,0.23993422673477888,15672.02,-0.999984690280721,0.5764954460950018,7273.13018321991
1e-06,108,p2,E1,0.33846961344135057,3453.38,-0.9999019888881499,0.5764954460950018,7273.13018321991
1e-06,108,p3,"K_ads,1",2.324208020669922,30.836,-0.9246267991740199,0.5764954460950018,7273.13018321991
1e-06,108,p4,"K_ads,2",0.42343320406114937,558.532,-0.9992418819260829,0.5764954460950018,7273.13018321991
1e-06,108,p5,A2,0.4735700482906803,0.7439,-0.36339555277499624,0.5764954460950018,7273.13018321991
1e-06,108,p6,E2,13266.682501745521,40000.0,-0.668332937456362,0.5764954460950018,7273.13018321991
1e-06,108,p7,"K_ads,3",13488.141971230283,17197.0,-0.2156688974105784,0.5764954460950018,7273.13018321991
1e-06,108,p8,"K_ads,4",13318.755147743565,124119.0,-0.8926936637602336,0.5764954460950018,7273.13018321991
1e-06,108,p9,Inhibition / adsorption,13302.296588982315,98084.0,-0.8643785266813924,0.5764954460950018,7273.13018321991
1e-07,108,p1,A1,0.2399351400244143,15672.02,-0.9999846902224458,0.5764954441775608,8360.493993759155
1e-07,108,p2,E1,0.33846961937125397,3453.38,-0.9999019888864327,0.5764954441775608,8360.493993759155
1e-07,108,p3,"K_ads,1",2.3241584269238764,30.836,-0.9246284074807408,0.5764954441775608,8360.493993759155
1e-07,108,p4,"K_ads,2",0.42343345311525066,558.532,-0.9992418814801745,0.5764954441775608,8360.493993759155
1e-07,108,p5,A2,0.47357361833443984,0.7439,-0.3633907536840438,0.5764954441775608,8360.493993759155
1e-07,108,p6,E2,13266.682837870369,40000.0,-0.6683329290532408,0.5764954441775608,8360.493993759155
1e-07,108,p7,"K_ads,3",13488.142075953887,17197.0,-0.21566889132093464,0.5764954441775608,8360.493993759155
1e-07,108,p8,"K_ads,4",13318.755257590365,124119.0,-0.8926936628752216,0.5764954441775608,8360.493993759155
1e-07,108,p9,Inhibition / adsorption,13302.298058361695,98084.0,-0.864378511700566,0.5764954441775608,8360.493993759155
1e-05,109,p1,A1,1755.9886854389783,15672.02,-0.8879539022130537,0.22204059616522456,8515.240003824234
1e-05,109,p2,E1,110.43893054464283,3453.38,-0.9680200468686785,0.22204059616522456,8515.240003824234
1e-05,109,p3,"K_ads,1",20.008354688087206,30.836,-0.3511365064182382,0.22204059616522456,8515.240003824234
1e-05,109,p4,"K_ads,2",258.3140903297253,558.532,-0.5375124606473304,0.22204059616522456,8515.240003824234
1e-05,109,p5,A2,0.551123436275227,0.7439,-0.25914311564023795,0.22204059616522456,8515.240003824234
1e-05,109,p6,E2,34877.16327395479,40000.0,-0.12807091815113017,0.22204059616522456,8515.240003824234
1e-05,109,p7,"K_ads,3",50604.977631415415,17197.0,1.9426631174865043,0.22204059616522456,8515.240003824234
1e-05,109,p8,"K_ads,4",50035.35634022769,124119.0,-0.5968759308387298,0.22204059616522456,8515.240003824234
1e-05,109,p9,Inhibition / adsorption,53314.90218340184,98084.0,-0.4564362976285445,0.22204059616522456,8515.240003824234
1e-06,109,p1,A1,831.2531167695737,15672.02,-0.9469594144998811,0.2546812586947624,8473.033797740936
1e-06,109,p2,E1,16.917488441266823,3453.38,-0.9951011795860094,0.2546812586947624,8473.033797740936
1e-06,109,p3,"K_ads,1",15.051501117012279,30.836,-0.5118854223306434,0.2546812586947624,8473.033797740936
1e-06,109,p4,"K_ads,2",208.77915798748677,558.532,-0.6262001855086428,0.2546812586947624,8473.033797740936
1e-06,109,p5,A2,0.31196982685190006,0.7439,-0.5806293495740018,0.2546812586947624,8473.033797740936
1e-06,109,p6,E2,56301.70362635301,40000.0,0.40754259065882525,0.2546812586947624,8473.033797740936
1e-06,109,p7,"K_ads,3",58184.97073919685,17197.0,2.383437270407446,0.2546812586947624,8473.033797740936
1e-06,109,p8,"K_ads,4",56906.5505138049,124119.0,-0.5415162020818336,0.2546812586947624,8473.033797740936
1e-06,109,p9,Inhibition / adsorption,72926.3726034637,98084.0,-0.2564906345228203,0.2546812586947624,8473.033797740936
1e-07,109,p1,A1,51.04438280417415,15672.02,-0.9967429608433263,0.23434103997044622,7298.927498817444
1e-07,109,p2,E1,409.65627760173686,3453.38,-0.8813752678240632,0.23434103997044622,7298.927498817444
1e-07,109,p3,"K_ads,1",5.790456685056577,30.836,-0.8122176454450455,0.23434103997044622,7298.927498817444
1e-07,109,p4,"K_ads,2",66.7602434374495,558.532,-0.8804719453183533,0.23434103997044622,7298.927498817444
1e-07,109,p5,A2,0.12439525685367937,0.7439,-0.8327795982609499,0.23434103997044622,7298.927498817444
1e-07,109,p6,E2,37057.921685765454,40000.0,-0.07355195785586366,0.23434103997044622,7298.927498817444
1e-07,109,p7,"K_ads,3",51970.531605701704,17197.0,2.02206964038505,0.23434103997044622,7298.927498817444
1e-07,109,p8,"K_ads,4",63578.77456197255,124119.0,-0.48775953269062317,0.23434103997044622,7298.927498817444
1e-07,109,p9,Inhibition / adsorption,81846.02060719056,98084.0,-0.16555176576005715,0.23434103997044622,7298.927498817444
1e-05,110,p1,A1,272.36372379977036,15672.02,-0.9826210198940679,0.168247451732311,8701.063567638397
1e-05,110,p2,E1,733.3936688445373,3453.38,-0.7876301858340127,0.168247451732311,8701.063567638397
1e-05,110,p3,"K_ads,1",8.853869061434848,30.836,-0.7128723225634048,0.168247451732311,8701.063567638397
1e-05,110,p4,"K_ads,2",137.1495145737261,558.532,-0.7544464514589565,0.168247451732311,8701.063567638397
1e-05,110,p5,A2,0.23945346553646232,0.7439,-0.6781106794778031,0.168247451732311,8701.063567638397
1e-05,110,p6,E2,68917.15851211657,40000.0,0.7229289628029143,0.168247451732311,8701.063567638397
1e-05,110,p7,"K_ads,3",35355.43491964326,17197.0,1.0559071302926823,0.168247451732311,8701.063567638397
1e-05,110,p8,"K_ads,4",127357.7064616394,124119.0,0.026093559097635378,0.168247451732311,8701.063567638397
1e-05,110,p9,Inhibition / adsorption,71102.91983442409,98084.0,-0.2750813605233872,0.168247451732311,8701.063567638397
1e-06,110,p1,A1,199.7976436533898,15672.02,-0.9872513151684729,0.1835600993545172,8699.835027456284
1e-06,110,p2,E1,628.5718156539281,3453.38,-0.8179835941443085,0.1835600993545172,8699.835027456284
1e-06,110,p3,"K_ads,1",7.2242863699670465,30.836,-0.7657190825669008,0.1835600993545172,8699.835027456284
1e-06,110,p4,"K_ads,2",134.41835320998058,558.532,-0.759336343826351,0.1835600993545172,8699.835027456284
1e-06,110,p5,A2,0.1731756398862424,0.7439,-0.7672057536144073,0.1835600993545172,8699.835027456284
1e-06,110,p6,E2,84245.99271697874,40000.0,1.1061498179244684,0.1835600993545172,8699.835027456284
1e-06,110,p7,"K_ads,3",34969.7083526048,17197.0,1.0334772549052045,0.1835600993545172,8699.835027456284
1e-06,110,p8,"K_ads,4",135849.77482175725,124119.0,0.0945123214153937,0.1835600993545172,8699.835027456284
1e-06,110,p9,Inhibition / adsorption,83761.34069755551,98084.0,-0.1460244209294532,0.1835600993545172,8699.835027456284
1e-07,110,p1,A1,744.3505796678221,15672.02,-0.9525044901890234,0.21350657598804593,8668.7755048275
1e-07,110,p2,E1,591.2613665507054,3453.38,-0.8287876322470434,0.21350657598804593,8668.7755048275
1e-07,110,p3,"K_ads,1",12.38477594472696,30.836,-0.5983663268670723,0.21350657598804593,8668.7755048275
1e-07,110,p4,"K_ads,2",209.36316919816318,558.532,-0.625154567333361,0.21350657598804593,8668.7755048275
1e-07,110,p5,A2,0.18796591938778828,0.7439,-0.7473236733596071,0.21350657598804593,8668.7755048275
1e-07,110,p6,E2,123852.52904484012,40000.0,2.096313226121003,0.21350657598804593,8668.7755048275
1e-07,110,p7,"K_ads,3",47188.55805895598,17197.0,1.7439994219314987,0.21350657598804593,8668.7755048275
1e-07,110,p8,"K_ads,4",149594.33897324564,124119.0,0.20524930891519946,0.21350657598804593,8668.7755048275
1e-07,110,p9,Inhibition / adsorption,90323.89199071091,98084.0,-0.07911696106693336,0.21350657598804593,8668.7755048275
1e-05,111,p1,A1,6785.018019166619,15672.02,-0.5670616794027433,0.053819533844873944,8819.647208690643
1e-05,111,p2,E1,2399.7643905353248,3453.38,-0.3050969222803964,0.053819533844873944,8819.647208690643
1e-05,111,p3,"K_ads,1",23.698444932043966,30.836,-0.23146825359826284,0.053819533844873944,8819.647208690643
1e-05,111,p4,"K_ads,2",421.5038244796863,558.532,-0.24533630216409044,0.053819533844873944,8819.647208690643
1e-05,111,p5,A2,0.5686689234291747,0.7439,-0.23555730147980275,0.053819533844873944,8819.647208690643
1e-05,111,p6,E2,52516.930140837736,40000.0,0.3129232535209434,0.053819533844873944,8819.647208690643
1e-05,111,p7,"K_ads,3",22441.78018119139,17197.0,0.3049822748846536,0.053819533844873944,8819.647208690643
1e-05,111,p8,"K_ads,4",127585.63683210486,124119.0,0.02792994490855441,0.053819533844873944,8819.647208690643
1e-05,111,p9,Inhibition / adsorption,93116.75490743652,98084.0,-0.05064276632848861,0.053819533844873944,8819.647208690643
1e-06,111,p1,A1,4116.455177714812,15672.02,-0.7373372942534012,0.10537356483562238,8800.903747081757
1e-06,111,p2,E1,2063.591012838749,3453.38,-0.4024431099853625,0.10537356483562238,8800.903747081757
1e-06,111,p3,"K_ads,1",20.427261708069317,30.836,-0.33755150771600345,0.10537356483562238,8800.903747081757
1e-06,111,p4,"K_ads,2",347.77695381547227,558.532,-0.377337459956686,0.10537356483562238,8800.903747081757
1e-06,111,p5,A2,0.445455168043117,0.7439,-0.4011894501369579,0.10537356483562238,8800.903747081757
1e-06,111,p6,E2,70049.72399124816,40000.0,0.751243099781204,0.10537356483562238,8800.903747081757
1e-06,111,p7,"K_ads,3",29779.56650998031,17197.0,0.731672181774746,0.10537356483562238,8800.903747081757
1e-06,111,p8,"K_ads,4",134742.92190362647,124119.0,0.08559464629610672,0.10537356483562238,8800.903747081757
1e-06,111,p9,Inhibition / adsorption,93723.94516258789,98084.0,-0.04445225355218092,0.10537356483562238,8800.903747081757
1e-07,111,p1,A1,1840.9001009952206,15672.02,-0.8825358759754505,0.11001839458434091,19658.889533042908
1e-07,111,p2,E1,1494.933892427081,3453.38,-0.5671099350702555,0.11001839458434091,19658.889533042908
1e-07,111,p3,"K_ads,1",15.043655186809545,30.836,-0.51213986292614,0.11001839458434091,19658.889533042908
1e-07,111,p4,"K_ads,2",281.244845829079,558.532,-0.49645705916746224,0.11001839458434091,19658.889533042908
1e-07,111,p5,A2,0.36176940675399205,0.7439,-0.5136854325124451,0.11001839458434091,19658.889533042908
1e-07,111,p6,E2,67713.87634586488,40000.0,0.6928469086466219,0.11001839458434091,19658.889533042908
1e-07,111,p7,"K_ads,3",28048.71285746212,17197.0,0.6310236004804396,0.11001839458434091,19658.889533042908
1e-07,111,p8,"K_ads,4",131332.58664790823,124119.0,0.058118311039472056,0.11001839458434091,19658.889533042908
1e-07,111,p9,Inhibition / adsorption,90538.22008368431,98084.0,-0.07693181269438124,0.11001839458434091,19658.889533042908
1e-05,112,p1,A1,2385.4496341864074,15672.02,-0.8477892681232919,0.09354543222740559,7833.305080413818
1e-05,112,p2,E1,1668.8442256290155,3453.38,-0.5167504805063401,0.09354543222740559,7833.305080413818
1e-05,112,p3,"K_ads,1",16.592407783420374,30.836,-0.46191439280644786,0.09354543222740559,7833.305080413818
1e-05,112,p4,"K_ads,2",300.4739559081832,558.532,-0.4620291121937809,0.09354543222740559,7833.305080413818
1e-05,112,p5,A2,0.39292056178501017,0.7439,-0.47180997205940295,0.09354543222740559,7833.305080413818
1e-05,112,p6,E2,61706.52316345759,40000.0,0.5426630790864397,0.09354543222740559,7833.305080413818
1e-05,112,p7,"K_ads,3",26042.36217821998,17197.0,0.5143549559934861,0.09354543222740559,7833.305080413818
1e-05,112,p8,"K_ads,4",130138.30107475304,124119.0,0.04849620988529585,0.09354543222740559,7833.305080413818
1e-05,112,p9,Inhibition / adsorption,91666.70538215403,98084.0,-0.06542651826848384,0.09354543222740559,7833.305080413818
1e-06,112,p1,A1,1215.696172959271,15672.02,-0.9224288781561489,0.09944485212506722,7850.725701808929
1e-06,112,p2,E1,1318.1124417250749,3453.38,-0.6183123659356703,0.09944485212506722,7850.725701808929
1e-06,112,p3,"K_ads,1",13.083567854003547,30.836,-0.5757047654039581,0.09944485212506722,7850.725701808929
1e-06,112,p4,"K_ads,2",244.1668544234935,558.532,-0.562841780912296,0.09944485212506722,7850.725701808929
1e-06,112,p5,A2,0.3222259285456484,0.7439,-0.5668424135695007,0.09944485212506722,7850.725701808929
1e-06,112,p6,E2,58777.068283986235,40000.0,0.4694267070996559,0.09944485212506722,7850.725701808929
1e-06,112,p7,"K_ads,3",24091.424458856087,17197.0,0.40090855723998875,0.09944485212506722,7850.725701808929
1e-06,112,p8,"K_ads,4",129074.50544399153,124119.0,0.039925438039232715,0.09944485212506722,7850.725701808929
1e-06,112,p9,Inhibition / adsorption,91069.00625447698,98084.0,-0.07152026574694165,0.09944485212506722,7850.725701808929
1e-07,112,p1,A1,2113.2952203137293,15672.02,-0.8651548925847639,0.08746883472561534,8914.681057214737
1e-07,112,p2,E1,1529.3094896817624,3453.38,-0.5571557460569754,0.08746883472561534,8914.681057214737
1e-07,112,p3,"K_ads,1",15.976780047923803,30.836,-0.4818789710752431,0.08746883472561534,8914.681057214737
1e-07,112,p4,"K_ads,2",290.1306730521093,558.532,-0.4805478055830118,0.08746883472561534,8914.681057214737
1e-07,112,p5,A2,0.392360671524368,0.7439,-0.47256261389384596,0.08746883472561534,8914.681057214737
1e-07,112,p6,E2,58124.40747941202,40000.0,0.4531101869853004,0.08746883472561534,8914.681057214737
1e-07,112,p7,"K_ads,3",24124.82354726053,17197.0,0.4028507034517957,0.08746883472561534,8914.681057214737
1e-07,112,p8,"K_ads,4",128716.65713818718,124119.0,0.03704233145761065,0.08746883472561534,8914.681057214737
1e-07,112,p9,Inhibition / adsorption,88917.38042377062,98084.0,-0.093456828598236,0.08746883472561534,8914.681057214737
1e-05,113,p1,A1,639.1359201601978,15672.02,-0.9592180254900008,0.14494120643009076,9004.561772823334
1e-05,113,p2,E1,907.9828070889172,3453.38,-0.7370741687596161,0.14494120643009076,9004.561772823334
1e-05,113,p3,"K_ads,1",10.477932439375493,30.836,-0.6602045518427976,0.14494120643009076,9004.561772823334
1e-05,113,p4,"K_ads,2",210.20673751338364,558.532,-0.6236442361164918,0.14494120643009076,9004.561772823334
1e-05,113,p5,A2,0.2795057585653617,0.7439,-0.6242697155997289,0.14494120643009076,9004.561772823334
1e-05,113,p6,E2,70071.05312851489,40000.0,0.7517763282128722,0.14494120643009076,9004.561772823334
1e-05,113,p7,"K_ads,3",32414.214152761884,17197.0,0.8848760919207934,0.14494120643009076,9004.561772823334
1e-05,113,p8,"K_ads,4",125228.75308159248,124119.0,0.00894104111048658,0.14494120643009076,9004.561772823334
1e-05,113,p9,Inhibition / adsorption,76764.74479148859,98084.0,-0.2173571143969599,0.14494120643009076,9004.561772823334
1e-06,113,p1,A1,620.4815283040324,15672.02,-0.9604083246254133,0.11458454409043256,8943.2118704319
1e-06,113,p2,E1,1434.5378749136173,3453.38,-0.5845988929936418,0.11458454409043256,8943.2118704319
1e-06,113,p3,"K_ads,1",9.941261670236093,30.836,-0.6776085850876866,0.11458454409043256,8943.2118704319
1e-06,113,p4,"K_ads,2",202.72473977364166,558.532,-0.6370400625682295,0.11458454409043256,8943.2118704319
1e-06,113,p5,A2,0.27309317978885694,0.7439,-0.6328899317262308,0.11458454409043256,8943.2118704319
1e-06,113,p6,E2,55844.359961452006,40000.0,0.39610899903630015,0.11458454409043256,8943.2118704319
1e-06,113,p7,"K_ads,3",26186.944769347872,17197.0,0.5227623870063309,0.11458454409043256,8943.2118704319
1e-06,113,p8,"K_ads,4",121664.1750566313,124119.0,-0.019777994854685434,0.11458454409043256,8943.2118704319
1e-06,113,p9,Inhibition / adsorption,90015.04204158718,98084.0,-0.0822657921619512,0.11458454409043256,8943.2118704319
1e-07,113,p1,A1,356.1692277701234,15672.02,-0.9772735596451432,0.11991601020636661,7745.7649936676025
1e-07,113,p2,E1,907.7978644205053,3453.38,-0.7371277228626721,0.11991601020636661,7745.7649936676025
1e-07,113,p3,"K_ads,1",8.657357955362446,30.836,-0.7192451045737953,0.11991601020636661,7745.7649936676025
1e-07,113,p4,"K_ads,2",160.19558438543268,558.532,-0.7131845903449889,0.11991601020636661,7745.7649936676025
1e-07,113,p5,A2,0.20897871654181632,0.7439,-0.719076869818771,0.11991601020636661,7745.7649936676025
1e-07,113,p6,E2,50977.979816754145,40000.0,0.2744494954188536,0.11991601020636661,7745.7649936676025
1e-07,113,p7,"K_ads,3",21785.49169452466,17197.0,0.2668193111894318,0.11991601020636661,7745.7649936676025
1e-07,113,p8,"K_ads,4",126687.27728132199,124119.0,0.02069205586027919,0.11991601020636661,7745.7649936676025
1e-07,113,p9,Inhibition / adsorption,94917.82069657507,98084.0,-0.03228028326154039,0.11991601020636661,7745.7649936676025
1e-05,114,p1,A1,729.3625642795774,15672.02,-0.953460845233762,0.1531475085629901,9079.94090461731
1e-05,114,p2,E1,1031.4360549232604,3453.38,-0.7013256418571775,0.1531475085629901,9079.94090461731
1e-05,114,p3,"K_ads,1",11.248219814869334,30.836,-0.6352244190274571,0.1531475085629901,9079.94090461731
1e-05,114,p4,"K_ads,2",204.2462499794155,558.532,-0.6343159389624669,0.1531475085629901,9079.94090461731
1e-05,114,p5,A2,0.26522166724842605,0.7439,-0.6434713439327516,0.1531475085629901,9079.94090461731
1e-05,114,p6,E2,80595.49295047474,40000.0,1.0148873237618685,0.1531475085629901,9079.94090461731
1e-05,114,p7,"K_ads,3",34118.43940236404,17197.0,0.983976240179336,0.1531475085629901,9079.94090461731
1e-05,114,p8,"K_ads,4",134707.16986177998,124119.0,0.08530659980969864,0.1531475085629901,9079.94090461731
1e-05,114,p9,Inhibition / adsorption,85143.65765779412,98084.0,-0.13193122570659724,0.1531475085629901,9079.94090461731
1e-06,114,p1,A1,906.3118172884632,15672.02,-0.9421700701448529,0.08531307026888126,9175.025448799133
1e-06,114,p2,E1,1295.981255164854,3453.38,-0.6247209240903538,0.08531307026888126,9175.025448799133
1e-06,114,p3,"K_ads,1",11.784038534047584,30.836,-0.6178480174455966,0.08531307026888126,9175.025448799133
1e-06,114,p4,"K_ads,2",218.01777150614302,558.532,-0.6096593006199411,0.08531307026888126,9175.025448799133
1e-06,114,p5,A2,0.28759266627297186,0.7439,-0.6133987548420865,0.08531307026888126,9175.025448799133
1e-06,114,p6,E2,43348.38537899968,40000.0,0.08370963447499198,0.08531307026888126,9175.025448799133
1e-06,114,p7,"K_ads,3",18352.245165446784,17197.0,0.06717713353763936,0.08531307026888126,9175.025448799133
1e-06,114,p8,"K_ads,4",124818.41095284325,124119.0,0.005635003124769338,0.08531307026888126,9175.025448799133
1e-06,114,p9,Inhibition / adsorption,97012.95970551857,98084.0,-0.010919622919960716,0.08531307026888126,9175.025448799133
1e-07,114,p1,A1,50.89787186719806,15672.02,-0.9967523094108355,0.24209818176223238,8979.277760982513
1e-07,114,p2,E1,455.5832289043556,3453.38,-0.8680761373192769,0.24209818176223238,8979.277760982513
1e-07,114,p3,"K_ads,1",4.821461377907907,30.836,-0.8436418025065537,0.24209818176223238,8979.277760982513
1e-07,114,p4,"K_ads,2",75.39287409077892,558.532,-0.8650160168248571,0.24209818176223238,8979.277760982513
1e-07,114,p5,A2,0.10638128190316032,0.7439,-0.85699518496685,0.24209818176223238,8979.277760982513
1e-07,114,p6,E2,96270.40318808766,40000.0,1.4067600797021915,0.24209818176223238,8979.277760982513
1e-07,114,p7,"K_ads,3",49752.03402965487,17197.0,1.8930647223152217,0.24209818176223238,8979.277760982513
1e-07,114,p8,"K_ads,4",137869.75212281817,124119.0,0.11078684264953934,0.24209818176223238,8979.277760982513
1e-07,114,p9,Inhibition / adsorption,80837.26939979332,98084.0,-0.17583633008652458,0.24209818176223238,8979.277760982513
1e-05,115,p1,A1,246.4121862925674,15672.02,-0.9842769351817718,0.13812879036381878,9267.100265026093
1e-05,115,p2,E1,773.3471870090384,3453.38,-0.7760607905851548,0.13812879036381878,9267.100265026093
1e-05,115,p3,"K_ads,1",7.621419703280147,30.836,-0.7528401964171699,0.13812879036381878,9267.100265026093
1e-05,115,p4,"K_ads,2",143.03396878424655,558.532,-0.7439108792616241,0.13812879036381878,9267.100265026093
1e-05,115,p5,A2,0.18766316308371572,0.7439,-0.7477306585781479,0.13812879036381878,9267.100265026093
1e-05,115,p6,E2,57525.928029409355,40000.0,0.43814820073523386,0.13812879036381878,9267.100265026093
1e-05,115,p7,"K_ads,3",24171.051944853607,17197.0,0.4055388698525096,0.13812879036381878,9267.100265026093
1e-05,115,p8,"K_ads,4",128572.34521433467,124119.0,0.03587964142745805,0.13812879036381878,9267.100265026093
1e-05,115,p9,Inhibition / adsorption,91760.5214415322,98084.0,-0.06447003138603445,0.13812879036381878,9267.100265026093
1e-06,115,p1,A1,93.30591356797795,15672.02,-0.99404633776833,0.16728781408348262,9249.722870111465
1e-06,115,p2,E1,561.736368895239,3453.38,-0.8373372264577779,0.16728781408348262,9249.722870111465
1e-06,115,p3,"K_ads,1",5.460906606083359,30.836,-0.8229048318172474,0.16728781408348262,9249.722870111465
1e-06,115,p4,"K_ads,2",103.43179034988069,558.532,-0.8148149249284183,0.16728781408348262,9249.722870111465
1e-06,115,p5,A2,0.13446244654649053,0.7439,-0.8192466103690139,0.16728781408348262,9249.722870111465
1e-06,115,p6,E2,59496.990073364745,40000.0,0.4874247518341186,0.16728781408348262,9249.722870111465
1e-06,115,p7,"K_ads,3",25510.125015055844,17197.0,0.48340553672476855,0.16728781408348262,9249.722870111465
1e-06,115,p8,"K_ads,4",128883.72190998445,124119.0,0.0383883362739343,0.16728781408348262,9249.722870111465
1e-06,115,p9,Inhibition / adsorption,91715.01121478048,98084.0,-0.06493402374719143,0.16728781408348262,9249.722870111465
1e-07,115,p1,A1,2949.1013441172645,15672.02,-0.8118237888850789,0.07910263898767211,9115.410376787186
1e-07,115,p2,E1,1789.8491050704604,3453.38,-0.48171093100948625,0.07910263898767211,9115.410376787186
1e-07,115,p3,"K_ads,1",18.06157442861875,30.836,-0.41426986546183836,0.07910263898767211,9115.410376787186
1e-07,115,p4,"K_ads,2",319.8429042386175,558.532,-0.4273507977365353,0.07910263898767211,9115.410376787186
1e-07,115,p5,A2,0.4316422534577938,0.7439,-0.41975769127867485,0.07910263898767211,9115.410376787186
1e-07,115,p6,E2,55958.496880505074,40000.0,0.3989624220126268,0.07910263898767211,9115.410376787186
1e-07,115,p7,"K_ads,3",24640.83534842128,17197.0,0.4328566231564388,0.07910263898767211,9115.410376787186
1e-07,115,p8,"K_ads,4",127518.65959426366,124119.0,0.02739032375594118,0.07910263898767211,9115.410376787186
1e-07,115,p9,Inhibition / adsorption,91544.13341804642,98084.0,-0.06667618145623733,0.07910263898767211,9115.410376787186
1e-05,116,p1,A1,112.11794555825584,15672.02,-0.9928459799337765,0.20111407290460384,7761.435941934586
1e-05,116,p2,E1,522.0643845110093,3453.38,-0.8488250975823659,0.20111407290460384,7761.435941934586
1e-05,116,p3,"K_ads,1",5.978818748965782,30.836,-0.8061091338381832,0.20111407290460384,7761.435941934586
1e-05,116,p4,"K_ads,2",109.52732931297874,558.532,-0.8039014249622605,0.20111407290460384,7761.435941934586
1e-05,116,p5,A2,0.1430736618698209,0.7439,-0.8076708403416845,0.20111407290460384,7761.435941934586
1e-05,116,p6,E2,86577.62951228565,40000.0,1.1644407378071413,0.20111407290460384,7761.435941934586
1e-05,116,p7,"K_ads,3",37108.38438193058,17197.0,1.1578405757940673,0.20111407290460384,7761.435941934586
1e-05,116,p8,"K_ads,4",136311.17002746023,124119.0,0.09822968302564662,0.20111407290460384,7761.435941934586
1e-05,116,p9,Inhibition / adsorption,82952.36325629734,98084.0,-0.1542722232341938,0.20111407290460384,7761.435941934586
1e-06,116,p1,A1,443.53901357709555,15672.02,-0.9716986697581361,0.13569475496472727,8132.262378692627
1e-06,116,p2,E1,914.7100623457098,3453.38,-0.7351261481951856,0.13569475496472727,8132.262378692627
1e-06,116,p3,"K_ads,1",9.440043100332474,30.836,-0.693862916709934,0.13569475496472727,8132.262378692627
1e-06,116,p4,"K_ads,2",172.24706605785104,558.532,-0.6916075246219535,0.13569475496472727,8132.262378692627
1e-06,116,p5,A2,0.23076862479402888,0.7439,-0.6897854217044914,0.13569475496472727,8132.262378692627
1e-06,116,p6,E2,65238.72704784111,40000.0,0.6309681761960277,0.13569475496472727,8132.262378692627
1e-06,116,p7,"K_ads,3",27418.470015616793,17197.0,0.594375182625853,0.13569475496472727,8132.262378692627
1e-06,116,p8,"K_ads,4",130700.807698613,124119.0,0.05302820437332724,0.13569475496472727,8132.262378692627
1e-06,116,p9,Inhibition / adsorption,88678.56578549226,98084.0,-0.09589162569336221,0.13569475496472727,8132.262378692627
1e-07,116,p1,A1,1705.017201477896,15672.02,-0.8912062898415204,0.06867265990988856,9333.040174484253
1e-07,116,p2,E1,1613.7956318619326,3453.38,-0.532690977575033,0.06867265990988856,9333.040174484253
1e-07,116,p3,"K_ads,1",14.610463458057746,30.836,-0.5261881094156913,0.06867265990988856,9333.040174484253
1e-07,116,p4,"K_ads,2",268.2348048202702,558.532,-0.5197503369184394,0.06867265990988856,9333.040174484253
1e-07,116,p5,A2,0.35447285341223994,0.7439,-0.5234939462128781,0.06867265990988856,9333.040174484253
1e-07,116,p6,E2,45079.645658369205,40000.0,0.12699114145923013,0.06867265990988856,9333.040174484253
1e-07,116,p7,"K_ads,3",19217.18858643545,17197.0,0.11747331432432702,0.06867265990988856,9333.040174484253
1e-07,116,p8,"K_ads,4",125353.14651780094,124119.0,0.009943252183798922,0.06867265990988856,9333.040174484253
1e-07,116,p9,Inhibition / adsorption,96625.60112434038,98084.0,-0.014868876428975396,0.06867265990988856,9333.040174484253
1e-05,117,p1,A1,2371.0680058761245,15672.02,-0.8487069308311166,0.06721674835710514,9350.401210069656
1e-05,117,p2,E1,1725.2027559078015,3453.38,-0.500430663318893,0.06721674835710514,9350.401210069656
1e-05,117,p3,"K_ads,1",16.457004480153138,30.836,-0.4663054715218206,0.06721674835710514,9350.401210069656
1e-05,117,p4,"K_ads,2",300.0482685898809,558.532,-0.46279126605121845,0.06721674835710514,9350.401210069656
1e-05,117,p5,A2,0.3952070940722059,0.7439,-0.46873626284150305,0.06721674835710514,9350.401210069656
1e-05,117,p6,E2,49816.821117222804,40000.0,0.2454205279305701,0.06721674835710514,9350.401210069656
1e-05,117,p7,"K_ads,3",20979.211335252367,17197.0,0.21993436850917988,0.06721674835710514,9350.401210069656
1e-05,117,p8,"K_ads,4",126967.18552595435,124119.0,0.022947216187323066,0.06721674835710514,9350.401210069656
1e-05,117,p9,Inhibition / adsorption,95090.81840162232,98084.0,-0.03051651236060597,0.06721674835710514,9350.401210069656
1e-06,117,p1,A1,3256.9427525626675,15672.02,-0.792181049248108,0.08237458551848756,9350.199045658112
1e-06,117,p2,E1,1871.465613958244,3453.38,-0.45807712618992297,0.08237458551848756,9350.199045658112
1e-06,117,p3,"K_ads,1",18.383258478498494,30.836,-0.4038377714846772,0.08237458551848756,9350.199045658112
1e-06,117,p4,"K_ads,2",334.13619203958785,558.532,-0.4017599850329295,0.08237458551848756,9350.199045658112
1e-06,117,p5,A2,0.4405733579707707,0.7439,-0.40775190486520946,0.08237458551848756,9350.199045658112
1e-06,117,p6,E2,59158.02922840212,40000.0,0.478950730710053,0.08237458551848756,9350.199045658112
1e-06,117,p7,"K_ads,3",25053.953684910382,17197.0,0.45687932109730667,0.08237458551848756,9350.199045658112
1e-06,117,p8,"K_ads,4",129364.53322718595,124119.0,0.04226212930482804,0.08237458551848756,9350.199045658112
1e-06,117,p9,Inhibition / adsorption,91492.76148495922,98084.0,-0.06719993592268646,0.08237458551848756,9350.199045658112
1e-07,117,p1,A1,1186.6697454845755,15672.02,-0.9242809959734242,0.16079375325621764,8067.10006570816
1e-07,117,p2,E1,1117.5268139302596,3453.38,-0.6763962222720177,0.16079375325621764,8067.10006570816
1e-07,117,p3,"K_ads,1",13.334047296924606,30.836,-0.5675818103215525,0.16079375325621764,8067.10006570816
1e-07,117,p4,"K_ads,2",243.44831629898815,558.532,-0.5641282571115206,0.16079375325621764,8067.10006570816
1e-07,117,p5,A2,0.31286579699675277,0.7439,-0.5794249267418299,0.16079375325621764,8067.10006570816
1e-07,117,p6,E2,90252.02929223757,40000.0,1.2563007323059392,0.16079375325621764,8067.10006570816
1e-07,117,p7,"K_ads,3",37200.96623385991,17197.0,1.1632241806047514,0.16079375325621764,8067.10006570816
1e-07,117,p8,"K_ads,4",137478.9970084623,124119.0,0.10763861301220837,0.16079375325621764,8067.10006570816
1e-07,117,p9,Inhibition / adsorption,82523.90539758044,98084.0,-0.158640497965209,0.16079375325621764,8067.10006570816
1e-05,118,p1,A1,1861.7278754839333,15672.02,-0.8812068976759898,0.08563072576395447,9458.75040102005
1e-05,118,p2,E1,1556.1624607076658,3453.38,-0.5493798942752707,0.08563072576395447,9458.75040102005
1e-05,118,p3,"K_ads,1",15.249628091320407,30.836,-0.5054602383149434,0.08563072576395447,9458.75040102005
1e-05,118,p4,"K_ads,2",276.6508579035836,558.532,-0.5046821705764691,0.08563072576395447,9458.75040102005
1e-05,118,p5,A2,0.36296905788707456,0.7439,-0.5120727814396094,0.08563072576395447,9458.75040102005
1e-05,118,p6,E2,55888.66135771792,40000.0,0.3972165339429481,0.08563072576395447,9458.75040102005
1e-05,118,p7,"K_ads,3",23640.9701403938,17197.0,0.3747147839968484,0.08563072576395447,9458.75040102005
1e-05,118,p8,"K_ads,4",128434.89828026257,124119.0,0.03477226113860544,0.08563072576395447,9458.75040102005
1e-05,118,p9,Inhibition / adsorption,93484.51345493016,98084.0,-0.04689334188114108,0.08563072576395447,9458.75040102005
1e-06,118,p1,A1,1086.3094752199622,15672.02,-0.9306847824836899,0.08717773650677141,9516.160061359406
1e-06,118,p2,E1,1336.6803912908736,3453.38,-0.6129356192220742,0.08717773650677141,9516.160061359406
1e-06,118,p3,"K_ads,1",12.651585514982802,30.836,-0.5897137918347775,0.08717773650677141,9516.160061359406
1e-06,118,p4,"K_ads,2",231.21341349592194,558.532,-0.5860337214413464,0.08717773650677141,9516.160061359406
1e-06,118,p5,A2,0.30625691599580307,0.7439,-0.5883090254122825,0.08717773650677141,9516.160061359406
1e-06,118,p6,E2,49269.59664537607,40000.0,0.23173991613440176,0.08717773650677141,9516.160061359406
1e-06,118,p7,"K_ads,3",21137.580091321965,17197.0,0.2291434605641661,0.08717773650677141,9516.160061359406
1e-06,118,p8,"K_ads,4",126095.58341890074,124119.0,0.015924906089323503,0.08717773650677141,9516.160061359406
1e-06,118,p9,Inhibition / adsorption,94824.64930715701,98084.0,-0.03323019751277461,0.08717773650677141,9516.160061359406
1e-07,118,p1,A1,29028.122637462813,15672.02,0.8522259821939234,0.034397735442257014,9484.041212797165
1e-07,118,p2,E1,4104.661477487612,3453.38,0.18859247389155304,0.034397735442257014,9484.041212797165
1e-07,118,p3,"K_ads,1",38.040017354491155,30.836,0.23362360080721095,0.034397735442257014,9484.041212797165
1e-07,118,p4,"K_ads,2",690.0337098499912,558.532,0.23544167540980843,0.034397735442257014,9484.041212797165
1e-07,118,p5,A2,0.9116933868288528,0.7439,0.22555906281604088,0.034397735442257014,9484.041212797165
1e-07,118,p6,E2,47487.32835092673,40000.0,0.18718320877316819,0.034397735442257014,9484.041212797165
1e-07,118,p7,"K_ads,3",20230.743121942363,17197.0,0.17641118345888024,0.034397735442257014,9484.041212797165
1e-07,118,p8,"K_ads,4",125998.40863577045,124119.0,0.015141989830488893,0.034397735442257014,9484.041212797165
1e-07,118,p9,Inhibition / adsorption,95381.1640766614,98084.0,-0.027556338682543535,0.034397735442257014,9484.041212797165
1e-05,119,p1,A1,1182.9536827410361,15672.02,-0.9245181104451733,0.0764230310573842,9986.747650384903
1e-05,119,p2,E1,1432.183321429365,3453.38,-0.5852807042869985,0.0764230310573842,9986.747650384903
1e-05,119,p3,"K_ads,1",12.870770593870597,30.836,-0.5826057013273254,0.0764230310573842,9986.747650384903
1e-05,119,p4,"K_ads,2",238.3197300451156,558.532,-0.573310517490286,0.0764230310573842,9986.747650384903
1e-05,119,p5,A2,0.3141671698603952,0.7439,-0.5776755345336803,0.0764230310573842,9986.747650384903
1e-05,119,p6,E2,40740.77979858379,40000.0,0.018519494964594742,0.0764230310573842,9986.747650384903
1e-05,119,p7,"K_ads,3",17244.798640790854,17197.0,0.0027794755358989255,0.0764230310573842,9986.747650384903
1e-05,119,p8,"K_ads,4",124081.54090789422,124119.0,-0.000301799821991657,0.0764230310573842,9986.747650384903
1e-05,119,p9,Inhibition / adsorption,97792.69863722482,98084.0,-0.0029699172421106283,0.0764230310573842,9986.747650384903
1e-06,119,p1,A1,1966.3921722844061,15672.02,-0.8745284799097751,0.061718434477161244,10014.661428928375
1e-06,119,p2,E1,1699.082603392842,3453.38,-0.5079943118356967,0.061718434477161244,10014.661428928375
1e-06,119,p3,"K_ads,1",15.3199236911449,30.836,-0.5031805781831333,0.061718434477161244,10014.661428928375
1e-06,119,p4,"K_ads,2",281.2425279366519,558.532,-0.49646120913993846,0.061718434477161244,10014.661428928375
1e-06,119,p5,A2,0.37235600614154696,0.7439,-0.4994542194629023,0.061718434477161244,10014.661428928375
1e-06,119,p6,E2,41687.32909862154,40000.0,0.042183227465538584,0.061718434477161244,10014.661428928375
1e-06,119,p7,"K_ads,3",17751.48428784941,17197.0,0.03224308238933588,0.061718434477161244,10014.661428928375
1e-06,119,p8,"K_ads,4",124426.47841432202,124119.0,0.002477287235008474,0.061718434477161244,10014.661428928375
1e-06,119,p9,Inhibition / adsorption,97542.7932356006,98084.0,-0.005517788471100222,0.061718434477161244,10014.661428928375
1e-07,119,p1,A1,693.9030453651311,15672.02,-0.9557234456461177,0.09292880113030601,9868.266232013702
1e-07,119,p2,E1,1184.9694990519854,3453.38,-0.6568667511099313,0.09292880113030601,9868.266232013702
1e-07,119,p3,"K_ads,1",10.756595206187761,30.836,-0.6511676220590297,0.09292880113030601,9868.266232013702
1e-07,119,p4,"K_ads,2",199.6343737030897,558.532,-0.642573077812749,0.09292880113030601,9868.266232013702
1e-07,119,p5,A2,0.2630837541001224,0.7439,-0.6463452693908827,0.09292880113030601,9868.266232013702
1e-07,119,p6,E2,43002.39625563277,40000.0,0.07505990639081919,0.09292880113030601,9868.266232013702
1e-07,119,p7,"K_ads,3",18191.106746100028,17197.0,0.05780698645694177,0.09292880113030601,9868.266232013702
1e-07,119,p8,"K_ads,4",124683.33121084742,124119.0,0.004546694791671059,0.09292880113030601,9868.266232013702
1e-07,119,p9,Inhibition / adsorption,97142.94067997512,98084.0,-0.009594422332132499,0.09292880113030601,9868.266232013702
1e-05,120,p1,A1,120.65342370210402,15672.02,-0.9923013482817081,0.14884806460776762,8476.745446681976
1e-05,120,p2,E1,628.4959495887805,3453.38,-0.818005562785219,0.14884806460776762,8476.745446681976
1e-05,120,p3,"K_ads,1",5.9080444022099625,30.836,-0.8084043195547423,0.14884806460776762,8476.745446681976
1e-05,120,p4,"K_ads,2",113.05926156805222,558.532,-0.7975778262157724,0.14884806460776762,8476.745446681976
1e-05,120,p5,A2,0.14673066880580588,0.7439,-0.802754847686778,0.14884806460776762,8476.745446681976
1e-05,120,p6,E2,49880.06766505913,40000.0,0.24700169162647817,0.14884806460776762,8476.745446681976
1e-05,120,p7,"K_ads,3",20867.26544092224,17197.0,0.21342475088226093,0.14884806460776762,8476.745446681976
1e-05,120,p8,"K_ads,4",126129.77843929057,124119.0,0.016200407989836966,0.14884806460776762,8476.745446681976
1e-05,120,p9,Inhibition / adsorption,94893.9433625111,98084.0,-0.032523720866694895,0.14884806460776762,8476.745446681976
1e-06,120,p1,A1,155.75334449827443,15672.02,-0.9900616931002976,0.13975848280213646,8718.473491430283
1e-06,120,p2,E1,692.3625638790625,3453.38,-0.7995116193760714,0.13975848280213646,8718.473491430283
1e-06,120,p3,"K_ads,1",6.455598706461081,30.836,-0.7906473373180347,0.13975848280213646,8718.473491430283
1e-06,120,p4,"K_ads,2",122.56506752891144,558.532,-0.7805585579180577,0.13975848280213646,8718.473491430283
1e-06,120,p5,A2,0.15971727022165438,0.7439,-0.7852973918246345,0.13975848280213646,8718.473491430283
1e-06,120,p6,E2,47862.18160499448,40000.0,0.19655454012486206,0.13975848280213646,8718.473491430283
1e-06,120,p7,"K_ads,3",20010.90881500975,17197.0,0.1636278894580304,0.13975848280213646,8718.473491430283
1e-06,120,p8,"K_ads,4",125799.70184455911,124119.0,0.013541052091614573,0.13975848280213646,8718.473491430283
1e-06,120,p9,Inhibition / adsorption,95629.87172634489,98084.0,-0.025020678945139957,0.13975848280213646,8718.473491430283
1e-07,120,p1,A1,2376.730377943781,15672.02,-0.8483456262853302,0.0615580096657686,9969.059388875961
1e-07,120,p2,E1,1776.5948568653857,3453.38,-0.48554898190602086,0.0615580096657686,9969.059388875961
1e-07,120,p3,"K_ads,1",16.40621181480366,30.836,-0.4679526587493948,0.0615580096657686,9969.059388875961
1e-07,120,p4,"K_ads,2",299.3576951536374,558.532,-0.46402767405692535,0.0615580096657686,9969.059388875961
1e-07,120,p5,A2,0.3965829440762033,0.7439,-0.46688675349347586,0.0615580096657686,9969.059388875961
1e-07,120,p6,E2,46533.09887830304,40000.0,0.16332747195757602,0.0615580096657686,9969.059388875961
1e-07,120,p7,"K_ads,3",19807.789437635463,17197.0,0.15181656321657636,0.0615580096657686,9969.059388875961
1e-07,120,p8,"K_ads,4",125861.60562174684,124119.0,0.01403979746651877,0.0615580096657686,9969.059388875961
1e-07,120,p9,Inhibition / adsorption,95978.07825386753,98084.0,-0.0214705940431923,0.0615580096657686,9969.059388875961
1e-05,121,p1,A1,243.34115759125135,15672.02,-0.9844728913317332,0.14627143162178266,9917.483535766602
1e-05,121,p2,E1,771.5703133119308,3453.38,-0.7765753223474015,0.14627143162178266,9917.483535766602
1e-05,121,p3,"K_ads,1",7.492673547417998,30.836,-0.7570153863205994,0.14627143162178266,9917.483535766602
1e-05,121,p4,"K_ads,2",143.29454550723253,558.532,-0.743444340687315,0.14627143162178266,9917.483535766602
1e-05,121,p5,A2,0.18205961695946887,0.7439,-0.7552633190489733,0.14627143162178266,9917.483535766602
1e-05,121,p6,E2,63442.122058082394,40000.0,0.5860530514520599,0.14627143162178266,9917.483535766602
1e-05,121,p7,"K_ads,3",26197.137392506662,17197.0,0.523355084753542,0.14627143162178266,9917.483535766602
1e-05,121,p8,"K_ads,4",130529.68368462959,124119.0,0.05164949511863286,0.14627143162178266,9917.483535766602
1e-05,121,p9,Inhibition / adsorption,91582.69313891279,98084.0,-0.06628305188498852,0.14627143162178266,9917.483535766602
1e-06,121,p1,A1,114.491560270136,15672.02,-0.9926945243644318,0.24021837217300854,9803.44076013565
1e-06,121,p2,E1,346.02588436648426,3453.38,-0.8998008083771597,0.24021837217300854,9803.44076013565
1e-06,121,p3,"K_ads,1",5.914918838531625,30.836,-0.8081813841441293,0.24021837217300854,9803.44076013565
1e-06,121,p4,"K_ads,2",121.15870253111015,558.532,-0.7830765246555074,0.24021837217300854,9803.44076013565
1e-06,121,p5,A2,0.14395734521657308,0.7439,-0.8064829342430796,0.24021837217300854,9803.44076013565
1e-06,121,p6,E2,121793.81545282631,40000.0,2.0448453863206577,0.24021837217300854,9803.44076013565
1e-06,121,p7,"K_ads,3",45081.446658832065,17197.0,1.6214715740438486,0.24021837217300854,9803.44076013565
1e-06,121,p8,"K_ads,4",145044.90931615184,124119.0,0.16859553586599826,0.24021837217300854,9803.44076013565
1e-06,121,p9,Inhibition / adsorption,72055.72345913183,98084.0,-0.26536720097944794,0.24021837217300854,9803.44076013565
1e-07,121,p1,A1,1967.2165710074619,15672.02,-0.8744758766893188,0.12616585013895282,8552.402133464813
1e-07,121,p2,E1,1433.4628382286369,3453.38,-0.5849101928462443,0.12616585013895282,8552.402133464813
1e-07,121,p3,"K_ads,1",15.782088913942422,30.836,-0.48819273206828306,0.12616585013895282,8552.402133464813
1e-07,121,p4,"K_ads,2",282.5028483048422,558.532,-0.4942047218335885,0.12616585013895282,8552.402133464813
1e-07,121,p5,A2,0.3726318628174555,0.7439,-0.4990833945188124,0.12616585013895282,8552.402133464813
1e-07,121,p6,E2,75306.2438854906,40000.0,0.8826560971372651,0.12616585013895282,8552.402133464813
1e-07,121,p7,"K_ads,3",31505.27141923509,17197.0,0.8320213653099431,0.12616585013895282,8552.402133464813
1e-07,121,p8,"K_ads,4",134096.90033929763,124119.0,0.08038978995397666,0.12616585013895282,8552.402133464813
1e-07,121,p9,Inhibition / adsorption,86393.03152831402,98084.0,-0.11919343085198378,0.12616585013895282,8552.402133464813
1e-05,122,p1,A1,1338.9602324779405,15672.02,-0.9145636470296783,0.07571984505774788,10136.704709291458
1e-05,122,p2,E1,1465.4635494194363,3453.38,-0.575643702859391,0.07571984505774788,10136.704709291458
1e-05,122,p3,"K_ads,1",13.474570523795498,30.836,-0.5630246943898204,0.07571984505774788,10136.704709291458
1e-05,122,p4,"K_ads,2",248.37561271344035,558.532,-0.5553063876135292,0.07571984505774788,10136.704709291458
1e-05,122,p5,A2,0.32703395753697556,0.7439,-0.5603791402917387,0.07571984505774788,10136.704709291458
1e-05,122,p6,E2,45287.43940973755,40000.0,0.1321859852434387,0.07571984505774788,10136.704709291458
1e-05,122,p7,"K_ads,3",19182.906600017297,17197.0,0.1154798278779611,0.07571984505774788,10136.704709291458
1e-05,122,p8,"K_ads,4",125368.64735392499,124119.0,0.010068139075604747,0.07571984505774788,10136.704709291458
1e-05,122,p9,Inhibition / adsorption,96445.09878510452,98084.0,-0.016709159647806768,0.07571984505774788,10136.704709291458
1e-06,122,p1,A1,2861.0519384930053,15672.02,-0.8174420439424526,0.05047302709329702,10196.143622875214
1e-06,122,p2,E1,1935.5673447696076,3453.38,-0.43951509976613995,0.05047302709329702,10196.143622875214
1e-06,122,p3,"K_ads,1",17.39092090735562,30.836,-0.43601890947737637,0.05047302709329702,10196.143622875214
1e-06,122,p4,"K_ads,2",318.1935337963576,558.532,-0.43030384329571525,0.05047302709329702,10196.143622875214
1e-06,122,p5,A2,0.42193686734934366,0.7439,-0.43280431865930413,0.05047302709329702,10196.143622875214
1e-06,122,p6,E2,41169.963952974904,40000.0,0.029249098824372596,0.05047302709329702,10196.143622875214
1e-06,122,p7,"K_ads,3",17584.998951621837,17197.0,0.02256201381763316,0.05047302709329702,10196.143622875214
1e-06,122,p8,"K_ads,4",124330.50808589815,124119.0,0.001704075007840482,0.05047302709329702,10196.143622875214
1e-06,122,p9,Inhibition / adsorption,97719.92718851502,98084.0,-0.003711847105389025,0.05047302709329702,10196.143622875214
1e-07,122,p1,A1,396.60504049598416,15672.02,-0.9746934319573365,0.11351942098041201,10155.94437789917
1e-07,122,p2,E1,958.3975332324534,3453.38,-0.722475507116954,0.11351942098041201,10155.94437789917
1e-07,122,p3,"K_ads,1",8.913913638951335,30.836,-0.7109250992686685,0.11351942098041201,10155.94437789917
1e-07,122,p4,"K_ads,2",166.26153433676646,558.532,-0.7023240667736738,0.11351942098041201,10155.94437789917
1e-07,122,p5,A2,0.2178402167160047,0.7439,-0.7071646502002894,0.11351942098041201,10155.94437789917
1e-07,122,p6,E2,48409.461346879645,40000.0,0.21023653367199113,0.11351942098041201,10155.94437789917
1e-07,122,p7,"K_ads,3",20408.261733887575,17197.0,0.18673383345278682,0.11351942098041201,10155.94437789917
1e-07,122,p8,"K_ads,4",126113.30833379187,124119.0,0.01606771190383314,0.11351942098041201,10155.94437789917
1e-07,122,p9,Inhibition / adsorption,95492.51819137916,98084.0,-0.02642104531443293,0.11351942098041201,10155.94437789917
1e-05,123,p1,A1,2490.007242690527,15672.02,-0.8411176579221742,0.06242910190263296,10207.579869747162
1e-05,123,p2,E1,1786.1114347236326,3453.38,-0.48279325335652823,0.06242910190263296,10207.579869747162
1e-05,123,p3,"K_ads,1",16.650067384840458,30.836,-0.4600445133986101,0.06242910190263296,10207.579869747162
1e-05,123,p4,"K_ads,2",305.1896211453757,558.532,-0.4535861487875794,0.06242910190263296,10207.579869747162
1e-05,123,p5,A2,0.4033433004213743,0.7439,-0.4577990315615348,0.06242910190263296,10207.579869747162
1e-05,123,p6,E2,47923.439451102204,40000.0,0.19808598627755508,0.06242910190263296,10207.579869747162
1e-05,123,p7,"K_ads,3",20236.12604066848,17197.0,0.17672419844557083,0.06242910190263296,10207.579869747162
1e-05,123,p8,"K_ads,4",126127.95195131814,124119.0,0.01618569237037153,0.06242910190263296,10207.579869747162
1e-05,123,p9,Inhibition / adsorption,95458.88636871254,98084.0,-0.026763933274412326,0.06242910190263296,10207.579869747162
1e-06,123,p1,A1,13788.422094920712,15672.02,-0.12018858482054569,0.05555472240851587,10127.412786245346
1e-06,123,p2,E1,3117.4811537928517,3453.38,-0.09726669124369411,0.05555472240851587,10127.412786245346
1e-06,123,p3,"K_ads,1",29.818941795546696,30.836,-0.03298281892765932,0.05555472240851587,10127.412786245346
1e-06,123,p4,"K_ads,2",536.6303834910931,558.532,-0.03921282309501865,0.05555472240851587,10127.412786245346
1e-06,123,p5,A2,0.7118531374662873,0.7439,-0.04307953022410632,0.05555472240851587,10127.412786245346
1e-06,123,p6,E2,55370.70084001074,40000.0,0.38426752100026845,0.05555472240851587,10127.412786245346
1e-06,123,p7,"K_ads,3",23327.26692853638,17197.0,0.3564730434689993,0.05555472240851587,10127.412786245346
1e-06,123,p8,"K_ads,4",128721.20433087987,124119.0,0.03707896720792042,0.05555472240851587,10127.412786245346
1e-06,123,p9,Inhibition / adsorption,93494.7696707977,98084.0,-0.04678877624487479,0.05555472240851587,10127.412786245346
1e-07,123,p1,A1,6383.180405821817,15672.02,-0.5927021273695531,0.03362100563179663,10041.850764513016
1e-07,123,p2,E1,2486.1475175721353,3453.38,-0.28008284128241456,0.03362100563179663,10041.850764513016
1e-07,123,p3,"K_ads,1",22.845788784249613,30.836,-0.25911957503406363,0.03362100563179663,10041.850764513016
1e-07,123,p4,"K_ads,2",416.34909942798413,558.532,-0.254565361648063,0.03362100563179663,10041.850764513016
1e-07,123,p5,A2,0.5502308933253951,0.7439,-0.26034293140826037,0.03362100563179663,10041.850764513016
1e-07,123,p6,E2,45222.747682544476,40000.0,0.13056869206361188,0.03362100563179663,10041.850764513016
1e-07,123,p7,"K_ads,3",19187.901669710278,17197.0,0.11577028956854556,0.03362100563179663,10041.850764513016
1e-07,123,p8,"K_ads,4",125418.19490737042,124119.0,0.010467333022103113,0.03362100563179663,10041.850764513016
1e-07,123,p9,Inhibition / adsorption,96712.97188549937,98084.0,-0.013978101571108745,0.03362100563179663,10041.850764513016
1e-05,124,p1,A1,999.9821517367226,15672.02,-0.9361931549515173,0.08223474525308101,8935.812729597092
1e-05,124,p2,E1,1350.0933223220534,3453.38,-0.6090516183211655,0.08223474525308101,8935.812729597092
1e-05,124,p3,"K_ads,1",12.166142330454246,30.836,-0.6054565335823633,0.08223474525308101,8935.812729597092
1e-05,124,p4,"K_ads,2",225.19324365899539,558.532,-0.596812279942787,0.08223474525308101,8935.812729597092
1e-05,124,p5,A2,0.2965645125897344,0.7439,-0.6013382005783917,0.08223474525308101,8935.812729597092
1e-05,124,p6,E2,43027.31423092885,40000.0,0.07568285577322131,0.08223474525308101,8935.812729597092
1e-05,124,p7,"K_ads,3",18280.34557171856,17197.0,0.06299619536655002,0.08223474525308101,8935.812729597092
1e-05,124,p8,"K_ads,4",124727.26628510056,124119.0,0.004900670204405118,0.08223474525308101,8935.812729597092
1e-05,124,p9,Inhibition / adsorption,97307.40226463389,98084.0,-0.00791768010446265,0.08223474525308101,8935.812729597092
1e-06,124,p1,A1,955.7511912584198,15672.02,-0.9390154433660486,0.08367049501702263,9119.051271915436
1e-06,124,p2,E1,1322.461344075993,3453.38,-0.6170530482958745,0.08367049501702263,9119.051271915436
1e-06,124,p3,"K_ads,1",12.002739391327816,30.836,-0.6107556300646058,0.08367049501702263,9119.051271915436
1e-06,124,p4,"K_ads,2",221.68329917766664,558.532,-0.6030965116096004,0.08367049501702263,9119.051271915436
1e-06,124,p5,A2,0.29275224479248607,0.7439,-0.6064629052392982,0.08367049501702263,9119.051271915436
1e-06,124,p6,E2,43178.80761200061,40000.0,0.0794701903000152,0.08367049501702263,9119.051271915436
1e-06,124,p7,"K_ads,3",18328.30672895157,17197.0,0.06578512118111131,0.08367049501702263,9119.051271915436
1e-06,124,p8,"K_ads,4",124783.29654005954,124119.0,0.0053520938781293935,0.08367049501702263,9119.051271915436
1e-06,124,p9,Inhibition / adsorption,97062.00832659275,98084.0,-0.01041955541583996,0.08367049501702263,9119.051271915436
1e-07,124,p1,A1,755.2280037956872,15672.02,-0.9518104236852883,0.09098037652817492,10451.372705698013
1e-07,124,p2,E1,1216.1913920215454,3453.38,-0.6478257845874055,0.09098037652817492,10451.372705698013
1e-07,124,p3,"K_ads,1",11.080920830061558,30.836,-0.6406498628206785,0.09098037652817492,10451.372705698013
1e-07,124,p4,"K_ads,2",205.2380324693554,558.532,-0.6325402439442048,0.09098037652817492,10451.372705698013
1e-07,124,p5,A2,0.2706001177145197,0.7439,-0.6362412720600622,0.09098037652817492,10451.372705698013
1e-07,124,p6,E2,43860.46603647976,40000.0,0.096511650911994,0.09098037652817492,10451.372705698013
1e-07,124,p7,"K_ads,3",18578.48624483688,17197.0,0.08033297928922954,0.09098037652817492,10451.372705698013
1e-07,124,p8,"K_ads,4",124941.97690055548,124119.0,0.006630547301827153,0.09098037652817492,10451.372705698013
1e-07,124,p9,Inhibition / adsorption,96862.19013822771,98084.0,-0.0124567703373872,0.09098037652817492,10451.372705698013
1e-05,125,p1,A1,562.0302030329759,15672.02,-0.9641379858478373,0.09862911975675422,10414.689188480377
1e-05,125,p2,E1,1101.4911918353657,3453.38,-0.6810396794342455,0.09862911975675422,10414.689188480377
1e-05,125,p3,"K_ads,1",9.985949824196513,30.836,-0.6761593648917981,0.09862911975675422,10414.689188480377
1e-05,125,p4,"K_ads,2",186.92074117346797,558.532,-0.665335663536793,0.09862911975675422,10414.689188480377
1e-05,125,p5,A2,0.244785134336574,0.7439,-0.6709434946409814,0.09862911975675422,10414.689188480377
1e-05,125,p6,E2,41636.05749841603,40000.0,0.04090143746040067,0.09862911975675422,10414.689188480377
1e-05,125,p7,"K_ads,3",17477.90443035333,17197.0,0.01633450196856022,0.09862911975675422,10414.689188480377
1e-05,125,p8,"K_ads,4",124163.30162238584,124119.0,0.00035692861194372395,0.09862911975675422,10414.689188480377
1e-05,125,p9,Inhibition / adsorption,97692.93885773602,98084.0,-0.00398700238840155,0.09862911975675422,10414.689188480377
1e-06,125,p1,A1,897.7548458399726,15672.02,-0.942716073241358,0.08544520125250042,10283.524549722672
1e-06,125,p2,E1,1295.5342860576388,3453.38,-0.6248503535499601,0.08544520125250042,10283.524549722672
1e-06,125,p3,"K_ads,1",11.756797759961797,30.836,-0.6187314256076729,0.08544520125250042,10283.524549722672
1e-06,125,p4,"K_ads,2",216.9747747236237,558.532,-0.6115266901025838,0.08544520125250042,10283.524549722672
1e-06,125,p5,A2,0.2868350486602879,0.7439,-0.6144171949720555,0.08544520125250042,10283.524549722672
1e-06,125,p6,E2,43048.048362030706,40000.0,0.07620120905076765,0.08544520125250042,10283.524549722672
1e-06,125,p7,"K_ads,3",18315.789641928524,17197.0,0.0650572566103695,0.08544520125250042,10283.524549722672
1e-06,125,p8,"K_ads,4",124699.15144103834,124119.0,0.004674154972553266,0.08544520125250042,10283.524549722672
1e-06,125,p9,Inhibition / adsorption,97045.5484084418,98084.0,-0.010587369923312686,0.08544520125250042,10283.524549722672
1e-07,125,p1,A1,1097.0309251292074,15672.02,-0.930000668380387,0.0884631677666222,8876.668148994446
1e-07,125,p2,E1,1330.3051133809743,3453.38,-0.614781717221686,0.0884631677666222,8876.668148994446
1e-07,125,p3,"K_ads,1",12.706074136422506,30.836,-0.5879467461271725,0.0884631677666222,8876.668148994446
1e-07,125,p4,"K_ads,2",232.42678473942794,558.532,-0.583861292209886,0.0884631677666222,8876.668148994446
1e-07,125,p5,A2,0.3077484449400351,0.7439,-0.5863040127167158,0.0884631677666222,8876.668148994446
1e-07,125,p6,E2,50119.77016812857,40000.0,0.2529942542032142,0.0884631677666222,8876.668148994446
1e-07,125,p7,"K_ads,3",21604.7506201842,17197.0,0.2563092760472292,0.0884631677666222,8876.668148994446
1e-07,125,p8,"K_ads,4",126202.7478245598,124119.0,0.01678830658126317,0.0884631677666222,8876.668148994446
1e-07,125,p9,Inhibition / adsorption,94263.94338956282,98084.0,-0.038946786534370365,0.0884631677666222,8876.668148994446
1e-05,126,p1,A1,235.28431649788465,15672.02,-0.9849869821185856,0.1260460289196229,10443.414011001587
1e-05,126,p2,E1,802.0102804540218,3453.38,-0.7677607791630165,0.1260460289196229,10443.414011001587
1e-05,126,p3,"K_ads,1",7.431872937655799,30.836,-0.7589871274595993,0.1260460289196229,10443.414011001587
1e-05,126,p4,"K_ads,2",140.46490008249827,558.532,-0.7485105596769778,0.1260460289196229,10443.414011001587
1e-05,126,p5,A2,0.183019024399182,0.7439,-0.7539736195736227,0.1260460289196229,10443.414011001587
1e-05,126,p6,E2,45500.323467338996,40000.0,0.1375080866834749,0.1260460289196229,10443.414011001587
1e-05,126,p7,"K_ads,3",18984.99906167268,17197.0,0.1039715683940617,0.1260460289196229,10443.414011001587
1e-05,126,p8,"K_ads,4",125100.96478417436,124119.0,0.007911478372967533,0.1260460289196229,10443.414011001587
1e-05,126,p9,Inhibition / adsorption,96439.21794579287,98084.0,-0.016769116820349168,0.1260460289196229,10443.414011001587
1e-06,126,p1,A1,663.8770386765688,15672.02,-0.9576393445977884,0.09607579519770311,10361.411423921585
1e-06,126,p2,E1,1154.1968292398801,3453.38,-0.6657776354644204,0.09607579519770311,10361.411423921585
1e-06,126,p3,"K_ads,1",10.61496549398218,30.836,-0.65576062089823,0.09607579519770311,10361.411423921585
1e-06,126,p4,"K_ads,2",196.89192227691595,558.532,-0.6474831839949798,0.09607579519770311,10361.411423921585
1e-06,126,p5,A2,0.2591102802498889,0.7439,-0.6516866779810607,0.09607579519770311,10361.411423921585
1e-06,126,p6,E2,45602.3005818513,40000.0,0.14005751454628243,0.09607579519770311,10361.411423921585
1e-06,126,p7,"K_ads,3",19267.144258819953,17197.0,0.12037822055125623,0.09607579519770311,10361.411423921585
1e-06,126,p8,"K_ads,4",125413.7144523137,124119.0,0.010431234962525446,0.09607579519770311,10361.411423921585
1e-06,126,p9,Inhibition / adsorption,96320.08147908591,98084.0,-0.017983753934526375,0.09607579519770311,10361.411423921585
1e-07,126,p1,A1,133.9184986903384,15672.02,-0.9914549305902915,0.14410678041843683,10443.595654726028
1e-07,126,p2,E1,657.2322667696927,3453.38,-0.8096843478650793,0.14410678041843683,10443.595654726028
1e-07,126,p3,"K_ads,1",6.122422651516939,30.836,-0.8014521127410514,0.14410678041843683,10443.595654726028
1e-07,126,p4,"K_ads,2",116.72008751348788,558.532,-0.7910234552120776,0.14410678041843683,10443.595654726028
1e-07,126,p5,A2,0.1519942135067609,0.7439,-0.7956792398080913,0.14410678041843683,10443.595654726028
1e-07,126,p6,E2,47890.17340875937,40000.0,0.1972543352189843,0.14410678041843683,10443.595654726028
1e-07,126,p7,"K_ads,3",19959.132083769888,17197.0,0.16061708924637366,0.14410678041843683,10443.595654726028
1e-07,126,p8,"K_ads,4",125778.53171419654,124119.0,0.013370488919476753,0.14410678041843683,10443.595654726028
1e-07,126,p9,Inhibition / adsorption,95599.35177058095,98084.0,-0.025331840355399964,0.14410678041843683,10443.595654726028
1e-05,127,p1,A1,768.679966096772,15672.02,-0.9509520810912204,0.08982388660095998,10593.652157306671
1e-05,127,p2,E1,1229.639502776246,3453.38,-0.643931596645534,0.08982388660095998,10593.652157306671
1e-05,127,p3,"K_ads,1",11.12614809873344,30.836,-0.6391831593354054,0.08982388660095998,10593.652157306671
1e-05,127,p4,"K_ads,2",206.71030014430852,558.532,-0.6299042845453644,0.08982388660095998,10593.652157306671
1e-05,127,p5,A2,0.27314930809003163,0.7439,-0.632814480319893,0.08982388660095998,10593.652157306671
1e-05,127,p6,E2,42896.781703987304,40000.0,0.07241954259968261,0.08982388660095998,10593.652157306671
1e-05,127,p7,"K_ads,3",18130.345205509904,17197.0,0.054273722481241155,0.08982388660095998,10593.652157306671
1e-05,127,p8,"K_ads,4",124551.29492919489,124119.0,0.003482906961826069,0.08982388660095998,10593.652157306671
1e-05,127,p9,Inhibition / adsorption,96998.98122574438,98084.0,-0.01106213831262607,0.08982388660095998,10593.652157306671
1e-06,127,p1,A1,1119.8689655959035,15672.02,-0.928543419061748,0.08134405223320301,10461.714951515198
1e-06,127,p2,E1,1375.0339927169932,3453.38,-0.6018295140653523,0.08134405223320301,10461.714951515198
1e-06,127,p3,"K_ads,1",12.731069557366379,30.836,-0.5871361539315612,0.08134405223320301,10461.714951515198
1e-06,127,p4,"K_ads,2",233.43773735919146,558.532,-0.5820512748433546,0.08134405223320301,10461.714951515198
1e-06,127,p5,A2,0.3081360805455471,0.7439,-0.5857829270795173,0.08134405223320301,10461.714951515198
1e-06,127,p6,E2,45708.83002305013,40000.0,0.14272075057625333,0.08134405223320301,10461.714951515198
1e-06,127,p7,"K_ads,3",19430.160469929157,17197.0,0.12985756061691903,0.08134405223320301,10461.714951515198
1e-06,127,p8,"K_ads,4",125511.45386220817,124119.0,0.011218700297361198,0.08134405223320301,10461.714951515198
1e-06,127,p9,Inhibition / adsorption,96386.72132792076,98084.0,-0.017304337833685776,0.08134405223320301,10461.714951515198
1e-07,127,p1,A1,2307.349864162948,15672.02,-0.8527726569923374,0.06422757353529643,10351.004694700241
1e-07,127,p2,E1,1710.5596405020985,3453.38,-0.5046708904024177,0.06422757353529643,10351.004694700241
1e-07,127,p3,"K_ads,1",16.154773077702306,30.836,-0.47610672338492976,0.06422757353529643,10351.004694700241
1e-07,127,p4,"K_ads,2",301.303993260323,558.532,-0.4605430069175571,0.06422757353529643,10351.004694700241
1e-07,127,p5,A2,0.39572853568001565,0.7439,-0.4680353062508191,0.06422757353529643,10351.004694700241
1e-07,127,p6,E2,47980.70979339693,40000.0,0.19951774483492318,0.06422757353529643,10351.004694700241
1e-07,127,p7,"K_ads,3",20042.225502639994,17197.0,0.16544894473687238,0.06422757353529643,10351.004694700241
1e-07,127,p8,"K_ads,4",125650.45688250629,124119.0,0.012338617637156993,0.06422757353529643,10351.004694700241
1e-07,127,p9,Inhibition / adsorption,94664.35050768795,98084.0,-0.03486449871856825,0.06422757353529643,10351.004694700241
1e-05,128,p1,A1,284.0209806147688,15672.02,-0.9818771938387797,0.2874264877523141,8783.11622262001
1e-05,128,p2,E1,8.15312012532009,3453.38,-0.9976390897829605,0.2874264877523141,8783.11622262001
1e-05,128,p3,"K_ads,1",10.353513345233802,30.836,-0.6642394167455636,0.2874264877523141,8783.11622262001
1e-05,128,p4,"K_ads,2",144.15915723584487,558.532,-0.7418963331808296,0.2874264877523141,8783.11622262001
1e-05,128,p5,A2,0.2160875254253777,0.7439,-0.7095207347420652,0.2874264877523141,8783.11622262001
1e-05,128,p6,E2,47634.99320166633,40000.0,0.19087483004165826,0.2874264877523141,8783.11622262001
1e-05,128,p7,"K_ads,3",60191.74573406435,17197.0,2.5001305887110745,0.2874264877523141,8783.11622262001
1e-05,128,p8,"K_ads,4",46556.02987232274,124119.0,-0.6249081134046943,0.2874264877523141,8783.11622262001
1e-05,128,p9,Inhibition / adsorption,74741.60611912531,98084.0,-0.2379837066277343,0.2874264877523141,8783.11622262001
1e-06,128,p1,A1,634.7460050106424,15672.02,-0.9594981371252307,0.10828239848183169,9345.214363574982
1e-06,128,p2,E1,1057.6165228313523,3453.38,-0.6937445277289634,0.10828239848183169,9345.214363574982
1e-06,128,p3,"K_ads,1",10.530109683304621,30.836,-0.658512463247353,0.10828239848183169,9345.214363574982
1e-06,128,p4,"K_ads,2",196.9453535913572,558.532,-0.647387520157561,0.10828239848183169,9345.214363574982
1e-06,128,p5,A2,0.262797998149842,0.7439,-0.6467294015998898,0.10828239848183169,9345.214363574982
1e-06,128,p6,E2,53909.2030280833,40000.0,0.3477300757020825,0.10828239848183169,9345.214363574982
1e-06,128,p7,"K_ads,3",22799.137970977252,17197.0,0.3257625150303688,0.10828239848183169,9345.214363574982
1e-06,128,p8,"K_ads,4",126333.42615007328,124119.0,0.01784115365152219,0.10828239848183169,9345.214363574982
1e-06,128,p9,Inhibition / adsorption,91520.98637485124,98084.0,-0.0669121734956645,0.10828239848183169,9345.214363574982
1e-07,128,p1,A1,189.7164428361495,15672.02,-0.9878945762680146,0.1370646795446436,10757.057205438614
1e-07,128,p2,E1,730.2841745146029,3453.38,-0.7885306063871909,0.1370646795446436,10757.057205438614
1e-07,128,p3,"K_ads,1",6.932234984256437,30.836,-0.7751902002770646,0.1370646795446436,10757.057205438614
1e-07,128,p4,"K_ads,2",130.7900582856101,558.532,-0.7658324710390629,0.1370646795446436,10757.057205438614
1e-07,128,p5,A2,0.17065781173387207,0.7439,-0.7705903861622906,0.1370646795446436,10757.057205438614
1e-07,128,p6,E2,50962.480760501094,40000.0,0.27406201901252736,0.1370646795446436,10757.057205438614
1e-07,128,p7,"K_ads,3",21383.29217309746,17197.0,0.2434315388205768,0.1370646795446436,10757.057205438614
1e-07,128,p8,"K_ads,4",126641.73446663238,124119.0,0.020325127229774465,0.1370646795446436,10757.057205438614
1e-07,128,p9,Inhibition / adsorption,94486.02366036276,98084.0,-0.036682602051682674,0.1370646795446436,10757.057205438614
1e-05,129,p1,A1,709.076127826651,15672.02,-0.9547552818445452,0.09486424305899656,10726.984764814377
1e-05,129,p2,E1,1173.0038010184733,3453.38,-0.6603316747596635,0.09486424305899656,10726.984764814377
1e-05,129,p3,"K_ads,1",10.859406252201046,30.836,-0.6478334981125616,0.09486424305899656,10726.984764814377
1e-05,129,p4,"K_ads,2",201.86094041384868,558.532,-0.6385866156033161,0.09486424305899656,10726.984764814377
1e-05,129,p5,A2,0.2649772433280678,0.7439,-0.6437999148701871,0.09486424305899656,10726.984764814377
1e-05,129,p6,E2,46360.70208017754,40000.0,0.1590175520044386,0.09486424305899656,10726.984764814377
1e-05,129,p7,"K_ads,3",19541.773108686633,17197.0,0.13634779953984028,0.09486424305899656,10726.984764814377
1e-05,129,p8,"K_ads,4",125485.71381059512,124119.0,0.011011318255828005,0.09486424305899656,10726.984764814377
1e-05,129,p9,Inhibition / adsorption,96071.58785385726,98084.0,-0.020517231619252296,0.09486424305899656,10726.984764814377
1e-06,129,p1,A1,1169.2018556806115,15672.02,-0.9253955868049805,0.07716990434094828,10781.831235647202
1e-06,129,p2,E1,1420.377566961105,3453.38,-0.5886993128583866,0.07716990434094828,10781.831235647202
1e-06,129,p3,"K_ads,1",12.852929762433298,30.836,-0.5831842728488358,0.07716990434094828,10781.831235647202
1e-06,129,p4,"K_ads,2",236.8269663808472,558.532,-0.5759831730664542,0.07716990434094828,10781.831235647202
1e-06,129,p5,A2,0.3131663246392459,0.7439,-0.5790209374388414,0.07716990434094828,10781.831235647202
1e-06,129,p6,E2,42038.08611289249,40000.0,0.0509521528223122,0.07716990434094828,10781.831235647202
1e-06,129,p7,"K_ads,3",17887.060665230438,17197.0,0.04012680497938232,0.07716990434094828,10781.831235647202
1e-06,129,p8,"K_ads,4",124449.14378332012,124119.0,0.0026598972221829036,0.07716990434094828,10781.831235647202
1e-06,129,p9,Inhibition / adsorption,97424.85364747577,98084.0,-0.006720222997881702,0.07716990434094828,10781.831235647202
1e-07,129,p1,A1,782.361879985707,15672.02,-0.9500790657499348,0.08972633882795306,9420.648510932922
1e-07,129,p2,E1,1232.5232724243103,3453.38,-0.6430965394991832,0.08972633882795306,9420.648510932922
1e-07,129,p3,"K_ads,1",11.211003841696428,30.836,-0.6364313191822406,0.08972633882795306,9420.648510932922
1e-07,129,p4,"K_ads,2",207.66418204292577,558.532,-0.6281964470380824,0.08972633882795306,9420.648510932922
1e-07,129,p5,A2,0.2738288407881189,0.7439,-0.6319010071405848,0.08972633882795306,9420.648510932922
1e-07,129,p6,E2,43527.539512656425,40000.0,0.08818848781641063,0.08972633882795306,9420.648510932922
1e-07,129,p7,"K_ads,3",18434.71416204637,17197.0,0.07197267907462755,0.08972633882795306,9420.648510932922
1e-07,129,p8,"K_ads,4",124852.60912957051,124119.0,0.005910530455212432,0.08972633882795306,9420.648510932922
1e-07,129,p9,Inhibition / adsorption,96965.27872857585,98084.0,-0.01140574682337738,0.08972633882795306,9420.648510932922
1e-05,130,p1,A1,2128.3906581098404,15672.02,-0.8641916831327525,0.06370436042537365,10757.985013961792
1e-05,130,p2,E1,1714.5342449628847,3453.38,-0.5035199587178693,0.06370436042537365,10757.985013961792
1e-05,130,p3,"K_ads,1",15.773273434997545,30.836,-0.48847861476853205,0.06370436042537365,10757.985013961792
1e-05,130,p4,"K_ads,2",288.9316166744497,558.532,-0.4826946053682696,0.06370436042537365,10757.985013961792
1e-05,130,p5,A2,0.3815538995954419,0.7439,-0.48708979755956194,0.06370436042537365,10757.985013961792
1e-05,130,p6,E2,46061.565435415854,40000.0,0.15153913588539636,0.06370436042537365,10757.985013961792
1e-05,130,p7,"K_ads,3",19519.531270281812,17197.0,0.1350544438147242,0.06370436042537365,10757.985013961792
1e-05,130,p8,"K_ads,4",125788.16687495608,124119.0,0.013448117330594653,0.06370436042537365,10757.985013961792
1e-05,130,p9,Inhibition / adsorption,96262.32137823853,98084.0,-0.01857263796094645,0.06370436042537365,10757.985013961792
1e-06,130,p1,A1,598.7933055273129,15672.02,-0.9617922063953904,0.10940973023039004,10536.342133760452
1e-06,130,p2,E1,1061.3255526334426,3453.38,-0.6926704988638834,0.10940973023039004,10536.342133760452
1e-06,130,p3,"K_ads,1",10.395803317991072,30.836,-0.662867968673269,0.10940973023039004,10536.342133760452
1e-06,130,p4,"K_ads,2",189.57953849226448,558.532,-0.6605753323135211,0.10940973023039004,10536.342133760452
1e-06,130,p5,A2,0.25267839032392636,0.7439,-0.660332853442766,0.10940973023039004,10536.342133760452
1e-06,130,p6,E2,53566.57553325568,40000.0,0.339164388331392,0.10940973023039004,10536.342133760452
1e-06,130,p7,"K_ads,3",22804.972379783165,17197.0,0.32610178401948975,0.10940973023039004,10536.342133760452
1e-06,130,p8,"K_ads,4",127666.17058668114,124119.0,0.028578787991211167,0.10940973023039004,10536.342133760452
1e-06,130,p9,Inhibition / adsorption,93100.46547726936,98084.0,-0.05080884265252884,0.10940973023039004,10536.342133760452
1e-07,130,p1,A1,1626.095049532593,15672.02,-0.8962421532430029,0.06768004310974411,10726.009264230728
1e-07,130,p2,E1,1588.4584674743753,3453.38,-0.540027895142042,0.06768004310974411,10726.009264230728
1e-07,130,p3,"K_ads,1",14.366935667473538,30.836,-0.5340856250008581,0.06768004310974411,10726.009264230728
1e-07,130,p4,"K_ads,2",264.26755252404786,558.532,-0.5268533360236337,0.06768004310974411,10726.009264230728
1e-07,130,p5,A2,0.34952260678711244,0.7439,-0.5301483979202682,0.06768004310974411,10726.009264230728
1e-07,130,p6,E2,42445.005577541066,40000.0,0.06112513943852664,0.06768004310974411,10726.009264230728
1e-07,130,p7,"K_ads,3",18036.780521092125,17197.0,0.04883296627854423,0.06768004310974411,10726.009264230728
1e-07,130,p8,"K_ads,4",124635.92628216941,124119.0,0.004164763510577863,0.06768004310974411,10726.009264230728
1e-07,130,p9,Inhibition / adsorption,97302.76418349211,98084.0,-0.007964966931486189,0.06768004310974411,10726.009264230728
1e-05,131,p1,A1,6102.59498818186,15672.02,-0.6106057171837542,0.03512961297776637,10975.27417063713
1e-05,131,p2,E1,2438.073631753942,3453.38,-0.29400366257002064,0.03512961297776637,10975.27417063713
1e-05,131,p3,"K_ads,1",22.430135006525322,30.836,-0.27259907230103375,0.03512961297776637,10975.27417063713
1e-05,131,p4,"K_ads,2",411.81916629811946,558.532,-0.26267578885700477,0.03512961297776637,10975.27417063713
1e-05,131,p5,A2,0.5435679547926634,0.7439,-0.2692996978187076,0.03512961297776637,10975.27417063713
1e-05,131,p6,E2,45639.71871878964,40000.0,0.14099296796974103,0.03512961297776637,10975.27417063713
1e-05,131,p7,"K_ads,3",19132.51810493569,17197.0,0.11254975315088042,0.03512961297776637,10975.27417063713
1e-05,131,p8,"K_ads,4",125609.45159609208,124119.0,0.012008246892837386,0.03512961297776637,10975.27417063713
1e-05,131,p9,Inhibition / adsorption,96116.85307682543,98084.0,-0.020055737155647936,0.03512961297776637,10975.27417063713
1e-06,131,p1,A1,739.1780927915433,15672.02,-0.9528345361484006,0.09109232032810498,10969.62977218628
1e-06,131,p2,E1,1211.6437631769127,3453.38,-0.6491426477315231,0.09109232032810498,10969.62977218628
1e-06,131,p3,"K_ads,1",10.991101199811178,30.836,-0.6435626799905573,0.09109232032810498,10969.62977218628
1e-06,131,p4,"K_ads,2",203.8374576527566,558.532,-0.6350478438965779,0.09109232032810498,10969.62977218628
1e-06,131,p5,A2,0.2687698545597399,0.7439,-0.6387016338758705,0.09109232032810498,10969.62977218628
1e-06,131,p6,E2,43019.98779578335,40000.0,0.0754996948945838,0.09109232032810498,10969.62977218628
1e-06,131,p7,"K_ads,3",18234.246279774365,17197.0,0.06031553641765219,0.09109232032810498,10969.62977218628
1e-06,131,p8,"K_ads,4",124676.0256540562,124119.0,0.004487835497032661,0.09109232032810498,10969.62977218628
1e-06,131,p9,Inhibition / adsorption,97107.65976889299,98084.0,-0.00995412331376177,0.09109232032810498,10969.62977218628
1e-07,131,p1,A1,1114.1303669712381,15672.02,-0.9289095874704577,0.07885390041546195,10836.16590809822
1e-07,131,p2,E1,1395.1210270595868,3453.38,-0.5960128838819978,0.07885390041546195,10836.16590809822
1e-07,131,p3,"K_ads,1",12.640062714591158,30.836,-0.5900874719616306,0.07885390041546195,10836.16590809822
1e-07,131,p4,"K_ads,2",233.2504919273439,558.532,-0.5823865205085047,0.07885390041546195,10836.16590809822
1e-07,131,p5,A2,0.30808246074969226,0.7439,-0.5858550063856806,0.07885390041546195,10836.16590809822
1e-07,131,p6,E2,42612.13415886822,40000.0,0.06530335397170547,0.07885390041546195,10836.16590809822
1e-07,131,p7,"K_ads,3",18093.36424577309,17197.0,0.05212329160743672,0.07885390041546195,10836.16590809822
1e-07,131,p8,"K_ads,4",124627.5827090816,124119.0,0.0040975411426260435,0.07885390041546195,10836.16590809822
1e-07,131,p9,Inhibition / adsorption,97249.36572461047,98084.0,-0.00850938252303668,0.07885390041546195,10836.16590809822
1e-05,132,p1,A1,1391.199768531061,15672.02,-0.9112303475537256,0.08889683296883126,9263.769799470901
1e-05,132,p2,E1,1419.4607247164988,3453.38,-0.5889648041291434,0.08889683296883126,9263.769799470901
1e-05,132,p3,"K_ads,1",13.71639459212538,30.836,-0.5551824298830789,0.08889683296883126,9263.769799470901
1e-05,132,p4,"K_ads,2",252.6285540115712,558.532,-0.5476918887161861,0.08889683296883126,9263.769799470901
1e-05,132,p5,A2,0.3318359382099985,0.7439,-0.5539239975668793,0.08889683296883126,9263.769799470901
1e-05,132,p6,E2,54619.34477671409,40000.0,0.36548361941785223,0.08889683296883126,9263.769799470901
1e-05,132,p7,"K_ads,3",22729.1150226955,17197.0,0.32169070318634063,0.08889683296883126,9263.769799470901
1e-05,132,p8,"K_ads,4",128106.18033352349,124119.0,0.03212385157408203,0.08889683296883126,9263.769799470901
1e-05,132,p9,Inhibition / adsorption,93535.44381653341,98084.0,-0.046374089387327046,0.08889683296883126,9263.769799470901
1e-06,132,p1,A1,1275.9196167507077,15672.02,-0.9185861416236895,0.09730638915941063,9347.700998544693
1e-06,132,p2,E1,1350.2392436683638,3453.38,-0.6090093636760612,0.09730638915941063,9347.700998544693
1e-06,132,p3,"K_ads,1",13.315223304021409,30.836,-0.5681922654033789,0.09730638915941063,9347.700998544693
1e-06,132,p4,"K_ads,2",247.03220448525735,558.532,-0.5577116360651542,0.09730638915941063,9347.700998544693
1e-06,132,p5,A2,0.3229167891665844,0.7439,-0.5659137126406985,0.09730638915941063,9347.700998544693
1e-06,132,p6,E2,57965.54484182352,40000.0,0.44913862104558794,0.09730638915941063,9347.700998544693
1e-06,132,p7,"K_ads,3",24023.173908769117,17197.0,0.39693980977897986,0.09730638915941063,9347.700998544693
1e-06,132,p8,"K_ads,4",129049.10735683459,124119.0,0.03972081113153175,0.09730638915941063,9347.700998544693
1e-06,132,p9,Inhibition / adsorption,91980.92375588125,98084.0,-0.0622229542445124,0.09730638915941063,9347.700998544693
1e-07,132,p1,A1,1525.7358937028741,15672.02,-0.9026458686434248,0.0870424323163677,10789.280340909958
1e-07,132,p2,E1,689.5845747976128,3453.38,-0.800316045498146,0.0870424323163677,10789.280340909958
1e-07,132,p3,"K_ads,1",15.53149950380959,30.836,-0.49631925334642657,0.0870424323163677,10789.280340909958
1e-07,132,p4,"K_ads,2",270.9933734481576,558.532,-0.5148113743739703,0.0870424323163677,10789.280340909958
1e-07,132,p5,A2,0.347533875895995,0.7439,-0.532821782637458,0.0870424323163677,10789.280340909958
1e-07,132,p6,E2,47468.84693102328,40000.0,0.18672117327558208,0.0870424323163677,10789.280340909958
1e-07,132,p7,"K_ads,3",20575.847371802218,17197.0,0.1964788842124916,0.0870424323163677,10789.280340909958
1e-07,132,p8,"K_ads,4",115464.51885052494,124119.0,-0.06972728711538975,0.0870424323163677,10789.280340909958
1e-07,132,p9,Inhibition / adsorption,84897.28451486179,98084.0,-0.13444308434747979,0.0870424323163677,10789.280340909958
1e-05,133,p1,A1,1125.4691010360987,15672.02,-0.9281860857096853,0.09571819292993343,10932.769705295563
1e-05,133,p2,E1,1289.4561263985752,3453.38,-0.6266104146087094,0.09571819292993343,10932.769705295563
1e-05,133,p3,"K_ads,1",12.83859910577461,30.836,-0.5836490107090864,0.09571819292993343,10932.769705295563
1e-05,133,p4,"K_ads,2",236.80745295293283,558.532,-0.5760181100582726,0.09571819292993343,10932.769705295563
1e-05,133,p5,A2,0.31314566594247967,0.7439,-0.5790487082370216,0.09571819292993343,10932.769705295563
1e-05,133,p6,E2,55011.72489611845,40000.0,0.3752931224029613,0.09571819292993343,10932.769705295563
1e-05,133,p7,"K_ads,3",23288.439776711075,17197.0,0.354215257121072,0.09571819292993343,10932.769705295563
1e-05,133,p8,"K_ads,4",127169.12838587564,124119.0,0.024574226233498787,0.09571819292993343,10932.769705295563
1e-05,133,p9,Inhibition / adsorption,92165.6434927713,98084.0,-0.06033967321100997,0.09571819292993343,10932.769705295563
1e-06,133,p1,A1,725.2561061510103,15672.02,-0.9537228700479574,0.09876745740511496,10742.233903884888
1e-06,133,p2,E1,1164.9115959531237,3453.38,-0.6626749457189409,0.09876745740511496,10742.233903884888
1e-06,133,p3,"K_ads,1",10.981590534066827,30.836,-0.6438711073399006,0.09876745740511496,10742.233903884888
1e-06,133,p4,"K_ads,2",202.922812924292,558.532,-0.6366854308718355,0.09876745740511496,10742.233903884888
1e-06,133,p5,A2,0.26625490420467796,0.7439,-0.6420823978966556,0.09876745740511496,10742.233903884888
1e-06,133,p6,E2,50096.53007702656,40000.0,0.252413251925664,0.09876745740511496,10742.233903884888
1e-06,133,p7,"K_ads,3",21142.690969447678,17197.0,0.22944065647773904,0.09876745740511496,10742.233903884888
1e-06,133,p8,"K_ads,4",126722.26835808343,124119.0,0.02097397141520176,0.09876745740511496,10742.233903884888
1e-06,133,p9,Inhibition / adsorption,95040.61226922403,98084.0,-0.031028381089433225,0.09876745740511496,10742.233903884888
1e-07,133,p1,A1,858.6367319255696,15672.02,-0.9452121212246047,0.10860600063130116,9568.158795118332
1e-07,133,p2,E1,1595.752463266952,3453.38,-0.5379157627405754,0.10860600063130116,9568.158795118332
1e-07,133,p3,"K_ads,1",11.277466600158053,30.836,-0.6342759566688918,0.10860600063130116,9568.158795118332
1e-07,133,p4,"K_ads,2",205.88467782526465,558.532,-0.6313824851122861,0.10860600063130116,9568.158795118332
1e-07,133,p5,A2,0.2823724927770654,0.7439,-0.6204160602539786,0.10860600063130116,9568.158795118332
1e-07,133,p6,E2,25954.09400169617,40000.0,-0.3511476499575958,0.10860600063130116,9568.158795118332
1e-07,133,p7,"K_ads,3",12175.404311405247,17197.0,-0.29200416866864876,0.10860600063130116,9568.158795118332
1e-07,133,p8,"K_ads,4",122694.25691090702,124119.0,-0.011478847630846065,0.10860600063130116,9568.158795118332
1e-07,133,p9,Inhibition / adsorption,102306.64565904219,98084.0,0.04305131987930944,0.10860600063130116,9568.158795118332
1e-05,134,p1,A1,1154.8998791446145,15672.02,-0.926308167093673,0.07957948407220114,11166.796592712402
1e-05,134,p2,E1,1403.6974640733056,3453.38,-0.5935293932109106,0.07957948407220114,11166.796592712402
1e-05,134,p3,"K_ads,1",12.820262566150166,30.836,-0.5842436578625578,0.07957948407220114,11166.796592712402
1e-05,134,p4,"K_ads,2",235.95915281172927,558.532,-0.5775369131728724,0.07957948407220114,11166.796592712402
1e-05,134,p5,A2,0.3111077157486055,0.7439,-0.5817882568240281,0.07957948407220114,11166.796592712402
1e-05,134,p6,E2,44779.70718137475,40000.0,0.11949267953436883,0.07957948407220114,11166.796592712402
1e-05,134,p7,"K_ads,3",19142.348434776082,17197.0,0.11312138365854987,0.07957948407220114,11166.796592712402
1e-05,134,p8,"K_ads,4",125141.83714692667,124119.0,0.008240778180026194,0.07957948407220114,11166.796592712402
1e-05,134,p9,Inhibition / adsorption,96633.41254320715,98084.0,-0.014789236336128777,0.07957948407220114,11166.796592712402
1e-06,134,p1,A1,437.5592831348121,15672.02,-0.9720802243019846,0.10685397350543058,11072.85086965561
1e-06,134,p2,E1,1007.01240900442,3453.38,-0.7083980306237888,0.10685397350543058,11072.85086965561
1e-06,134,p3,"K_ads,1",9.194222514848757,30.836,-0.7018347867801026,0.10685397350543058,11072.85086965561
1e-06,134,p4,"K_ads,2",171.62160448791676,558.532,-0.6927273558401009,0.10685397350543058,11072.85086965561
1e-06,134,p5,A2,0.22547712105623302,0.7439,-0.6968986139854376,0.10685397350543058,11072.85086965561
1e-06,134,p6,E2,43733.44379575472,40000.0,0.09333609489386799,0.10685397350543058,11072.85086965561
1e-06,134,p7,"K_ads,3",18447.430295427537,17197.0,0.07271211812685568,0.10685397350543058,11072.85086965561
1e-06,134,p8,"K_ads,4",124797.96152482393,124119.0,0.005470246495894488,0.10685397350543058,11072.85086965561
1e-06,134,p9,Inhibition / adsorption,96933.06858561577,98084.0,-0.0117341402714432,0.10685397350543058,11072.85086965561
1e-07,134,p1,A1,3693.00338115053,15672.02,-0.7643568996753111,0.042930273599575276,11226.065792798996
1e-07,134,p2,E1,2111.0768854193466,3453.38,-0.3886925605003369,0.042930273599575276,11226.065792798996
1e-07,134,p3,"K_ads,1",18.957431527119923,30.836,-0.38521755327798923,0.042930273599575276,11226.065792798996
1e-07,134,p4,"K_ads,2",346.1778391749251,558.532,-0.3802005271409246,0.042930273599575276,11226.065792798996
1e-07,134,p5,A2,0.45944919175016324,0.7439,-0.38237775003338725,0.042930273599575276,11226.065792798996
1e-07,134,p6,E2,41076.03489819035,40000.0,0.026900872454758792,0.042930273599575276,11226.065792798996
1e-07,134,p7,"K_ads,3",17561.26968599833,17197.0,0.021182164679788906,0.042930273599575276,11226.065792798996
1e-07,134,p8,"K_ads,4",124326.6478780777,124119.0,0.001672974146405434,0.042930273599575276,11226.065792798996
1e-07,134,p9,Inhibition / adsorption,97742.91878347221,98084.0,-0.0034774399140307223,0.042930273599575276,11226.065792798996
1e-05,135,p1,A1,783.9569270582173,15672.02,-0.9499772890119961,0.08978186727002439,11340.265963554382
1e-05,135,p2,E1,1227.4473397825761,3453.38,-0.6445663843010107,0.08978186727002439,11340.265963554382
1e-05,135,p3,"K_ads,1",11.235365953373211,30.836,-0.6356412649703849,0.08978186727002439,11340.265963554382
1e-05,135,p4,"K_ads,2",207.69741217577388,558.532,-0.6281369515519722,0.08978186727002439,11340.265963554382
1e-05,135,p5,A2,0.273989021951751,0.7439,-0.6316856809359443,0.08978186727002439,11340.265963554382
1e-05,135,p6,E2,43706.976933501006,40000.0,0.09267442333752515,0.08978186727002439,11340.265963554382
1e-05,135,p7,"K_ads,3",18456.805309658048,17197.0,0.0732572721787549,0.08978186727002439,11340.265963554382
1e-05,135,p8,"K_ads,4",125002.47469356998,124119.0,0.007117964965637658,0.08978186727002439,11340.265963554382
1e-05,135,p9,Inhibition / adsorption,97029.36444486446,98084.0,-0.010752370979319128,0.08978186727002439,11340.265963554382
1e-06,135,p1,A1,841.1034688345503,15672.02,-0.9463308833938094,0.10804660671291388,11075.011033773422
1e-06,135,p2,E1,1183.4679237272392,3453.38,-0.6573015643435592,0.10804660671291388,11075.011033773422
1e-06,135,p3,"K_ads,1",11.647576280160521,30.836,-0.6222734375353314,0.10804660671291388,11075.011033773422
1e-06,135,p4,"K_ads,2",213.0076735835789,558.532,-0.618629418576592,0.10804660671291388,11075.011033773422
1e-06,135,p5,A2,0.28041975731996743,0.7439,-0.6230410575077733,0.10804660671291388,11075.011033773422
1e-06,135,p6,E2,57879.00258091941,40000.0,0.4469750645229853,0.10804660671291388,11075.011033773422
1e-06,135,p7,"K_ads,3",24595.014962473193,17197.0,0.4301921825012033,0.10804660671291388,11075.011033773422
1e-06,135,p8,"K_ads,4",128861.26580096952,124119.0,0.03820741224928911,0.10804660671291388,11075.011033773422
1e-06,135,p9,Inhibition / adsorption,92285.4727119138,98084.0,-0.05911797324829945,0.10804660671291388,11075.011033773422
1e-07,135,p1,A1,1537.670264265358,15672.02,-0.9018843605185957,0.0791231158408501,11077.639997243881
1e-07,135,p2,E1,1506.1801871749308,3453.38,-0.5638533300201742,0.0791231158408501,11077.639997243881
1e-07,135,p3,"K_ads,1",14.227739721966303,30.836,-0.5385996976921034,0.0791231158408501,11077.639997243881
1e-07,135,p4,"K_ads,2",258.8510856407751,558.532,-0.5365510201013101,0.0791231158408501,11077.639997243881
1e-07,135,p5,A2,0.3431442817959778,0.7439,-0.5387225678236621,0.0791231158408501,11077.639997243881
1e-07,135,p6,E2,50099.66406448996,40000.0,0.252491601612249,0.0791231158408501,11077.639997243881
1e-07,135,p7,"K_ads,3",21359.492745820233,17197.0,0.24204760980521212,0.0791231158408501,11077.639997243881
1e-07,135,p8,"K_ads,4",126857.70044880021,124119.0,0.022065118545913302,0.0791231158408501,11077.639997243881
1e-07,135,p9,Inhibition / adsorption,94805.69437682115,98084.0,-0.0334234495246814,0.0791231158408501,11077.639997243881
1e-05,136,p1,A1,720.251227924488,15672.02,-0.9540422212373078,0.1236964627881187,9381.51780796051
1e-05,136,p2,E1,1089.3048951998758,3453.38,-0.6845684821247949,0.1236964627881187,9381.51780796051
1e-05,136,p3,"K_ads,1",11.078766505939255,30.836,-0.6407197267499268,0.1236964627881187,9381.51780796051
1e-05,136,p4,"K_ads,2",202.9385040777622,558.532,-0.6366573373096578,0.1236964627881187,9381.51780796051
1e-05,136,p5,A2,0.26667360416634556,0.7439,-0.641519553479842,0.1236964627881187,9381.51780796051
1e-05,136,p6,E2,64676.47319961041,40000.0,0.6169118299902603,0.1236964627881187,9381.51780796051
1e-05,136,p7,"K_ads,3",27215.042738441945,17197.0,0.5825459521103649,0.1236964627881187,9381.51780796051
1e-05,136,p8,"K_ads,4",130792.58662429149,124119.0,0.053767647373016966,0.1236964627881187,9381.51780796051
1e-05,136,p9,Inhibition / adsorption,90052.43590907753,98084.0,-0.08188454886548749,0.1236964627881187,9381.51780796051
1e-06,136,p1,A1,13509.728844987625,15672.02,-0.13797143922815153,0.004708002867296795,9893.532976865768
1e-06,136,p2,E1,3293.129589232942,3453.38,-0.04640393202226744,0.004708002867296795,9893.532976865768
1e-06,136,p3,"K_ads,1",29.315495876407716,30.836,-0.04930938265638481,0.004708002867296795,9893.532976865768
1e-06,136,p4,"K_ads,2",531.7533389900065,558.532,-0.04794472117979558,0.004708002867296795,9893.532976865768
1e-06,136,p5,A2,0.7064984007795073,0.7439,-0.05027772445287362,0.004708002867296795,9893.532976865768
1e-06,136,p6,E2,39594.88404158434,40000.0,-0.010127898960391577,0.004708002867296795,9893.532976865768
1e-06,136,p7,"K_ads,3",17041.74744396388,17197.0,-0.009027886028732973,0.004708002867296795,9893.532976865768
1e-06,136,p8,"K_ads,4",123937.08564896359,124119.0,-0.0014656446719390934,0.004708002867296795,9893.532976865768
1e-06,136,p9,Inhibition / adsorption,98392.59778657394,98084.0,0.0031462602113896307,0.004708002867296795,9893.532976865768
1e-07,136,p1,A1,5562.111178828976,15672.02,-0.6450928993946552,0.12932850554983583,11192.268699407578
1e-07,136,p2,E1,1975.8404577177519,3453.38,-0.42785315901587667,0.12932850554983583,11192.268699407578
1e-07,136,p3,"K_ads,1",22.473479006270313,30.836,-0.2711934425259335,0.12932850554983583,11192.268699407578
1e-07,136,p4,"K_ads,2",401.21312229390486,558.532,-0.28166493183218716,0.12932850554983583,11192.268699407578
1e-07,136,p5,A2,0.5271403594211461,0.7439,-0.29138276727900775,0.12932850554983583,11192.268699407578
1e-07,136,p6,E2,82323.61331895391,40000.0,1.0580903329738478,0.12932850554983583,11192.268699407578
1e-07,136,p7,"K_ads,3",34361.04016971132,17197.0,0.9980833965058626,0.12932850554983583,11192.268699407578
1e-07,136,p8,"K_ads,4",135713.48518956368,124119.0,0.09341426525804818,0.12932850554983583,11192.268699407578
1e-07,136,p9,Inhibition / adsorption,83796.48557553857,98084.0,-0.14566610685189668,0.12932850554983583,11192.268699407578
1e-05,137,p1,A1,621.8823654508936,15672.02,-0.9603189400312854,0.09595986124050464,11313.694432735443
1e-05,137,p2,E1,1146.5016919900888,3453.38,-0.6680059269498031,0.09595986124050464,11313.694432735443
1e-05,137,p3,"K_ads,1",10.388866514272237,30.836,-0.6630929266353536,0.09595986124050464,11313.694432735443
1e-05,137,p4,"K_ads,2",191.73478926417096,558.532,-0.6567165547109728,0.09595986124050464,11313.694432735443
1e-05,137,p5,A2,0.2541741662755986,0.7439,-0.6583221316365122,0.09595986124050464,11313.694432735443
1e-05,137,p6,E2,42508.99765505706,40000.0,0.06272494137642644,0.09595986124050464,11313.694432735443
1e-05,137,p7,"K_ads,3",18148.20234513917,17197.0,0.05531210938763556,0.09595986124050464,11313.694432735443
1e-05,137,p8,"K_ads,4",124632.18827333758,124119.0,0.004134647180025479,0.09595986124050464,11313.694432735443
1e-05,137,p9,Inhibition / adsorption,97154.19915259673,98084.0,-0.009479638344717472,0.09595986124050464,11313.694432735443
1e-06,137,p1,A1,6542.5898974537395,15672.02,-0.5825305290923736,0.05044958515439005,11161.235699176788
1e-06,137,p2,E1,2448.137605382819,3453.38,-0.2910894238737646,0.05044958515439005,11161.235699176788
1e-06,137,p3,"K_ads,1",23.09637892790475,30.836,-0.25099302996806494,0.05044958515439005,11161.235699176788
1e-06,137,p4,"K_ads,2",420.7470875150613,558.532,-0.24669116986124112,0.05044958515439005,11161.235699176788
1e-06,137,p5,A2,0.5553211355652281,0.7439,-0.25350028825752374,0.05044958515439005,11161.235699176788
1e-06,137,p6,E2,51502.380552319664,40000.0,0.2875595138079916,0.05044958515439005,11161.235699176788
1e-06,137,p7,"K_ads,3",21797.308476357597,17197.0,0.26750645323937877,0.05044958515439005,11161.235699176788
1e-06,137,p8,"K_ads,4",127184.91338145781,124119.0,0.024701402536741426,0.05044958515439005,11161.235699176788
1e-06,137,p9,Inhibition / adsorption,93932.080902069,98084.0,-0.04233023834601967,0.05044958515439005,11161.235699176788
1e-07,137,p1,A1,2719.468807736671,15672.02,-0.8264761780717055,0.05264583674498496,10011.936090707779
1e-07,137,p2,E1,1893.282027918541,3453.38,-0.4517597171702677,0.05264583674498496,10011.936090707779
1e-07,137,p3,"K_ads,1",17.113307110255505,30.836,-0.4450218215639024,0.05264583674498496,10011.936090707779
1e-07,137,p4,"K_ads,2",312.8678454966173,558.532,-0.439838996697383,0.05264583674498496,10011.936090707779
1e-07,137,p5,A2,0.41497964508821233,0.7439,-0.4421566808869306,0.05264583674498496,10011.936090707779
1e-07,137,p6,E2,42332.71175371168,40000.0,0.05831779384279198,0.05264583674498496,10011.936090707779
1e-07,137,p7,"K_ads,3",18073.60346279397,17197.0,0.050974208454612424,0.05264583674498496,10011.936090707779
1e-07,137,p8,"K_ads,4",124664.53878380982,124119.0,0.0043952882621502345,0.05264583674498496,10011.936090707779
1e-07,137,p9,Inhibition / adsorption,97312.90177359055,98084.0,-0.007861610725596928,0.05264583674498496,10011.936090707779
1e-05,138,p1,A1,739.7563385173029,15672.02,-0.9527976394544352,0.09480210498849163,11408.968175411224
1e-05,138,p2,E1,1189.827281557155,3453.38,-0.6554600763434215,0.09480210498849163,11408.968175411224
1e-05,138,p3,"K_ads,1",11.037748765394308,30.836,-0.6420499168052176,0.09480210498849163,11408.968175411224
1e-05,138,p4,"K_ads,2",203.8347706142854,558.532,-0.6350526547909782,0.09480210498849163,11408.968175411224
1e-05,138,p5,A2,0.2685087400757802,0.7439,-0.6390526413822016,0.09480210498849163,11408.968175411224
1e-05,138,p6,E2,47293.60295336975,40000.0,0.18234007383424378,0.09480210498849163,11408.968175411224
1e-05,138,p7,"K_ads,3",20072.157437264803,17197.0,0.1671894770753505,0.09480210498849163,11408.968175411224
1e-05,138,p8,"K_ads,4",125789.82336622114,124119.0,0.013461463323271557,0.09480210498849163,11408.968175411224
1e-05,138,p9,Inhibition / adsorption,95815.36629212163,98084.0,-0.02312949826555166,0.09480210498849163,11408.968175411224
1e-06,138,p1,A1,832.95816274034,15672.02,-0.9468506189540122,0.11462415049687343,11280.70986366272
1e-06,138,p2,E1,1162.0700278750517,3453.38,-0.6634977824985806,0.11462415049687343,11280.70986366272
1e-06,138,p3,"K_ads,1",11.616735977737866,30.836,-0.6232735770612963,0.11462415049687343,11280.70986366272
1e-06,138,p4,"K_ads,2",212.69332199720142,558.532,-0.6191922360810098,0.11462415049687343,11280.70986366272
1e-06,138,p5,A2,0.2788128146068217,0.7439,-0.6252012170899023,0.11462415049687343,11280.70986366272
1e-06,138,p6,E2,61491.05119096838,40000.0,0.5372762797742094,0.11462415049687343,11280.70986366272
1e-06,138,p7,"K_ads,3",25942.177965308325,17197.0,0.5085292763451954,0.11462415049687343,11280.70986366272
1e-06,138,p8,"K_ads,4",129918.6751318636,124119.0,0.046726731055387126,0.11462415049687343,11280.70986366272
1e-06,138,p9,Inhibition / adsorption,91268.58747687044,98084.0,-0.06948546677469886,0.11462415049687343,11280.70986366272
1e-07,138,p1,A1,885.0533063331568,15672.02,-0.9435265328698434,0.08942393290982546,11324.999607563019
1e-07,138,p2,E1,1263.5108011917089,3453.38,-0.6341234381412677,0.08942393290982546,11324.999607563019
1e-07,138,p3,"K_ads,1",11.754370363727135,30.836,-0.6188101451638626,0.08942393290982546,11324.999607563019
1e-07,138,p4,"K_ads,2",216.18073532629907,558.532,-0.6129483443629029,0.08942393290982546,11324.999607563019
1e-07,138,p5,A2,0.2865117524024301,0.7439,-0.6148517913665411,0.08942393290982546,11324.999607563019
1e-07,138,p6,E2,46800.077084958066,40000.0,0.17000192712395165,0.08942393290982546,11324.999607563019
1e-07,138,p7,"K_ads,3",20056.39503542113,17197.0,0.16627289849515206,0.08942393290982546,11324.999607563019
1e-07,138,p8,"K_ads,4",125495.67495225227,124119.0,0.011091573024696245,0.08942393290982546,11324.999607563019
1e-07,138,p9,Inhibition / adsorption,95456.85126182632,98084.0,-0.026784681886685705,0.08942393290982546,11324.999607563019
1e-05,139,p1,A1,1052.146523948206,15672.02,-0.9328646515287623,0.08114429874648144,11608.473061323166
1e-05,139,p2,E1,1360.7827140910358,3453.38,-0.6059562764332231,0.08114429874648144,11608.473061323166
1e-05,139,p3,"K_ads,1",12.40970933129394,30.836,-0.5975577464232086,0.08114429874648144,11608.473061323166
1e-05,139,p4,"K_ads,2",228.91814319341916,558.532,-0.590143191091255,0.08114429874648144,11608.473061323166
1e-05,139,p5,A2,0.3019707739183212,0.7439,-0.5940707434892846,0.08114429874648144,11608.473061323166
1e-05,139,p6,E2,43612.61479402153,40000.0,0.09031536985053826,0.08114429874648144,11608.473061323166
1e-05,139,p7,"K_ads,3",18460.070135571408,17197.0,0.07344712075195721,0.08114429874648144,11608.473061323166
1e-05,139,p8,"K_ads,4",124923.63900823088,124119.0,0.0064828028604071814,0.08114429874648144,11608.473061323166
1e-05,139,p9,Inhibition / adsorption,97051.5973345835,98084.0,-0.010525699047923274,0.08114429874648144,11608.473061323166
1e-06,139,p1,A1,2404.3327672869386,15672.02,-0.8465843734702394,0.055657933218030566,11571.935193300247
1e-06,139,p2,E1,1823.657013549862,3453.38,-0.4719211284162583,0.055657933218030566,11571.935193300247
1e-06,139,p3,"K_ads,1",16.398692757028492,30.836,-0.46819649899375754,0.055657933218030566,11571.935193300247
1e-06,139,p4,"K_ads,2",300.37229943493656,558.532,-0.4622111187274202,0.055657933218030566,11571.935193300247
1e-06,139,p5,A2,0.39820755946571734,0.7439,-0.4647028371209607,0.055657933218030566,11571.935193300247
1e-06,139,p6,E2,41342.1631756779,40000.0,0.033554079391947565,0.055657933218030566,11571.935193300247
1e-06,139,p7,"K_ads,3",17645.633858716174,17197.0,0.026087914096422256,0.055657933218030566,11571.935193300247
1e-06,139,p8,"K_ads,4",124367.6938290284,124119.0,0.002003672516120832,0.055657933218030566,11571.935193300247
1e-06,139,p9,Inhibition / adsorption,97676.82537128139,98084.0,-0.004151284905984774,0.055657933218030566,11571.935193300247
1e-05,140,p1,A1,1133.1270710847737,15672.02,-0.9276974460800348,0.10232588363404371,9639.289222240448
1e-05,140,p2,E1,1310.2604371288385,3453.38,-0.620586081714483,0.10232588363404371,9639.289222240448
1e-05,140,p3,"K_ads,1",12.898212083543118,30.836,-0.581715784033496,0.10232588363404371,9639.289222240448
1e-05,140,p4,"K_ads,2",234.72731420583722,558.532,-0.5797424065123624,0.10232588363404371,9639.289222240448
1e-05,140,p5,A2,0.31055520607181647,0.7439,-0.5825309771853523,0.10232588363404371,9639.289222240448
1e-05,140,p6,E2,58479.6059130483,40000.0,0.46199014782620745,0.10232588363404371,9639.289222240448
1e-05,140,p7,"K_ads,3",24879.92524129702,17197.0,0.4467596232655126,0.10232588363404371,9639.289222240448
1e-05,140,p8,"K_ads,4",129175.50842756429,124119.0,0.040739197282964636,0.10232588363404371,9639.289222240448
1e-05,140,p9,Inhibition / adsorption,91820.05839189583,98084.0,-0.06386303176975013,0.10232588363404371,9639.289222240448
1e-06,140,p1,A1,4191.454945716778,15672.02,-0.7325517102634646,0.039694484467659184,10110.502368927002
1e-06,140,p2,E1,2172.16711114437,3453.38,-0.37100257974958734,0.039694484467659184,10110.502368927002
1e-06,140,p3,"K_ads,1",19.82039482719716,30.836,-0.3572319747309262,0.039694484467659184,10110.502368927002
1e-06,140,p4,"K_ads,2",360.7095336352602,558.532,-0.35418286931588494,0.039694484467659184,10110.502368927002
1e-06,140,p5,A2,0.4784947977014133,0.7439,-0.3567753761239235,0.039694484467659184,10110.502368927002
1e-06,140,p6,E2,41782.771755789625,40000.0,0.044569293894740625,0.039694484467659184,10110.502368927002
1e-06,140,p7,"K_ads,3",17746.44037835143,17197.0,0.031949780679852983,0.039694484467659184,10110.502368927002
1e-06,140,p8,"K_ads,4",124493.36826807048,124119.0,0.0030162043528426797,0.039694484467659184,10110.502368927002
1e-06,140,p9,Inhibition / adsorption,97435.43262118466,98084.0,-0.006612366734791977,0.039694484467659184,10110.502368927002
1e-07,140,p1,A1,2598.5168813011924,15672.02,-0.8341938766476057,0.05362038005396144,11643.699778795242
1e-07,140,p2,E1,1868.010300836875,3453.38,-0.4590776859665386,0.05362038005396144,11643.699778795242
1e-07,140,p3,"K_ads,1",16.839445854405067,30.836,-0.4539030401347429,0.05362038005396144,11643.699778795242
1e-07,140,p4,"K_ads,2",308.304272988182,558.532,-0.4480096521091326,0.05362038005396144,11643.699778795242
1e-07,140,p5,A2,0.4085557759707816,0.7439,-0.4507920742427993,0.05362038005396144,11643.699778795242
1e-07,140,p6,E2,41824.33438473966,40000.0,0.04560835961849152,0.05362038005396144,11643.699778795242
1e-07,140,p7,"K_ads,3",17841.1222830917,17197.0,0.03745550288374132,0.05362038005396144,11643.699778795242
1e-07,140,p8,"K_ads,4",124491.34061608781,124119.0,0.0029998679983548656,0.05362038005396144,11643.699778795242
1e-07,140,p9,Inhibition / adsorption,97521.96347089311,98084.0,-0.005730155062057913,0.05362038005396144,11643.699778795242
1e-05,141,p1,A1,1483.6287740486239,15672.02,-0.9053326390568271,0.07016380404610514,11537.442942380905
1e-05,141,p2,E1,1577.1136574507789,3453.38,-0.5433130273961224,0.07016380404610514,11537.442942380905
1e-05,141,p3,"K_ads,1",13.728141429639429,30.836,-0.5548014843157534,0.07016380404610514,11537.442942380905
1e-05,141,p4,"K_ads,2",257.5155107978658,558.532,-0.5389422435995328,0.07016380404610514,11537.442942380905
1e-05,141,p5,A2,0.3344091652872116,0.7439,-0.5504648940889749,0.07016380404610514,11537.442942380905
1e-05,141,p6,E2,42749.955252069885,40000.0,0.06874888130174714,0.07016380404610514,11537.442942380905
1e-05,141,p7,"K_ads,3",17453.236628561757,17197.0,0.014900077255437415,0.07016380404610514,11537.442942380905
1e-05,141,p8,"K_ads,4",124211.66512837308,124119.0,0.0007465829435708898,0.07016380404610514,11537.442942380905
1e-05,141,p9,Inhibition / adsorption,98548.15832403506,98084.0,0.004732253211890412,0.07016380404610514,11537.442942380905
1e-06,141,p1,A1,825.9265963360156,15672.02,-0.9472992890300028,0.08789167698147386,11818.896791696548
1e-06,141,p2,E1,1260.0628706654873,3453.38,-0.6351218601296449,0.08789167698147386,11818.896791696548
1e-06,141,p3,"K_ads,1",11.414814807506424,30.836,-0.6298218054382402,0.08789167698147386,11818.896791696548
1e-06,141,p4,"K_ads,2",211.34803613452232,558.532,-0.6216008462639163,0.08789167698147386,11818.896791696548
1e-06,141,p5,A2,0.27902714455625194,0.7439,-0.6249131004755317,0.08789167698147386,11818.896791696548
1e-06,141,p6,E2,43114.06719511806,40000.0,0.07785167987795158,0.08789167698147386,11818.896791696548
1e-06,141,p7,"K_ads,3",18301.378942664905,17197.0,0.06421927909896526,0.08789167698147386,11818.896791696548
1e-06,141,p8,"K_ads,4",124748.52137314092,124119.0,0.005071917862220262,0.08789167698147386,11818.896791696548
1e-06,141,p9,Inhibition / adsorption,97034.38839780774,98084.0,-0.010701150057015052,0.08789167698147386,11818.896791696548
1e-07,141,p1,A1,911.6688872607451,15672.02,-0.9418282463102559,0.08471608711041567,10045.950620174408
1e-07,141,p2,E1,1303.117857943717,3453.38,-0.6226543682005117,0.08471608711041567,10045.950620174408
1e-07,141,p3,"K_ads,1",11.813115727029178,30.836,-0.6169050549024134,0.08471608711041567,10045.950620174408
1e-07,141,p4,"K_ads,2",218.19404013764975,558.532,-0.6093437079027706,0.08471608711041567,10045.950620174408
1e-07,141,p5,A2,0.28800130633996796,0.7439,-0.6128494336067106,0.08471608711041567,10045.950620174408
1e-07,141,p6,E2,42540.02102445044,40000.0,0.06350052561126103,0.08471608711041567,10045.950620174408
1e-07,141,p7,"K_ads,3",18079.964758387807,17197.0,0.051344115740408605,0.08471608711041567,10045.950620174408
1e-07,141,p8,"K_ads,4",124577.25733508207,124119.0,0.0036920804637652163,0.08471608711041567,10045.950620174408
1e-07,141,p9,Inhibition / adsorption,97334.45392493486,98084.0,-0.007641879155266302,0.08471608711041567,10045.950620174408
1e-05,142,p1,A1,1514.5687502707783,15672.02,-0.9033584215518625,0.07508529718182759,11730.375152111053
1e-05,142,p2,E1,1517.2649983354188,3453.38,-0.5606434859947591,0.07508529718182759,11730.375152111053
1e-05,142,p3,"K_ads,1",14.086059715745122,30.836,-0.5431943275475054,0.07508529718182759,11730.375152111053
1e-05,142,p4,"K_ads,2",258.2847028663001,558.532,-0.5375650761884725,0.07508529718182759,11730.375152111053
1e-05,142,p5,A2,0.3412409039473209,0.7439,-0.5412812152879138,0.07508529718182759,11730.375152111053
1e-05,142,p6,E2,47412.743195622774,40000.0,0.18531857989056935,0.07508529718182759,11730.375152111053
1e-05,142,p7,"K_ads,3",20166.205964817964,17197.0,0.17265836860021885,0.07508529718182759,11730.375152111053
1e-05,142,p8,"K_ads,4",125995.02304115049,124119.0,0.015114712825195893,0.07508529718182759,11730.375152111053
1e-05,142,p9,Inhibition / adsorption,95691.60639141491,98084.0,-0.024391272874118995,0.07508529718182759,11730.375152111053
1e-06,142,p1,A1,7311.9123505820535,15672.02,-0.5334416143814229,0.02257208586447772,11928.75033712387
1e-06,142,p2,E1,2667.8605336956302,3453.38,-0.22746395308491096,0.02257208586447772,11928.75033712387
1e-06,142,p3,"K_ads,1",23.861290025355295,30.836,-0.22618724784812244,0.02257208586447772,11928.75033712387
1e-06,142,p4,"K_ads,2",433.8415331883935,558.532,-0.2232467733480025,0.02257208586447772,11928.75033712387
1e-06,142,p5,A2,0.5769902468635951,0.7439,-0.22437122346606383,0.02257208586447772,11928.75033712387
1e-06,142,p6,E2,40395.46021087385,40000.0,0.009886505271846181,0.02257208586447772,11928.75033712387
1e-06,142,p7,"K_ads,3",17323.453248177077,17197.0,0.007353215571150585,0.02257208586447772,11928.75033712387
1e-06,142,p8,"K_ads,4",124187.30148140846,124119.0,0.0005502902972829297,0.02257208586447772,11928.75033712387
1e-06,142,p9,Inhibition / adsorption,97953.04170763031,98084.0,-0.0013351646789454663,0.02257208586447772,11928.75033712387
1e-07,142,p1,A1,1029.1043153271708,15672.02,-0.9343349284057083,0.08552244545682224,11691.522001981735
1e-07,142,p2,E1,1334.1612480007316,3453.38,-0.6136650910120718,0.08552244545682224,11691.522001981735
1e-07,142,p3,"K_ads,1",12.32263165364829,30.836,-0.6003816430909232,0.08552244545682224,11691.522001981735
1e-07,142,p4,"K_ads,2",227.7291103644566,558.532,-0.5922720446376276,0.08552244545682224,11691.522001981735
1e-07,142,p5,A2,0.2996377308628356,0.7439,-0.5972069755843048,0.08552244545682224,11691.522001981735
1e-07,142,p6,E2,47438.55410484454,40000.0,0.18596385262111345,0.08552244545682224,11691.522001981735
1e-07,142,p7,"K_ads,3",20003.542605192273,17197.0,0.1631995467344463,0.08552244545682224,11691.522001981735
1e-07,142,p8,"K_ads,4",126080.63718997585,124119.0,0.015804487548045445,0.08552244545682224,11691.522001981735
1e-07,142,p9,Inhibition / adsorption,95788.142147753,98084.0,-0.02340705774893974,0.08552244545682224,11691.522001981735
1e-05,143,p1,A1,411.2021464404953,15672.02,-0.9737620200560939,0.10930624959319758,11908.981003046036
1e-05,143,p2,E1,977.5576934335313,3453.38,-0.7169272731545525,0.10930624959319758,11908.981003046036
1e-05,143,p3,"K_ads,1",9.020310877713431,30.836,-0.707474676426468,0.10930624959319758,11908.981003046036
1e-05,143,p4,"K_ads,2",168.19536371411172,558.532,-0.6988617237434709,0.10930624959319758,11908.981003046036
1e-05,143,p5,A2,0.22171028007234245,0.7439,-0.7019622528937458,0.10930624959319758,11908.981003046036
1e-05,143,p6,E2,44680.65712114791,40000.0,0.11701642802869773,0.10930624959319758,11908.981003046036
1e-05,143,p7,"K_ads,3",18902.227088931235,17197.0,0.09915840489220416,0.10930624959319758,11908.981003046036
1e-05,143,p8,"K_ads,4",124943.6664440985,124119.0,0.00664415958957536,0.10930624959319758,11908.981003046036
1e-05,143,p9,Inhibition / adsorption,96407.60682358047,98084.0,-0.01709140304656753,0.10930624959319758,11908.981003046036
1e-06,143,p1,A1,1529.0444792718165,15672.02,-0.9024347544686762,0.0707073040632072,11874.340005397797
1e-06,143,p2,E1,1551.477410618949,3453.38,-0.5507365506781909,0.0707073040632072,11874.340005397797
1e-06,143,p3,"K_ads,1",14.066939670619144,30.836,-0.5438143834926987,0.0707073040632072,11874.340005397797
1e-06,143,p4,"K_ads,2",259.1125540570681,558.532,-0.5360828850324277,0.0707073040632072,11874.340005397797
1e-06,143,p5,A2,0.3421592894814977,0.7439,-0.5400466601942496,0.0707073040632072,11874.340005397797
1e-06,143,p6,E2,44085.623069745234,40000.0,0.10214057674363085,0.0707073040632072,11874.340005397797
1e-06,143,p7,"K_ads,3",18722.131326057894,17197.0,0.08868589440355257,0.0707073040632072,11874.340005397797
1e-06,143,p8,"K_ads,4",125178.11921278478,124119.0,0.00853309495552474,0.0707073040632072,11874.340005397797
1e-06,143,p9,Inhibition / adsorption,96696.67005745141,98084.0,-0.014144304295793293,0.0707073040632072,11874.340005397797
1e-05,144,p1,A1,1910.4537390994326,15672.02,-0.8780977985544026,0.07412650663843667,10085.810917377472
1e-05,144,p2,E1,1608.0780224585312,3453.38,-0.5343466335999713,0.07412650663843667,10085.810917377472
1e-05,144,p3,"K_ads,1",15.312669552347748,30.836,-0.5034158272036662,0.07412650663843667,10085.810917377472
1e-05,144,p4,"K_ads,2",278.8742717173689,558.532,-0.5007013533380918,0.07412650663843667,10085.810917377472
1e-05,144,p5,A2,0.3686091371338718,0.7439,-0.5044910107086009,0.07412650663843667,10085.810917377472
1e-05,144,p6,E2,50441.29426901191,40000.0,0.26103235672529773,0.07412650663843667,10085.810917377472
1e-05,144,p7,"K_ads,3",21433.676301581352,17197.0,0.24636135963140968,0.07412650663843667,10085.810917377472
1e-05,144,p8,"K_ads,4",126777.21664668265,124119.0,0.021416677919437358,0.07412650663843667,10085.810917377472
1e-05,144,p9,Inhibition / adsorption,94853.94252799796,98084.0,-0.03293154308553931,0.07412650663843667,10085.810917377472
1e-06,144,p1,A1,748.0548866375462,15672.02,-0.9522681258295008,0.09085856326215458,10496.367391347885
1e-06,144,p2,E1,1215.8565595970517,3453.38,-0.6479227424734458,0.09085856326215458,10496.367391347885
1e-06,144,p3,"K_ads,1",11.034936674029924,30.836,-0.6421411118812452,0.09085856326215458,10496.367391347885
1e-06,144,p4,"K_ads,2",204.6436186086085,558.532,-0.6336044871043942,0.09085856326215458,10496.367391347885
1e-06,144,p5,A2,0.2697135873919359,0.7439,-0.6374330052534805,0.09085856326215458,10496.367391347885
1e-06,144,p6,E2,43235.973522151966,40000.0,0.08089933805379915,0.09085856326215458,10496.367391347885
1e-06,144,p7,"K_ads,3",18313.137003961354,17197.0,0.06490300656866628,0.09085856326215458,10496.367391347885
1e-06,144,p8,"K_ads,4",124767.61572441943,124119.0,0.005225756930199508,0.09085856326215458,10496.367391347885
1e-06,144,p9,Inhibition / adsorption,97113.69935319177,98084.0,-0.009892547681662976,0.09085856326215458,10496.367391347885
1e-07,144,p1,A1,659.359953443593,15672.02,-0.9579275706996551,0.09465684026756144,12018.12916970253
1e-07,144,p2,E1,1160.24306652694,3453.38,-0.6640268182108716,0.09465684026756144,12018.12916970253
1e-07,144,p3,"K_ads,1",10.57284344936432,30.836,-0.6571266231234816,0.09465684026756144,12018.12916970253
1e-07,144,p4,"K_ads,2",196.4911244574457,558.532,-0.6482007755017695,0.09465684026756144,12018.12916970253
1e-07,144,p5,A2,0.2589986247539105,0.7439,-0.6518367727464572,0.09465684026756144,12018.12916970253
1e-07,144,p6,E2,43397.254153311966,40000.0,0.08493135383279914,0.09465684026756144,12018.12916970253
1e-07,144,p7,"K_ads,3",18361.076419269586,17197.0,0.06769066809731848,0.09465684026756144,12018.12916970253
1e-07,144,p8,"K_ads,4",124735.36657746775,124119.0,0.004965932512087192,0.09465684026756144,12018.12916970253
1e-07,144,p9,Inhibition / adsorption,96838.8611132859,98084.0,-0.012694617743098841,0.09465684026756144,12018.12916970253
1e-05,145,p1,A1,1436.2367289793629,15672.02,-0.9083566299060771,0.07663394610419487,11960.259375572205
1e-05,145,p2,E1,1489.5466487695257,3453.38,-0.5686699266314377,0.07663394610419487,11960.259375572205
1e-05,145,p3,"K_ads,1",13.823069966593073,30.836,-0.5517229872034934,0.07663394610419487,11960.259375572205
1e-05,145,p4,"K_ads,2",254.09239570768955,558.532,-0.5450710152548296,0.07663394610419487,11960.259375572205
1e-05,145,p5,A2,0.3357115253955789,0.7439,-0.5487141747606145,0.07663394610419487,11960.259375572205
1e-05,145,p6,E2,47532.38348213952,40000.0,0.18830958705348802,0.07663394610419487,11960.259375572205
1e-05,145,p7,"K_ads,3",20172.41186297395,17197.0,0.17301923957515553,0.07663394610419487,11960.259375572205
1e-05,145,p8,"K_ads,4",126052.39700181533,124119.0,0.01557696244584096,0.07663394610419487,11960.259375572205
1e-05,145,p9,Inhibition / adsorption,95551.25330557892,98084.0,-0.025822220692682554,0.07663394610419487,11960.259375572205
1e-06,145,p1,A1,2747.7078205406488,15672.02,-0.82467430359707,0.05293359531549075,11854.949942827225
1e-06,145,p2,E1,1892.2075922216366,3453.38,-0.4520708429939258,0.05293359531549075,11854.949942827225
1e-06,145,p3,"K_ads,1",17.183043335374236,30.836,-0.4427603017455494,0.05293359531549075,11854.949942827225
1e-06,145,p4,"K_ads,2",313.9130001194653,558.532,-0.4379677438007754,0.05293359531549075,11854.949942827225
1e-06,145,p5,A2,0.41661208027347485,0.7439,-0.4399622526233703,0.05293359531549075,11854.949942827225
1e-06,145,p6,E2,43066.96133513865,40000.0,0.07667403337846626,0.05293359531549075,11854.949942827225
1e-06,145,p7,"K_ads,3",18324.423575241522,17197.0,0.06555931704608493,0.05293359531549075,11854.949942827225
1e-06,145,p8,"K_ads,4",124880.52950362023,124119.0,0.006135478884137236,0.05293359531549075,11854.949942827225
1e-06,145,p9,Inhibition / adsorption,97111.34277980508,98084.0,-0.009916573755096822,0.05293359531549075,11854.949942827225
1e-07,145,p1,A1,3146.05438628214,15672.02,-0.7992566123395619,0.048604400646470064,10564.275027990341
1e-07,145,p2,E1,1988.2816937111245,3453.38,-0.42425053318455413,0.048604400646470064,10564.275027990341
1e-07,145,p3,"K_ads,1",17.97838841617632,30.836,-0.416967556875849,0.048604400646470064,10564.275027990341
1e-07,145,p4,"K_ads,2",328.2496784005933,558.532,-0.41229924444688343,0.048604400646470064,10564.275027990341
1e-07,145,p5,A2,0.43495823503652453,0.7439,-0.415300127656238,0.048604400646470064,10564.275027990341
1e-07,145,p6,E2,42517.423370535354,40000.0,0.06293558426338386,0.048604400646470064,10564.275027990341
1e-07,145,p7,"K_ads,3",18177.887219188717,17197.0,0.05703827523339633,0.048604400646470064,10564.275027990341
1e-07,145,p8,"K_ads,4",124704.25935387354,124119.0,0.004715308324056254,0.048604400646470064,10564.275027990341
1e-07,145,p9,Inhibition / adsorption,97304.78375288875,98084.0,-0.007944376729244865,0.048604400646470064,10564.275027990341
1e-05,146,p1,A1,1842.9325225876496,15672.02,-0.8824061912511821,0.06419585129273113,12028.189790010452
1e-05,146,p2,E1,1661.6531000846924,3453.38,-0.5188328246284243,0.06419585129273113,12028.189790010452
1e-05,146,p3,"K_ads,1",14.999842804433534,30.836,-0.513560682175589,0.06419585129273113,12028.189790010452
1e-05,146,p4,"K_ads,2",274.8559856601063,558.532,-0.5078957236826068,0.06419585129273113,12028.189790010452
1e-05,146,p5,A2,0.36427802419088284,0.7439,-0.5103131816226874,0.06419585129273113,12028.189790010452
1e-05,146,p6,E2,42716.63930929314,40000.0,0.06791598273232849,0.06419585129273113,12028.189790010452
1e-05,146,p7,"K_ads,3",18180.414833782474,17197.0,0.057185255206284445,0.06419585129273113,12028.189790010452
1e-05,146,p8,"K_ads,4",124779.18699474765,124119.0,0.005318984158329117,0.06419585129273113,12028.189790010452
1e-05,146,p9,Inhibition / adsorption,97370.83066655335,98084.0,-0.0072710058057038306,0.06419585129273113,12028.189790010452
1e-06,146,p1,A1,730.5501025467515,15672.02,-0.9533850708111175,0.09210774603718193,12011.973809957504
1e-06,146,p2,E1,1242.0464826738053,3453.38,-0.6403388903990278,0.09210774603718193,12011.973809957504
1e-06,146,p3,"K_ads,1",10.882241764434863,30.836,-0.6470929509523005,0.09210774603718193,12011.973809957504
1e-06,146,p4,"K_ads,2",202.8996956114772,558.532,-0.6367268202869716,0.09210774603718193,12011.973809957504
1e-06,146,p5,A2,0.2677933949607839,0.7439,-0.6400142560010971,0.09210774603718193,12011.973809957504
1e-06,146,p6,E2,36506.1911033547,40000.0,-0.08734522241613249,0.09210774603718193,12011.973809957504
1e-06,146,p7,"K_ads,3",15467.88488676878,17197.0,-0.10054748579584931,0.09210774603718193,12011.973809957504
1e-06,146,p8,"K_ads,4",123003.60437427262,124119.0,-0.008986501871005907,0.09210774603718193,12011.973809957504
1e-06,146,p9,Inhibition / adsorption,99083.88892945313,98084.0,0.01019421036512709,0.09210774603718193,12011.973809957504
1e-07,146,p1,A1,2051.3514302968497,15672.02,-0.8691074009414963,0.062230838640387975,12218.936173439026
1e-07,146,p2,E1,1709.3797230835396,3453.38,-0.5050125607134055,0.062230838640387975,12218.936173439026
1e-07,146,p3,"K_ads,1",15.570936163211691,30.836,-0.4950403371639742,0.062230838640387975,12218.936173439026
1e-07,146,p4,"K_ads,2",285.2316193684269,558.532,-0.48931910907803516,0.062230838640387975,12218.936173439026
1e-07,146,p5,A2,0.3776566796018431,0.7439,-0.4923287006293277,0.062230838640387975,12218.936173439026
1e-07,146,p6,E2,43945.68398037643,40000.0,0.09864209950941076,0.062230838640387975,12218.936173439026
1e-07,146,p7,"K_ads,3",18738.1129665707,17197.0,0.08961522164160617,0.062230838640387975,12218.936173439026
1e-07,146,p8,"K_ads,4",125052.39252361807,124119.0,0.00752014215082353,0.062230838640387975,12218.936173439026
1e-07,146,p9,Inhibition / adsorption,96838.3330556666,98084.0,-0.012700001471528444,0.062230838640387975,12218.936173439026
1e-05,147,p1,A1,1297.482369908565,15672.02,-0.9172102658171337,0.07366836359495223,12386.69037938118
1e-05,147,p2,E1,1482.311175914308,3453.38,-0.5707651124653794,0.07366836359495223,12386.69037938118
1e-05,147,p3,"K_ads,1",13.284300982157674,30.836,-0.5691950647892828,0.07366836359495223,12386.69037938118
1e-05,147,p4,"K_ads,2",245.40607967674057,558.532,-0.5606230624624184,0.07366836359495223,12386.69037938118
1e-05,147,p5,A2,0.323951394877949,0.7439,-0.5645229266326804,0.07366836359495223,12386.69037938118
1e-05,147,p6,E2,40655.19731434816,40000.0,0.01637993285870398,0.07366836359495223,12386.69037938118
1e-05,147,p7,"K_ads,3",17333.271890063523,17197.0,0.007924166428070171,0.07366836359495223,12386.69037938118
1e-05,147,p8,"K_ads,4",123928.9893021932,124119.0,-0.0015308751907992088,0.07366836359495223,12386.69037938118
1e-05,147,p9,Inhibition / adsorption,97832.3735558619,98084.0,-0.002565417847336021,0.07366836359495223,12386.69037938118
1e-06,147,p1,A1,1783.043082917892,15672.02,-0.8862276156540196,0.06469947094911348,12287.595042943954
1e-06,147,p2,E1,1639.5473100650925,3453.38,-0.5252340286718831,0.06469947094911348,12287.595042943954
1e-06,147,p3,"K_ads,1",14.81735975390678,30.836,-0.5194785395671689,0.06469947094911348,12287.595042943954
1e-06,147,p4,"K_ads,2",272.5557212422052,558.532,-0.5120141348352374,0.06469947094911348,12287.595042943954
1e-06,147,p5,A2,0.3602937850547431,0.7439,-0.5156690616282523,0.06469947094911348,12287.595042943954
1e-06,147,p6,E2,41904.36230429668,40000.0,0.04760905760741698,0.06469947094911348,12287.595042943954
1e-06,147,p7,"K_ads,3",17814.68075907577,17197.0,0.03591793679570685,0.06469947094911348,12287.595042943954
1e-06,147,p8,"K_ads,4",124436.86224273796,124119.0,0.0025609474998828513,0.06469947094911348,12287.595042943954
1e-06,147,p9,Inhibition / adsorption,97475.71311204927,98084.0,-0.006201693323587227,0.06469947094911348,12287.595042943954
1e-05,148,p1,A1,422.3748897703624,15672.02,-0.9730491098294691,0.11114488302368607,10317.285515785217
1e-05,148,p2,E1,979.1973055688813,3453.38,-0.7164524884116774,0.11114488302368607,10317.285515785217
1e-05,148,p3,"K_ads,1",9.087023008628558,30.836,-0.7053112268572916,0.11114488302368607,10317.285515785217
1e-05,148,p4,"K_ads,2",170.20968860584767,558.532,-0.6952552609235503,0.11114488302368607,10317.285515785217
1e-05,148,p5,A2,0.2231124899959623,0.7439,-0.7000773087834893,0.11114488302368607,10317.285515785217
1e-05,148,p6,E2,47927.45774454494,40000.0,0.19818644361362348,0.11114488302368607,10317.285515785217
1e-05,148,p7,"K_ads,3",20125.641895770532,17197.0,0.17029958107638146,0.11114488302368607,10317.285515785217
1e-05,148,p8,"K_ads,4",125900.60275190347,124119.0,0.014353988929200756,0.11114488302368607,10317.285515785217
1e-05,148,p9,Inhibition / adsorption,95469.73698455308,98084.0,-0.026653307526680423,0.11114488302368607,10317.285515785217
1e-06,148,p1,A1,2259.2063036564905,15672.02,-0.8558446005265122,0.05744219510231558,10987.537859678268
1e-06,148,p2,E1,1787.900367062125,3453.38,-0.48227522975689757,0.05744219510231558,10987.537859678268
1e-06,148,p3,"K_ads,1",16.048339283610407,30.836,-0.47955833170286655,0.05744219510231558,10987.537859678268
1e-06,148,p4,"K_ads,2",294.3370378222361,558.532,-0.47301669766058874,0.05744219510231558,10987.537859678268
1e-06,148,p5,A2,0.38984983704794957,0.7439,-0.4759378450760189,0.05744219510231558,10987.537859678268
1e-06,148,p6,E2,41241.93693013407,40000.0,0.03104842325335176,0.05744219510231558,10987.537859678268
1e-06,148,p7,"K_ads,3",17593.408462827105,17197.0,0.023051024180211946,0.05744219510231558,10987.537859678268
1e-06,148,p8,"K_ads,4",124335.55667513309,124119.0,0.0017447504018973054,0.05744219510231558,10987.537859678268
1e-06,148,p9,Inhibition / adsorption,97740.35053811132,98084.0,-0.003503624055795839,0.05744219510231558,10987.537859678268
1e-07,148,p1,A1,1032.347076561014,15672.02,-0.9341280143490747,0.0806575620204913,12462.370279073715
1e-07,148,p2,E1,1366.801164819918,3453.38,-0.6042135053715728,0.0806575620204913,12462.370279073715
1e-07,148,p3,"K_ads,1",12.301929843472285,30.836,-0.6010529950878101,0.0806575620204913,12462.370279073715
1e-07,148,p4,"K_ads,2",227.42033053945926,558.532,-0.592824886417503,0.0806575620204913,12462.370279073715
1e-07,148,p5,A2,0.3004041409458793,0.7439,-0.5961767160291984,0.0806575620204913,12462.370279073715
1e-07,148,p6,E2,41667.35103381175,40000.0,0.04168377584529371,0.0806575620204913,12462.370279073715
1e-07,148,p7,"K_ads,3",17698.653946982384,17197.0,0.029171015117891712,0.0806575620204913,12462.370279073715
1e-07,148,p8,"K_ads,4",124346.2483852041,124119.0,0.0018308912028303815,0.0806575620204913,12462.370279073715
1e-07,148,p9,Inhibition / adsorption,97562.90376106386,98084.0,-0.005312754770769315,0.0806575620204913,12462.370279073715
1e-05,149,p1,A1,1155.4593589219,15672.02,-0.9262724678170459,0.0819766809585545,12381.940733671188
1e-05,149,p2,E1,1376.151188062477,3453.38,-0.6015060062713987,0.0819766809585545,12381.940733671188
1e-05,149,p3,"K_ads,1",12.828721841187122,30.836,-0.5839693267224308,0.0819766809585545,12381.940733671188
1e-05,149,p4,"K_ads,2",237.06534244493983,558.532,-0.5755563827230314,0.0819766809585545,12381.940733671188
1e-05,149,p5,A2,0.31160381384475605,0.7439,-0.5811213686721924,0.0819766809585545,12381.940733671188
1e-05,149,p6,E2,47180.90918886104,40000.0,0.17952272972152605,0.0819766809585545,12381.940733671188
1e-05,149,p7,"K_ads,3",19854.532160900628,17197.0,0.15453463748913343,0.0819766809585545,12381.940733671188
1e-05,149,p8,"K_ads,4",125666.32155455787,124119.0,0.012466435876520689,0.0819766809585545,12381.940733671188
1e-05,149,p9,Inhibition / adsorption,95762.34434929231,98084.0,-0.02367007514689133,0.0819766809585545,12381.940733671188
1e-06,149,p1,A1,1286.3019953907424,15672.02,-0.9179236629744767,0.07959203645202524,12172.641461610794
1e-06,149,p2,E1,1438.7469710251976,3453.38,-0.5833800592390072,0.07959203645202524,12172.641461610794
1e-06,149,p3,"K_ads,1",13.335877084320275,30.836,-0.5675224709975265,0.07959203645202524,12172.641461610794
1e-06,149,p4,"K_ads,2",244.336425310671,558.532,-0.5625381798882232,0.07959203645202524,12172.641461610794
1e-06,149,p5,A2,0.3235391785621626,0.7439,-0.5650770553002251,0.07959203645202524,12172.641461610794
1e-06,149,p6,E2,47423.70316108018,40000.0,0.18559257902700446,0.07959203645202524,12172.641461610794
1e-06,149,p7,"K_ads,3",20192.51498807855,17197.0,0.17418822981209223,0.07959203645202524,12172.641461610794
1e-06,149,p8,"K_ads,4",126013.12756761862,124119.0,0.015260577088267063,0.07959203645202524,12172.641461610794
1e-06,149,p9,Inhibition / adsorption,95614.43527149224,98084.0,-0.025178058893476588,0.07959203645202524,12172.641461610794
1e-07,149,p1,A1,827.6548855365422,15672.02,-0.9471890103805035,0.08745152107838944,10798.574291944504
1e-07,149,p2,E1,1263.1157801710162,3453.38,-0.6342378249219559,0.08745152107838944,10798.574291944504
1e-07,149,p3,"K_ads,1",11.41853255503048,30.836,-0.6297012402701232,0.08745152107838944,10798.574291944504
1e-07,149,p4,"K_ads,2",211.48140618551318,558.532,-0.6213620594961199,0.08745152107838944,10798.574291944504
1e-07,149,p5,A2,0.2790348654573869,0.7439,-0.6249027215252225,0.08745152107838944,10798.574291944504
1e-07,149,p6,E2,42363.40141192389,40000.0,0.05908503529809732,0.08745152107838944,10798.574291944504
1e-07,149,p7,"K_ads,3",17982.641394506503,17197.0,0.04568479353994902,0.08745152107838944,10798.574291944504
1e-07,149,p8,"K_ads,4",124506.07521257944,124119.0,0.0031185814627852208,0.08745152107838944,10798.574291944504
1e-07,149,p9,Inhibition / adsorption,97342.8113430046,98084.0,-0.007556672413394571,0.08745152107838944,10798.574291944504
1e-05,150,p1,A1,1001.5597691477598,15672.02,-0.9360924903651374,0.08799857763387253,12390.05277633667
1e-05,150,p2,E1,1315.057403467179,3453.38,-0.6191970175691123,0.08799857763387253,12390.05277633667
1e-05,150,p3,"K_ads,1",12.257509910779236,30.836,-0.6024935169678546,0.08799857763387253,12390.05277633667
1e-05,150,p4,"K_ads,2",224.9573046768268,558.532,-0.597234706915939,0.08799857763387253,12390.05277633667
1e-05,150,p5,A2,0.2964194932654349,0.7439,-0.6015331452272686,0.08799857763387253,12390.05277633667
1e-05,150,p6,E2,48530.028756819986,40000.0,0.21325071892049963,0.08799857763387253,12390.05277633667
1e-05,150,p7,"K_ads,3",20654.69665348856,17197.0,0.20106394449546788,0.08799857763387253,12390.05277633667
1e-05,150,p8,"K_ads,4",126302.13173373259,124119.0,0.01758902129192621,0.08799857763387253,12390.05277633667
1e-05,150,p9,Inhibition / adsorption,95606.52538445036,98084.0,-0.025258702903120177,0.08799857763387253,12390.05277633667
1e-06,150,p1,A1,2814.4092675916713,15672.02,-0.8204182187368526,0.05352234062064188,12314.857134103775
1e-06,150,p2,E1,1899.128407889529,3453.38,-0.4500667728748273,0.05352234062064188,12314.857134103775
1e-06,150,p3,"K_ads,1",17.35410959794528,30.836,-0.43721268653699313,0.05352234062064188,12314.857134103775
1e-06,150,p4,"K_ads,2",316.51142016126835,558.532,-0.43331551251984074,0.05352234062064188,12314.857134103775
1e-06,150,p5,A2,0.42100446655967133,0.7439,-0.4340577139942582,0.05352234062064188,12314.857134103775
1e-06,150,p6,E2,44117.942286832586,40000.0,0.10294855717081464,0.05352234062064188,12314.857134103775
1e-06,150,p7,"K_ads,3",18866.50286429014,17197.0,0.09708105275862892,0.05352234062064188,12314.857134103775
1e-06,150,p8,"K_ads,4",125056.57504639588,124119.0,0.007553839834319347,0.05352234062064188,12314.857134103775
1e-06,150,p9,Inhibition / adsorption,96650.40938102468,98084.0,-0.014615947748616645,0.05352234062064188,12314.857134103775
1e-07,150,p1,A1,3371.87887973843,15672.02,-0.7848472066945786,0.060826176562944624,12415.248938083649
1e-07,150,p2,E1,1976.698853327499,3453.38,-0.4276045922176248,0.060826176562944624,12415.248938083649
1e-07,150,p3,"K_ads,1",18.50627553528794,30.836,-0.39984837413127705,0.060826176562944624,12415.248938083649
1e-07,150,p4,"K_ads,2",337.0458491483122,558.532,-0.3965505125072294,0.060826176562944624,12415.248938083649
1e-07,150,p5,A2,0.4476811663590124,0.7439,-0.398197114721048,0.060826176562944624,12415.248938083649
1e-07,150,p6,E2,50300.459779215744,40000.0,0.2575114944803936,0.060826176562944624,12415.248938083649
1e-07,150,p7,"K_ads,3",21598.737024383117,17197.0,0.25595958739216823,0.060826176562944624,12415.248938083649
1e-07,150,p8,"K_ads,4",126467.81596678898,124119.0,0.01892390340551394,0.060826176562944624,12415.248938083649
1e-07,150,p9,Inhibition / adsorption,94058.03306458346,98084.0,-0.041046112876886524,0.060826176562944624,12415.248938083649
